ISO-10303-21;
HEADER;
FILE_DESCRIPTION (( 'STEP AP214' ),
    '1' );
FILE_NAME ('Tumbler.STEP',
    '2026-07-28T16:42:53',
    ( '' ),
    ( '' ),
    'SwSTEP 2.0',
    'SolidWorks 2021',
    '' );
FILE_SCHEMA (( 'AUTOMOTIVE_DESIGN' ));
ENDSEC;

DATA;
#1 = ORIENTED_EDGE ( 'NONE', *, *, #174, .F. ) ;
#2 = EDGE_CURVE ( 'NONE', #1065, #642, #233, .T. ) ;
#3 = CIRCLE ( 'NONE', #1578, 20.12110889073134246 ) ;
#4 = EDGE_LOOP ( 'NONE', ( #986, #1450, #1303, #641, #1263, #827 ) ) ;
#5 = CYLINDRICAL_SURFACE ( 'NONE', #234, 1.500000000000000888 ) ;
#6 = CARTESIAN_POINT ( 'NONE',  ( 0.000000000000000000, 0.000000000000000000, 0.000000000000000000 ) ) ;
#7 = CARTESIAN_POINT ( 'NONE',  ( 0.000000000000000000, 44.23611111111111427, 0.000000000000000000 ) ) ;
#8 = ORIENTED_EDGE ( 'NONE', *, *, #1072, .T. ) ;
#9 = ORIENTED_EDGE ( 'NONE', *, *, #498, .F. ) ;
#10 = VECTOR ( 'NONE', #1597, 1000.000000000000000 ) ;
#11 = EDGE_CURVE ( 'NONE', #1441, #642, #1248, .T. ) ;
#12 = ORIENTED_EDGE ( 'NONE', *, *, #1259, .F. ) ;
#13 = DIRECTION ( 'NONE',  ( -0.000000000000000000, -1.000000000000000000, -0.000000000000000000 ) ) ;
#14 = LINE ( 'NONE', #1311, #1593 ) ;
#15 = DIRECTION ( 'NONE',  ( 9.666776664097836904E-17, 0.6139406135149205745, -0.7893522173763262151 ) ) ;
#16 = CARTESIAN_POINT ( 'NONE',  ( 0.000000000000000000, 20.00000000000000355, 0.000000000000000000 ) ) ;
#17 = ORIENTED_EDGE ( 'NONE', *, *, #916, .F. ) ;
#18 = AXIS2_PLACEMENT_3D ( 'NONE', #485, #221, #1609 ) ;
#19 = DIRECTION ( 'NONE',  ( 0.000000000000000000, 0.000000000000000000, -1.000000000000000000 ) ) ;
#20 = CARTESIAN_POINT ( 'NONE',  ( 2.510051254687392965E-15, 22.23611111111111427, -20.37499999999999645 ) ) ;
#21 = EDGE_CURVE ( 'NONE', #1090, #988, #372, .T. ) ;
#22 = FACE_OUTER_BOUND ( 'NONE', #667, .T. ) ;
#23 = CARTESIAN_POINT ( 'NONE',  ( 0.000000000000000000, 24.17409374381648846, 0.000000000000000000 ) ) ;
#24 = CIRCLE ( 'NONE', #847, 20.37499999999999645 ) ;
#25 = EDGE_LOOP ( 'NONE', ( #1105, #95, #1196, #368 ) ) ;
#26 = AXIS2_PLACEMENT_3D ( 'NONE', #1515, #369, #1385 ) ;
#27 = CLOSED_SHELL ( 'NONE', ( #1513, #913, #1095, #264, #141, #88, #1301, #296, #789, #1062, #728, #80, #308, #421, #331, #1462, #1423, #1210, #483, #253, #1530, #32, #151, #1282, #1591 ) ) ;
#28 = FACE_OUTER_BOUND ( 'NONE', #1017, .T. ) ;
#29 = DIRECTION ( 'NONE',  ( 0.000000000000000000, 1.000000000000000000, 0.000000000000000000 ) ) ;
#30 = CARTESIAN_POINT ( 'NONE',  ( 20.40354985062703008, 45.23611111111111427, 7.500000000000001776 ) ) ;
#31 = CARTESIAN_POINT ( 'NONE',  ( 0.000000000000000000, -1.052223366288350623E-15, 15.00000000000000000 ) ) ;
#32 = ADVANCED_FACE ( 'NONE', ( #108 ), #879, .F. ) ;
#33 = ORIENTED_EDGE ( 'NONE', *, *, #1072, .F. ) ;
#34 = LINE ( 'NONE', #960, #10 ) ;
#35 = CIRCLE ( 'NONE', #544, 2.500000000000000000 ) ;
#36 = CONICAL_SURFACE ( 'NONE', #599, 14.17971778146267603, 0.1243549945467618545 ) ;
#37 = DIRECTION ( 'NONE',  ( 0.000000000000000000, 0.000000000000000000, -1.000000000000000000 ) ) ;
#38 = DIRECTION ( 'NONE',  ( 8.659560562354948882E-17, -0.7071067811865463515, 0.7071067811865487940 ) ) ;
#39 = ORIENTED_EDGE ( 'NONE', *, *, #1031, .T. ) ;
#40 = CARTESIAN_POINT ( 'NONE',  ( 2.549188454623697764E-15, 24.14928679689865731, 20.81570340443090927 ) ) ;
#41 = FACE_OUTER_BOUND ( 'NONE', #514, .T. ) ;
#42 = ORIENTED_EDGE ( 'NONE', *, *, #534, .T. ) ;
#43 = EDGE_CURVE ( 'NONE', #324, #807, #1391, .T. ) ;
#44 = DIRECTION ( 'NONE',  ( 0.000000000000000000, 0.000000000000000000, -1.000000000000000000 ) ) ;
#45 = CONICAL_SURFACE ( 'NONE', #1326, 20.81570340443090927, 1.446441332248124212 ) ;
#46 = LINE ( 'NONE', #774, #1272 ) ;
#47 = ORIENTED_EDGE ( 'NONE', *, *, #377, .F. ) ;
#48 = LINE ( 'NONE', #286, #1555 ) ;
#49 = DIRECTION ( 'NONE',  ( -0.000000000000000000, -1.000000000000000000, -0.000000000000000000 ) ) ;
#50 = ORIENTED_EDGE ( 'NONE', *, *, #623, .T. ) ;
#51 = CARTESIAN_POINT ( 'NONE',  ( -5.000000000000000000, 46.23611111111111427, -1.000000000000000000 ) ) ;
#52 =( GEOMETRIC_REPRESENTATION_CONTEXT ( 3 ) GLOBAL_UNCERTAINTY_ASSIGNED_CONTEXT ( ( #217 ) ) GLOBAL_UNIT_ASSIGNED_CONTEXT ( ( #654, #917, #1154 ) ) REPRESENTATION_CONTEXT ( 'NONE', 'WORKASPACE' ) );
#53 = CIRCLE ( 'NONE', #1036, 22.74610889073134956 ) ;
#54 = EDGE_CURVE ( 'NONE', #202, #741, #258, .T. ) ;
#55 = ORIENTED_EDGE ( 'NONE', *, *, #1231, .T. ) ;
#56 = SURFACE_SIDE_STYLE ('',( #1286 ) ) ;
#57 = DIRECTION ( 'NONE',  ( 0.000000000000000000, 0.6139406135149205745, 0.7893522173763262151 ) ) ;
#58 = ORIENTED_EDGE ( 'NONE', *, *, #1250, .T. ) ;
#59 = CLOSED_SHELL ( 'NONE', ( #1565, #1491, #993, #119, #1215, #771, #275, #812 ) ) ;
#60 = DIRECTION ( 'NONE',  ( 0.000000000000000000, 1.000000000000000000, 0.000000000000000000 ) ) ;
#61 = FACE_OUTER_BOUND ( 'NONE', #701, .T. ) ;
#62 = ORIENTED_EDGE ( 'NONE', *, *, #994, .F. ) ;
#63 = DIRECTION ( 'NONE',  ( -1.000000000000000000, 0.000000000000000000, 0.000000000000000000 ) ) ;
#64 = CARTESIAN_POINT ( 'NONE',  ( 0.000000000000000000, 24.14928679689865731, 0.000000000000000000 ) ) ;
#65 = AXIS2_PLACEMENT_3D ( 'NONE', #461, #1214, #1372 ) ;
#66 = ORIENTED_EDGE ( 'NONE', *, *, #209, .F. ) ;
#67 = EDGE_CURVE ( 'NONE', #1212, #1645, #1273, .T. ) ;
#68 = CIRCLE ( 'NONE', #139, 23.24224782908818199 ) ;
#69 = VERTEX_POINT ( 'NONE', #1020 ) ;
#70 = CARTESIAN_POINT ( 'NONE',  ( 0.000000000000000000, 24.23611111111111072, -20.12110889073134246 ) ) ;
#71 = CARTESIAN_POINT ( 'NONE',  ( 3.570714214271427878, 46.73611111111111427, 1.000000000000000000 ) ) ;
#72 = AXIS2_PLACEMENT_3D ( 'NONE', #408, #1446, #1166 ) ;
#73 = DIRECTION ( 'NONE',  ( 0.000000000000000000, 0.000000000000000000, -1.000000000000000000 ) ) ;
#74 = PLANE ( 'NONE',  #851 ) ;
#75 = EDGE_LOOP ( 'NONE', ( #1270, #115, #76, #605 ) ) ;
#76 = ORIENTED_EDGE ( 'NONE', *, *, #674, .T. ) ;
#77 = DIRECTION ( 'NONE',  ( 0.000000000000000000, 1.000000000000000000, 0.000000000000000000 ) ) ;
#78 = CARTESIAN_POINT ( 'NONE',  ( 0.000000000000000000, 1.500000000000007105, 0.000000000000000000 ) ) ;
#79 = VECTOR ( 'NONE', #542, 1000.000000000000000 ) ;
#80 = ADVANCED_FACE ( 'NONE', ( #386 ), #887, .T. ) ;
#81 = VERTEX_POINT ( 'NONE', #1285 ) ;
#82 = ORIENTED_EDGE ( 'NONE', *, *, #398, .T. ) ;
#83 = CARTESIAN_POINT ( 'NONE',  ( 0.000000000000000000, 45.23611111111111427, 0.000000000000000000 ) ) ;
#84 = DIRECTION ( 'NONE',  ( 0.000000000000000000, 0.000000000000000000, -1.000000000000000000 ) ) ;
#85 = CONICAL_SURFACE ( 'NONE', #292, 16.49221778146268136, 0.9097531579442098559 ) ;
#86 = EDGE_CURVE ( 'NONE', #339, #1212, #746, .T. ) ;
#87 = SURFACE_SIDE_STYLE ('',( #479 ) ) ;
#88 = ADVANCED_FACE ( 'NONE', ( #28 ), #1080, .T. ) ;
#89 = ORIENTED_EDGE ( 'NONE', *, *, #1213, .T. ) ;
#90 = ORIENTED_EDGE ( 'NONE', *, *, #837, .T. ) ;
#91 = DIRECTION ( 'NONE',  ( 0.000000000000000000, 0.000000000000000000, 1.000000000000000000 ) ) ;
#92 = AXIS2_PLACEMENT_3D ( 'NONE', #1339, #1187, #44 ) ;
#93 = FACE_OUTER_BOUND ( 'NONE', #428, .T. ) ;
#94 = ORIENTED_EDGE ( 'NONE', *, *, #1012, .T. ) ;
#95 = ORIENTED_EDGE ( 'NONE', *, *, #147, .F. ) ;
#96 = CARTESIAN_POINT ( 'NONE',  ( 0.000000000000000000, 1.500000000000007105, 14.17971778146267603 ) ) ;
#97 = CARTESIAN_POINT ( 'NONE',  ( 0.000000000000000000, 45.23611111111111427, 0.000000000000000000 ) ) ;
#98 = AXIS2_PLACEMENT_3D ( 'NONE', #1290, #1277, #870 ) ;
#99 =( LENGTH_UNIT ( ) NAMED_UNIT ( * ) SI_UNIT ( .MILLI., .METRE. ) );
#100 = AXIS2_PLACEMENT_3D ( 'NONE', #453, #840, #601 ) ;
#101 = EDGE_CURVE ( 'NONE', #1634, #1519, #1041, .T. ) ;
#102 = ORIENTED_EDGE ( 'NONE', *, *, #273, .T. ) ;
#103 = EDGE_CURVE ( 'NONE', #1581, #556, #320, .T. ) ;
#104 = EDGE_CURVE ( 'NONE', #69, #1078, #814, .T. ) ;
#105 = AXIS2_PLACEMENT_3D ( 'NONE', #1646, #767, #744 ) ;
#106 = FACE_OUTER_BOUND ( 'NONE', #1600, .T. ) ;
#107 = DIRECTION ( 'NONE',  ( 0.000000000000000000, 0.000000000000000000, 1.000000000000000000 ) ) ;
#108 = FACE_OUTER_BOUND ( 'NONE', #1112, .T. ) ;
#109 = CARTESIAN_POINT ( 'NONE',  ( 0.000000000000000000, 1.500000000000007105, 0.000000000000000000 ) ) ;
#110 = DIRECTION ( 'NONE',  ( 0.000000000000000000, 0.000000000000000000, 1.000000000000000000 ) ) ;
#111 = CARTESIAN_POINT ( 'NONE',  ( 2.692793387770879749E-15, 47.23611111111111427, -21.98832667219403447 ) ) ;
#112 = CARTESIAN_POINT ( 'NONE',  ( 0.000000000000000000, 22.23611111111111427, 20.37499999999999645 ) ) ;
#113 = AXIS2_PLACEMENT_3D ( 'NONE', #1540, #527, #637 ) ;
#114 = VERTEX_POINT ( 'NONE', #438 ) ;
#115 = ORIENTED_EDGE ( 'NONE', *, *, #498, .T. ) ;
#116 = DIRECTION ( 'NONE',  ( 0.000000000000000000, 0.000000000000000000, -1.000000000000000000 ) ) ;
#117 = DIRECTION ( 'NONE',  ( 0.000000000000000000, -0.000000000000000000, 1.000000000000000000 ) ) ;
#118 = DIRECTION ( 'NONE',  ( 0.000000000000000000, 1.000000000000000000, 0.000000000000000000 ) ) ;
#119 = ADVANCED_FACE ( 'NONE', ( #1546 ), #240, .T. ) ;
#120 = ORIENTED_EDGE ( 'NONE', *, *, #1134, .T. ) ;
#121 = AXIS2_PLACEMENT_3D ( 'NONE', #1126, #903, #649 ) ;
#122 = CARTESIAN_POINT ( 'NONE',  ( 0.000000000000000000, 0.000000000000000000, -13.00000000000000178 ) ) ;
#123 = DIRECTION ( 'NONE',  ( 0.000000000000000000, 1.000000000000000000, 0.000000000000000000 ) ) ;
#124 = AXIS2_PLACEMENT_3D ( 'NONE', #1410, #1566, #37 ) ;
#125 = CARTESIAN_POINT ( 'NONE',  ( 0.000000000000000000, 45.23611111111111427, 0.000000000000000000 ) ) ;
#126 = VECTOR ( 'NONE', #379, 1000.000000000000114 ) ;
#127 = CARTESIAN_POINT ( 'NONE',  ( 1.836970198721029589E-15, -1.052223366288350623E-15, -15.00000000000000000 ) ) ;
#128 = FACE_OUTER_BOUND ( 'NONE', #940, .T. ) ;
#129 = ORIENTED_EDGE ( 'NONE', *, *, #994, .T. ) ;
#130 = EDGE_CURVE ( 'NONE', #1254, #1455, #1417, .T. ) ;
#131 = ORIENTED_EDGE ( 'NONE', *, *, #1178, .T. ) ;
#132 = STYLED_ITEM ( 'NONE', ( #995 ), #171 ) ;
#133 = ORIENTED_EDGE ( 'NONE', *, *, #962, .T. ) ;
#134 = FACE_OUTER_BOUND ( 'NONE', #1422, .T. ) ;
#135 = FACE_OUTER_BOUND ( 'NONE', #858, .T. ) ;
#136 = CARTESIAN_POINT ( 'NONE',  ( 2.870658239399879106E-15, 45.14928679689867153, -23.44070340443091993 ) ) ;
#137 = CARTESIAN_POINT ( 'NONE',  ( 1.530808498934191324E-15, 1.000000000000000000, 11.99999999999999645 ) ) ;
#138 = ORIENTED_EDGE ( 'NONE', *, *, #206, .T. ) ;
#139 = AXIS2_PLACEMENT_3D ( 'NONE', #1156, #29, #177 ) ;
#140 = AXIS2_PLACEMENT_3D ( 'NONE', #1302, #152, #407 ) ;
#141 = ADVANCED_FACE ( 'NONE', ( #457, #1583, #961 ), #1198, .T. ) ;
#142 = ORIENTED_EDGE ( 'NONE', *, *, #526, .F. ) ;
#143 = CARTESIAN_POINT ( 'NONE',  ( 0.000000000000000000, 24.23611111111111072, 20.12110889073134246 ) ) ;
#144 = FILL_AREA_STYLE ('',( #1387 ) ) ;
#145 = CARTESIAN_POINT ( 'NONE',  ( -14.00000000000000000, 47.23611111111111427, 3.500000000000000000 ) ) ;
#146 = ORIENTED_EDGE ( 'NONE', *, *, #147, .T. ) ;
#147 = EDGE_CURVE ( 'NONE', #69, #324, #1545, .T. ) ;
#148 = CIRCLE ( 'NONE', #1375, 20.12110889073134246 ) ;
#149 = EDGE_CURVE ( 'NONE', #1613, #651, #1165, .T. ) ;
#150 = CARTESIAN_POINT ( 'NONE',  ( -14.00000000000000000, 47.23611111111111427, 0.000000000000000000 ) ) ;
#151 = ADVANCED_FACE ( 'NONE', ( #825 ), #74, .T. ) ;
#152 = DIRECTION ( 'NONE',  ( -0.000000000000000000, -1.000000000000000000, -0.000000000000000000 ) ) ;
#153 = CARTESIAN_POINT ( 'NONE',  ( -1.192633633052845088, 48.09481304978699967, -0.3185730315444706418 ) ) ;
#154 = CARTESIAN_POINT ( 'NONE',  ( 0.000000000000000000, 47.23611111111111427, 23.50000000000000000 ) ) ;
#155 = VERTEX_POINT ( 'NONE', #1329 ) ;
#156 = CARTESIAN_POINT ( 'NONE',  ( 2.785594944609130334E-15, 45.23611111111111427, 22.74610889073134956 ) ) ;
#157 = DIRECTION ( 'NONE',  ( 0.000000000000000000, 0.000000000000000000, 1.000000000000000000 ) ) ;
#158 = PLANE ( 'NONE',  #1444 ) ;
#159 = ORIENTED_EDGE ( 'NONE', *, *, #1281, .T. ) ;
#160 = FACE_OUTER_BOUND ( 'NONE', #459, .T. ) ;
#161 = DIRECTION ( 'NONE',  ( 0.000000000000000000, 1.000000000000000000, 0.000000000000000000 ) ) ;
#162 = MANIFOLD_SOLID_BREP ( 'Cut-Extrude3', #27 ) ;
#163 = EDGE_LOOP ( 'NONE', ( #1188, #1465, #628, #919 ) ) ;
#164 = DIRECTION ( 'NONE',  ( 0.000000000000000000, 0.000000000000000000, 1.000000000000000000 ) ) ;
#165 = AXIS2_PLACEMENT_3D ( 'NONE', #484, #1113, #347 ) ;
#166 = PRESENTATION_STYLE_ASSIGNMENT (( #293 ) ) ;
#167 = LINE ( 'NONE', #432, #1331 ) ;
#168 = ORIENTED_EDGE ( 'NONE', *, *, #104, .F. ) ;
#169 = CARTESIAN_POINT ( 'NONE',  ( -3.488130890148788410, 46.82036295377013602, -0.8699702462329166330 ) ) ;
#170 = LINE ( 'NONE', #1076, #1651 ) ;
#171 = MANIFOLD_SOLID_BREP ( 'Revolve2', #59 ) ;
#172 = ORIENTED_EDGE ( 'NONE', *, *, #376, .F. ) ;
#173 = CARTESIAN_POINT ( 'NONE',  ( 0.000000000000000000, 20.00000000000000355, 0.000000000000000000 ) ) ;
#174 = EDGE_CURVE ( 'NONE', #175, #1172, #1554, .T. ) ;
#175 = VERTEX_POINT ( 'NONE', #1495 ) ;
#176 = VECTOR ( 'NONE', #793, 999.9999999999998863 ) ;
#177 = DIRECTION ( 'NONE',  ( 0.000000000000000000, 0.000000000000000000, -1.000000000000000000 ) ) ;
#178 = ORIENTED_EDGE ( 'NONE', *, *, #673, .T. ) ;
#179 = DIRECTION ( 'NONE',  ( 0.000000000000000000, 1.000000000000000000, 0.000000000000000000 ) ) ;
#180 = DIRECTION ( 'NONE',  ( 0.000000000000000000, 0.000000000000000000, -1.000000000000000000 ) ) ;
#181 = ORIENTED_EDGE ( 'NONE', *, *, #1155, .T. ) ;
#182 = DIRECTION ( 'NONE',  ( 0.000000000000000000, 0.000000000000000000, 1.000000000000000000 ) ) ;
#183 = CARTESIAN_POINT ( 'NONE',  ( -3.036804293254693476, 47.21303516924981380, 0.5260941348668475293 ) ) ;
#184 = AXIS2_PLACEMENT_3D ( 'NONE', #250, #123, #1242 ) ;
#185 = ORIENTED_EDGE ( 'NONE', *, *, #895, .T. ) ;
#186 = CARTESIAN_POINT ( 'NONE',  ( 0.000000000000000000, 20.00000000000000355, 0.000000000000000000 ) ) ;
#187 = EDGE_LOOP ( 'NONE', ( #1279, #690 ) ) ;
#188 = AXIS2_PLACEMENT_3D ( 'NONE', #781, #1341, #943 ) ;
#189 = CARTESIAN_POINT ( 'NONE',  ( 1.736514599388107269E-15, 1.500000000000007105, -14.17971778146267603 ) ) ;
#190 = FACE_OUTER_BOUND ( 'NONE', #460, .T. ) ;
#191 = DIRECTION ( 'NONE',  ( 0.000000000000000000, 0.000000000000000000, 1.000000000000000000 ) ) ;
#192 = FILL_AREA_STYLE_COLOUR ( '', #1167 ) ;
#193 = CONICAL_SURFACE ( 'NONE', #1390, 22.74610889073134956, 1.446441332248133982 ) ;
#194 = ORIENTED_EDGE ( 'NONE', *, *, #1317, .F. ) ;
#195 = ADVANCED_FACE ( 'NONE', ( #1103 ), #85, .F. ) ;
#196 = VECTOR ( 'NONE', #63, 1000.000000000000000 ) ;
#197 = ORIENTED_EDGE ( 'NONE', *, *, #567, .F. ) ;
#198 = AXIS2_PLACEMENT_3D ( 'NONE', #1654, #901, #759 ) ;
#199 = CARTESIAN_POINT ( 'NONE',  ( -14.00000000000000000, 28.23611111111111427, 0.000000000000000000 ) ) ;
#200 = CARTESIAN_POINT ( 'NONE',  ( 0.000000000000000000, 24.23611111111111072, 20.12110889073134246 ) ) ;
#201 = AXIS2_PLACEMENT_3D ( 'NONE', #297, #784, #434 ) ;
#202 = VERTEX_POINT ( 'NONE', #848 ) ;
#203 = EDGE_LOOP ( 'NONE', ( #1562, #449 ) ) ;
#204 = EDGE_CURVE ( 'NONE', #1389, #1445, #3, .T. ) ;
#205 = DIRECTION ( 'NONE',  ( -0.000000000000000000, 1.000000000000000000, -0.000000000000000000 ) ) ;
#206 = EDGE_CURVE ( 'NONE', #865, #749, #266, .T. ) ;
#207 = CARTESIAN_POINT ( 'NONE',  ( 2.709923347011788829E-15, 24.14928679689865731, -20.81570340443090927 ) ) ;
#208 = AXIS2_PLACEMENT_3D ( 'NONE', #705, #445, #1550 ) ;
#209 = EDGE_CURVE ( 'NONE', #1172, #523, #1579, .T. ) ;
#210 = VERTEX_POINT ( 'NONE', #400 ) ;
#211 = EDGE_LOOP ( 'NONE', ( #550, #1414, #680, #687 ) ) ;
#212 = CARTESIAN_POINT ( 'NONE',  ( 5.000000000000000000, 46.23611111111111427, 1.000000000000000000 ) ) ;
#213 = CARTESIAN_POINT ( 'NONE',  ( 2.549188454623697764E-15, 24.14928679689865731, 20.81570340443090927 ) ) ;
#214 =( GEOMETRIC_REPRESENTATION_CONTEXT ( 3 ) GLOBAL_UNCERTAINTY_ASSIGNED_CONTEXT ( ( #987 ) ) GLOBAL_UNIT_ASSIGNED_CONTEXT ( ( #589, #1641, #487 ) ) REPRESENTATION_CONTEXT ( 'NONE', 'WORKASPACE' ) );
#215 = PRESENTATION_STYLE_ASSIGNMENT (( #856 ) ) ;
#216 = ORIENTED_EDGE ( 'NONE', *, *, #1630, .F. ) ;
#217 = UNCERTAINTY_MEASURE_WITH_UNIT (LENGTH_MEASURE( 1.000000000000000082E-05 ), #654, 'distance_accuracy_value', 'NONE');
#218 = ORIENTED_EDGE ( 'NONE', *, *, #1178, .F. ) ;
#219 = DIRECTION ( 'NONE',  ( -1.000000000000000000, 0.000000000000000000, 0.000000000000000000 ) ) ;
#220 = AXIS2_PLACEMENT_3D ( 'NONE', #677, #1054, #1563 ) ;
#221 = DIRECTION ( 'NONE',  ( 0.000000000000000000, 1.000000000000000000, 0.000000000000000000 ) ) ;
#222 = VECTOR ( 'NONE', #501, 1000.000000000000000 ) ;
#223 = EDGE_CURVE ( 'NONE', #773, #633, #1426, .T. ) ;
#224 = EDGE_CURVE ( 'NONE', #351, #1121, #876, .T. ) ;
#225 = EDGE_LOOP ( 'NONE', ( #703, #1209, #1318, #1152 ) ) ;
#226 = LINE ( 'NONE', #1028, #1492 ) ;
#227 = DIRECTION ( 'NONE',  ( 1.215189925582124714E-16, -0.1240347345892096331, 0.9922778767136674061 ) ) ;
#228 = CIRCLE ( 'NONE', #813, 3.500000000000000000 ) ;
#229 = VECTOR ( 'NONE', #1494, 1000.000000000000114 ) ;
#230 = EDGE_CURVE ( 'NONE', #1590, #1352, #475, .T. ) ;
#231 = ORIENTED_EDGE ( 'NONE', *, *, #398, .F. ) ;
#232 = PRODUCT_DEFINITION_FORMATION_WITH_SPECIFIED_SOURCE ( 'ANY', '', #1471, .NOT_KNOWN. ) ;
#233 = LINE ( 'NONE', #743, #404 ) ;
#234 = AXIS2_PLACEMENT_3D ( 'NONE', #620, #629, #1257 ) ;
#235 = CARTESIAN_POINT ( 'NONE',  ( 0.000000000000000000, 24.14928679689865731, 20.81570340443090927 ) ) ;
#236 = DIRECTION ( 'NONE',  ( 0.000000000000000000, 0.000000000000000000, -1.000000000000000000 ) ) ;
#237 = DIRECTION ( 'NONE',  ( 0.000000000000000000, -1.000000000000000000, -0.000000000000000000 ) ) ;
#238 = PLANE ( 'NONE',  #121 ) ;
#239 = ORIENTED_EDGE ( 'NONE', *, *, #1201, .T. ) ;
#240 = CONICAL_SURFACE ( 'NONE', #1408, 22.74610889073134956, 1.446441332248133982 ) ;
#241 = ORIENTED_EDGE ( 'NONE', *, *, #1085, .T. ) ;
#242 = CARTESIAN_POINT ( 'NONE',  ( 2.506656807228323181E-15, 24.23611111111111072, 20.12110889073134246 ) ) ;
#243 = EDGE_CURVE ( 'NONE', #633, #391, #1533, .T. ) ;
#244 = PLANE ( 'NONE',  #1232 ) ;
#245 = DIRECTION ( 'NONE',  ( 0.000000000000000000, 0.000000000000000000, -1.000000000000000000 ) ) ;
#246 = VECTOR ( 'NONE', #966, 1000.000000000000000 ) ;
#247 = DIRECTION ( 'NONE',  ( 0.000000000000000000, -0.1240347345892193753, -0.9922778767136664069 ) ) ;
#248 = EDGE_LOOP ( 'NONE', ( #488, #359, #676, #385 ) ) ;
#249 = CARTESIAN_POINT ( 'NONE',  ( -14.00000000000000000, 47.23611111111111427, 3.500000000000000000 ) ) ;
#250 = CARTESIAN_POINT ( 'NONE',  ( 0.000000000000000000, -1.052223366288350623E-15, 0.000000000000000000 ) ) ;
#251 = DIRECTION ( 'NONE',  ( 0.000000000000000000, 0.000000000000000000, 1.000000000000000000 ) ) ;
#252 = EDGE_CURVE ( 'NONE', #1519, #651, #1003, .T. ) ;
#253 = ADVANCED_FACE ( 'NONE', ( #625 ), #238, .F. ) ;
#254 = DIRECTION ( 'NONE',  ( 0.000000000000000000, 0.000000000000000000, 1.000000000000000000 ) ) ;
#255 = DIRECTION ( 'NONE',  ( 0.000000000000000000, 0.000000000000000000, -1.000000000000000000 ) ) ;
#256 = AXIS2_PLACEMENT_3D ( 'NONE', #23, #1269, #390 ) ;
#257 = VERTEX_POINT ( 'NONE', #1141 ) ;
#258 = LINE ( 'NONE', #395, #1338 ) ;
#259 = CARTESIAN_POINT ( 'NONE',  ( -5.000000000000000000, 46.23611111111111427, 1.000000000000000000 ) ) ;
#260 = CARTESIAN_POINT ( 'NONE',  ( 0.000000000000000000, 45.14928679689867153, 0.000000000000000000 ) ) ;
#261 = FACE_OUTER_BOUND ( 'NONE', #1551, .T. ) ;
#262 = PLANE ( 'NONE',  #98 ) ;
#263 = VERTEX_POINT ( 'NONE', #755 ) ;
#264 = ADVANCED_FACE ( 'NONE', ( #1388 ), #283, .T. ) ;
#265 = VECTOR ( 'NONE', #515, 1000.000000000000000 ) ;
#266 = CIRCLE ( 'NONE', #951, 20.37499999999999645 ) ;
#267 = DIRECTION ( 'NONE',  ( 0.000000000000000000, 0.000000000000000000, -1.000000000000000000 ) ) ;
#268 = LINE ( 'NONE', #1647, #222 ) ;
#269 = SURFACE_SIDE_STYLE ('',( #1412 ) ) ;
#270 = FACE_BOUND ( 'NONE', #1246, .T. ) ;
#271 = AXIS2_PLACEMENT_3D ( 'NONE', #1483, #845, #580 ) ;
#272 = EDGE_LOOP ( 'NONE', ( #285, #835 ) ) ;
#273 = EDGE_CURVE ( 'NONE', #324, #69, #228, .T. ) ;
#274 = VECTOR ( 'NONE', #1200, 1000.000000000000000 ) ;
#275 = ADVANCED_FACE ( 'NONE', ( #383 ), #392, .F. ) ;
#276 = AXIS2_PLACEMENT_3D ( 'NONE', #212, #991, #1106 ) ;
#277 = CARTESIAN_POINT ( 'NONE',  ( 0.000000000000000000, 44.23611111111111427, 21.61332667219403447 ) ) ;
#278 = CARTESIAN_POINT ( 'NONE',  ( 0.000000000000000000, 20.00000000000000355, 0.000000000000000000 ) ) ;
#279 = CARTESIAN_POINT ( 'NONE',  ( -0.3458661286427144876, 48.23616130051615869, -0.3351810697420438134 ) ) ;
#280 = LINE ( 'NONE', #1058, #313 ) ;
#281 = ORIENTED_EDGE ( 'NONE', *, *, #1111, .T. ) ;
#282 = CARTESIAN_POINT ( 'NONE',  ( 0.000000000000000000, 45.23611111111111427, 0.000000000000000000 ) ) ;
#283 = CONICAL_SURFACE ( 'NONE', #364, 21.61332667219403447, 0.1243549945467614382 ) ;
#284 = FACE_OUTER_BOUND ( 'NONE', #975, .T. ) ;
#285 = ORIENTED_EDGE ( 'NONE', *, *, #1342, .F. ) ;
#286 = CARTESIAN_POINT ( 'NONE',  ( 0.000000000000000000, 20.00000000000000355, 16.49221778146268136 ) ) ;
#287 = DIRECTION ( 'NONE',  ( -0.000000000000000000, -1.000000000000000000, -0.000000000000000000 ) ) ;
#288 = COLOUR_RGB ( '',0.7921568627450980005, 0.8196078431372548767, 0.9333333333333333481 ) ;
#289 = ORIENTED_EDGE ( 'NONE', *, *, #1359, .T. ) ;
#290 = CARTESIAN_POINT ( 'NONE',  ( 0.000000000000000000, 47.23611111111111427, 0.000000000000000000 ) ) ;
#291 = VECTOR ( 'NONE', #1153, 1000.000000000000000 ) ;
#292 = AXIS2_PLACEMENT_3D ( 'NONE', #1217, #616, #969 ) ;
#293 = SURFACE_STYLE_USAGE ( .BOTH. , #56 ) ;
#294 = CARTESIAN_POINT ( 'NONE',  ( 2.662177217792195962E-15, 45.23611111111111427, -21.73832667219403447 ) ) ;
#295 = ORIENTED_EDGE ( 'NONE', *, *, #1553, .T. ) ;
#296 = ADVANCED_FACE ( 'NONE', ( #1657, #1543 ), #513, .T. ) ;
#297 = CARTESIAN_POINT ( 'NONE',  ( 0.000000000000000000, 45.14928679689867153, 0.000000000000000000 ) ) ;
#298 = CARTESIAN_POINT ( 'NONE',  ( 0.000000000000000000, 0.000000000000000000, 0.000000000000000000 ) ) ;
#299 = ORIENTED_EDGE ( 'NONE', *, *, #1061, .F. ) ;
#300 = CARTESIAN_POINT ( 'NONE',  ( -3.467816314587208737, 46.84108796625999815, 0.8379843787929025511 ) ) ;
#301 = AXIS2_PLACEMENT_3D ( 'NONE', #823, #1206, #73 ) ;
#302 = AXIS2_PLACEMENT_3D ( 'NONE', #6, #1132, #517 ) ;
#303 = ORIENTED_EDGE ( 'NONE', *, *, #252, .F. ) ;
#304 = CARTESIAN_POINT ( 'NONE',  ( 0.000000000000000000, -1.052223366288350623E-15, 0.000000000000000000 ) ) ;
#305 = VERTEX_POINT ( 'NONE', #1403 ) ;
#306 = DIRECTION ( 'NONE',  ( 0.000000000000000000, 0.000000000000000000, 1.000000000000000000 ) ) ;
#307 = LINE ( 'NONE', #31, #79 ) ;
#308 = ADVANCED_FACE ( 'NONE', ( #1016 ), #365, .F. ) ;
#309 = ORIENTED_EDGE ( 'NONE', *, *, #949, .F. ) ;
#310 = CARTESIAN_POINT ( 'NONE',  ( 2.464125159832948598E-15, 24.23611111111111072, -20.12110889073134246 ) ) ;
#311 = DIRECTION ( 'NONE',  ( -0.000000000000000000, 0.000000000000000000, -1.000000000000000000 ) ) ;
#312 = ORIENTED_EDGE ( 'NONE', *, *, #1620, .F. ) ;
#313 = VECTOR ( 'NONE', #1448, 1000.000000000000114 ) ;
#314 = LINE ( 'NONE', #817, #274 ) ;
#315 = ORIENTED_EDGE ( 'NONE', *, *, #328, .F. ) ;
#316 = CARTESIAN_POINT ( 'NONE',  ( -3.032975942631386701, 47.21461708772834953, -0.5300822408215098980 ) ) ;
#317 = DIRECTION ( 'NONE',  ( 0.000000000000000000, 0.000000000000000000, -1.000000000000000000 ) ) ;
#318 = CYLINDRICAL_SURFACE ( 'NONE', #301, 3.500000000000000000 ) ;
#319 =( GEOMETRIC_REPRESENTATION_CONTEXT ( 3 ) GLOBAL_UNCERTAINTY_ASSIGNED_CONTEXT ( ( #1489 ) ) GLOBAL_UNIT_ASSIGNED_CONTEXT ( ( #660, #532, #1189 ) ) REPRESENTATION_CONTEXT ( 'NONE', 'WORKASPACE' ) );
#320 = LINE ( 'NONE', #1605, #615 ) ;
#321 = AXIS2_PLACEMENT_3D ( 'NONE', #109, #1122, #1006 ) ;
#322 = EDGE_CURVE ( 'NONE', #651, #1613, #1218, .T. ) ;
#323 = ORIENTED_EDGE ( 'NONE', *, *, #1260, .F. ) ;
#324 = VERTEX_POINT ( 'NONE', #145 ) ;
#325 = AXIS2_PLACEMENT_3D ( 'NONE', #329, #1088, #531 ) ;
#326 = FACE_OUTER_BOUND ( 'NONE', #980, .T. ) ;
#327 = LINE ( 'NONE', #1348, #229 ) ;
#328 = EDGE_CURVE ( 'NONE', #1482, #210, #1536, .T. ) ;
#329 = CARTESIAN_POINT ( 'NONE',  ( 0.000000000000000000, 24.23611111111111072, 0.000000000000000000 ) ) ;
#330 = ADVANCED_FACE ( 'NONE', ( #128 ), #450, .F. ) ;
#331 = ADVANCED_FACE ( 'NONE', ( #270, #894 ), #262, .T. ) ;
#332 = ORIENTED_EDGE ( 'NONE', *, *, #983, .T. ) ;
#333 = EDGE_LOOP ( 'NONE', ( #281, #964 ) ) ;
#334 = VECTOR ( 'NONE', #397, 1000.000000000000000 ) ;
#335 = CARTESIAN_POINT ( 'NONE',  ( 0.000000000000000000, 45.23611111111111427, 21.73832667219403447 ) ) ;
#336 = LINE ( 'NONE', #1623, #366 ) ;
#337 = CARTESIAN_POINT ( 'NONE',  ( 1.285745064851923969, 48.07500902357239170, 0.3156611409496501430 ) ) ;
#338 = EDGE_LOOP ( 'NONE', ( #1467, #1473, #482 ) ) ;
#339 = VERTEX_POINT ( 'NONE', #137 ) ;
#340 = CARTESIAN_POINT ( 'NONE',  ( 2.494504907972501759E-15, 24.23611111111111072, 20.12110889073134246 ) ) ;
#341 = CARTESIAN_POINT ( 'NONE',  ( -20.40354985062703719, 45.23611111111111427, -7.500000000000000000 ) ) ;
#342 = VECTOR ( 'NONE', #1518, 1000.000000000000000 ) ;
#343 = CARTESIAN_POINT ( 'NONE',  ( 0.000000000000000000, 22.23611111111111427, 0.000000000000000000 ) ) ;
#344 = AXIS2_PLACEMENT_3D ( 'NONE', #1608, #592, #1615 ) ;
#345 = VERTEX_POINT ( 'NONE', #785 ) ;
#346 = ORIENTED_EDGE ( 'NONE', *, *, #613, .T. ) ;
#347 = DIRECTION ( 'NONE',  ( 0.000000000000000000, 0.000000000000000000, -1.000000000000000000 ) ) ;
#348 = CARTESIAN_POINT ( 'NONE',  ( 0.000000000000000000, 24.14928679689865731, 0.000000000000000000 ) ) ;
#349 = EDGE_CURVE ( 'NONE', #1581, #1480, #1087, .T. ) ;
#350 = ORIENTED_EDGE ( 'NONE', *, *, #454, .F. ) ;
#351 = VERTEX_POINT ( 'NONE', #948 ) ;
#352 = CONICAL_SURFACE ( 'NONE', #1204, 20.12110889073134246, 0.1243549945467618406 ) ;
#353 = DIRECTION ( 'NONE',  ( 0.000000000000000000, 1.000000000000000000, 0.000000000000000000 ) ) ;
#354 = CIRCLE ( 'NONE', #802, 21.61332667219403447 ) ;
#355 = DIRECTION ( 'NONE',  ( 0.000000000000000000, 0.000000000000000000, 1.000000000000000000 ) ) ;
#356 = CONICAL_SURFACE ( 'NONE', #302, 13.00000000000000178, 0.7853981633974500554 ) ;
#357 = CONICAL_SURFACE ( 'NONE', #494, 20.81570340443090927, 1.446441332248124212 ) ;
#358 = EDGE_CURVE ( 'NONE', #1327, #1455, #1109, .T. ) ;
#359 = ORIENTED_EDGE ( 'NONE', *, *, #604, .T. ) ;
#360 = ORIENTED_EDGE ( 'NONE', *, *, #1280, .T. ) ;
#361 = DIRECTION ( 'NONE',  ( 0.000000000000000000, 0.000000000000000000, -1.000000000000000000 ) ) ;
#362 = CARTESIAN_POINT ( 'NONE',  ( 5.000000000000000000, 46.23611111111111427, 1.000000000000000000 ) ) ;
#363 = CARTESIAN_POINT ( 'NONE',  ( 0.000000000000000000, 45.23611111111111427, 0.000000000000000000 ) ) ;
#364 = AXIS2_PLACEMENT_3D ( 'NONE', #7, #632, #373 ) ;
#365 = PLANE ( 'NONE',  #715 ) ;
#366 = VECTOR ( 'NONE', #737, 1000.000000000000000 ) ;
#367 = EDGE_CURVE ( 'NONE', #1445, #1389, #148, .T. ) ;
#368 = ORIENTED_EDGE ( 'NONE', *, *, #1342, .T. ) ;
#369 = DIRECTION ( 'NONE',  ( -0.000000000000000000, -1.000000000000000000, -0.000000000000000000 ) ) ;
#370 = FACE_OUTER_BOUND ( 'NONE', #338, .T. ) ;
#371 = DIRECTION ( 'NONE',  ( 1.518987406977657433E-17, 0.9922778767136676281, -0.1240347345892085368 ) ) ;
#372 = CIRCLE ( 'NONE', #1382, 2.500000000000000000 ) ;
#373 = DIRECTION ( 'NONE',  ( 0.000000000000000000, 0.000000000000000000, 1.000000000000000000 ) ) ;
#374 = EDGE_LOOP ( 'NONE', ( #332, #346, #39, #1528 ) ) ;
#375 = ADVANCED_BREP_SHAPE_REPRESENTATION ( 'Tumbler', ( #171, #1223, #162, #956 ), #319 ) ;
#376 = EDGE_CURVE ( 'NONE', #1445, #1558, #280, .T. ) ;
#377 = EDGE_CURVE ( 'NONE', #865, #1482, #170, .T. ) ;
#378 = DIRECTION ( 'NONE',  ( -0.000000000000000000, 0.000000000000000000, -1.000000000000000000 ) ) ;
#379 = DIRECTION ( 'NONE',  ( 0.000000000000000000, -0.1240347345892096331, -0.9922778767136674061 ) ) ;
#380 = DIRECTION ( 'NONE',  ( 0.000000000000000000, 1.000000000000000000, 0.000000000000000000 ) ) ;
#381 = CARTESIAN_POINT ( 'NONE',  ( -5.000000000000000000, 46.73611111111111427, 1.000000000000000000 ) ) ;
#382 = MECHANICAL_DESIGN_GEOMETRIC_PRESENTATION_REPRESENTATION (  '', ( #750 ), #1046 ) ;
#383 = FACE_OUTER_BOUND ( 'NONE', #524, .T. ) ;
#384 = CONICAL_SURFACE ( 'NONE', #1315, 20.12110889073134246, 0.1243549945467618406 ) ;
#385 = ORIENTED_EDGE ( 'NONE', *, *, #673, .F. ) ;
#386 = FACE_OUTER_BOUND ( 'NONE', #1136, .T. ) ;
#387 = LINE ( 'NONE', #1119, #126 ) ;
#388 = CARTESIAN_POINT ( 'NONE',  ( 0.000000000000000000, 45.14928679689867153, 23.44070340443091993 ) ) ;
#389 = CARTESIAN_POINT ( 'NONE',  ( 0.000000000000000000, 21.80198954004889345, 0.000000000000000000 ) ) ;
#390 = DIRECTION ( 'NONE',  ( 0.000000000000000000, 0.000000000000000000, -1.000000000000000000 ) ) ;
#391 = VERTEX_POINT ( 'NONE', #154 ) ;
#392 = CONICAL_SURFACE ( 'NONE', #1157, 20.81570340443090927, 1.446441332248124212 ) ;
#393 = ORIENTED_EDGE ( 'NONE', *, *, #719, .T. ) ;
#394 = VECTOR ( 'NONE', #588, 1000.000000000000227 ) ;
#395 = CARTESIAN_POINT ( 'NONE',  ( -5.000000000000000000, 46.73611111111111427, 1.000000000000000000 ) ) ;
#396 = CARTESIAN_POINT ( 'NONE',  ( 0.000000000000000000, 1.500000000000007105, 14.17971778146267603 ) ) ;
#397 = DIRECTION ( 'NONE',  ( 0.000000000000000000, 1.000000000000000000, 0.000000000000000000 ) ) ;
#398 = EDGE_CURVE ( 'NONE', #973, #305, #307, .T. ) ;
#399 = CARTESIAN_POINT ( 'NONE',  ( -2.871367071893038414, 47.33492201854173942, 0.4631103708448362499 ) ) ;
#400 = CARTESIAN_POINT ( 'NONE',  ( 0.000000000000000000, 24.17409374381648846, 20.61724782908816778 ) ) ;
#401 = EDGE_CURVE ( 'NONE', #1355, #1645, #1603, .T. ) ;
#402 = PRODUCT_DEFINITION ( 'UNKNOWN', '', #232, #852 ) ;
#403 = EDGE_LOOP ( 'NONE', ( #1429, #928, #1614, #393 ) ) ;
#404 = VECTOR ( 'NONE', #1005, 1000.000000000000000 ) ;
#405 = DIRECTION ( 'NONE',  ( 0.000000000000000000, 1.000000000000000000, 0.000000000000000000 ) ) ;
#406 = DIRECTION ( 'NONE',  ( 1.000000000000000000, 0.000000000000000000, 0.000000000000000000 ) ) ;
#407 = DIRECTION ( 'NONE',  ( 0.000000000000000000, 0.000000000000000000, -1.000000000000000000 ) ) ;
#408 = CARTESIAN_POINT ( 'NONE',  ( 0.000000000000000000, 44.23611111111111427, 0.000000000000000000 ) ) ;
#409 = DIRECTION ( 'NONE',  ( 0.000000000000000000, -1.000000000000000000, -0.000000000000000000 ) ) ;
#410 = VECTOR ( 'NONE', #769, 1000.000000000000000 ) ;
#411 = ORIENTED_EDGE ( 'NONE', *, *, #1135, .T. ) ;
#412 = AXIS2_PLACEMENT_3D ( 'NONE', #186, #702, #182 ) ;
#413 = DIRECTION ( 'NONE',  ( 0.000000000000000000, -1.000000000000000000, 0.000000000000000000 ) ) ;
#414 = ORIENTED_EDGE ( 'NONE', *, *, #1564, .T. ) ;
#415 = CARTESIAN_POINT ( 'NONE',  ( 20.40354985062703719, 45.23611111111111427, -7.500000000000000000 ) ) ;
#416 = DIRECTION ( 'NONE',  ( 0.000000000000000000, -1.000000000000000000, 0.000000000000000000 ) ) ;
#417 = ORIENTED_EDGE ( 'NONE', *, *, #377, .T. ) ;
#418 = CARTESIAN_POINT ( 'NONE',  ( -3.570714214271429654, 46.73611111111111427, -1.000000000000000000 ) ) ;
#419 = EDGE_CURVE ( 'NONE', #642, #899, #1175, .T. ) ;
#420 = AXIS2_PLACEMENT_3D ( 'NONE', #821, #409, #180 ) ;
#421 = ADVANCED_FACE ( 'NONE', ( #921 ), #1595, .T. ) ;
#422 = APPLICATION_PROTOCOL_DEFINITION ( 'draft international standard', 'automotive_design', 1998, #1224 ) ;
#423 = FACE_OUTER_BOUND ( 'NONE', #1453, .T. ) ;
#424 = ORIENTED_EDGE ( 'NONE', *, *, #224, .F. ) ;
#425 = CARTESIAN_POINT ( 'NONE',  ( 3.488061733210832127, 46.82043350795908054, -0.8698613566998352198 ) ) ;
#426 = DIRECTION ( 'NONE',  ( 0.000000000000000000, 0.000000000000000000, -1.000000000000000000 ) ) ;
#427 = CONICAL_SURFACE ( 'NONE', #1655, 20.37499999999999645, 0.1243549945467615214 ) ;
#428 = EDGE_LOOP ( 'NONE', ( #299, #568, #295, #795 ) ) ;
#429 = DIRECTION ( 'NONE',  ( -1.000000000000000000, 0.000000000000000000, 0.000000000000000000 ) ) ;
#430 = CLOSED_SHELL ( 'NONE', ( #696, #195, #1594, #1211, #760, #881, #1481, #505, #470, #1434, #700, #1612, #1432, #1587, #473, #764, #974, #595, #507, #1449, #1118, #1639, #1463, #1010, #330, #1144 ) ) ;
#431 = EDGE_LOOP ( 'NONE', ( #131, #553, #538, #1219 ) ) ;
#432 = CARTESIAN_POINT ( 'NONE',  ( 1.592040838891559293E-15, 0.000000000000000000, 13.00000000000000178 ) ) ;
#433 = EDGE_LOOP ( 'NONE', ( #1362, #886, #1596, #722 ) ) ;
#434 = DIRECTION ( 'NONE',  ( 0.000000000000000000, 0.000000000000000000, -1.000000000000000000 ) ) ;
#435 = LINE ( 'NONE', #1042, #176 ) ;
#436 = EDGE_LOOP ( 'NONE', ( #1607, #810, #1599, #168 ) ) ;
#437 = DIRECTION ( 'NONE',  ( 0.000000000000000000, 0.000000000000000000, 1.000000000000000000 ) ) ;
#438 = CARTESIAN_POINT ( 'NONE',  ( 0.000000000000000000, 45.14928679689867153, -23.44070340443091993 ) ) ;
#439 = CIRCLE ( 'NONE', #1502, 21.73832667219403447 ) ;
#440 = ORIENTED_EDGE ( 'NONE', *, *, #1585, .F. ) ;
#441 = DIRECTION ( 'NONE',  ( 0.000000000000000000, 0.000000000000000000, 1.000000000000000000 ) ) ;
#442 = DIRECTION ( 'NONE',  ( -0.000000000000000000, 1.000000000000000000, -0.000000000000000000 ) ) ;
#443 = EDGE_LOOP ( 'NONE', ( #1345, #1619, #1396, #1626 ) ) ;
#444 = CARTESIAN_POINT ( 'NONE',  ( 1.360105154654588366, 48.05978690693327593, -0.3154017240918902121 ) ) ;
#445 = DIRECTION ( 'NONE',  ( -0.000000000000000000, -1.000000000000000000, -0.000000000000000000 ) ) ;
#446 = EDGE_CURVE ( 'NONE', #1445, #1482, #435, .T. ) ;
#447 = CARTESIAN_POINT ( 'NONE',  ( 2.877919977996279926E-15, 47.23611111111111427, -23.50000000000000000 ) ) ;
#448 = CARTESIAN_POINT ( 'NONE',  ( 0.000000000000000000, 1.000000000000000000, 0.000000000000000000 ) ) ;
#449 = ORIENTED_EDGE ( 'NONE', *, *, #401, .F. ) ;
#450 = CONICAL_SURFACE ( 'NONE', #657, 14.17971778146267603, 0.1243549945467618545 ) ;
#451 = ORIENTED_EDGE ( 'NONE', *, *, #21, .F. ) ;
#452 = CARTESIAN_POINT ( 'NONE',  ( 2.524884656112054131E-15, 24.17409374381648846, -20.61724782908816778 ) ) ;
#453 = CARTESIAN_POINT ( 'NONE',  ( 0.000000000000000000, 47.23611111111111427, 0.000000000000000000 ) ) ;
#454 = EDGE_CURVE ( 'NONE', #1351, #973, #1397, .T. ) ;
#455 = DIRECTION ( 'NONE',  ( 0.000000000000000000, 1.000000000000000000, 0.000000000000000000 ) ) ;
#456 = EDGE_CURVE ( 'NONE', #523, #351, #537, .T. ) ;
#457 = FACE_BOUND ( 'NONE', #272, .T. ) ;
#458 = VECTOR ( 'NONE', #880, 1000.000000000000114 ) ;
#459 = EDGE_LOOP ( 'NONE', ( #1572, #1496, #635, #58, #1098, #506 ) ) ;
#460 = EDGE_LOOP ( 'NONE', ( #350, #239, #1376, #231 ) ) ;
#461 = CARTESIAN_POINT ( 'NONE',  ( 0.000000000000000000, 0.000000000000000000, 0.000000000000000000 ) ) ;
#462 = DIRECTION ( 'NONE',  ( 1.215189925582123481E-16, -0.1240347345892193753, 0.9922778767136664069 ) ) ;
#463 = SURFACE_STYLE_USAGE ( .BOTH. , #87 ) ;
#464 = VECTOR ( 'NONE', #15, 1000.000000000000114 ) ;
#465 = ORIENTED_EDGE ( 'NONE', *, *, #916, .T. ) ;
#466 = ORIENTED_EDGE ( 'NONE', *, *, #1630, .T. ) ;
#467 = CARTESIAN_POINT ( 'NONE',  ( 0.000000000000000000, 44.23611111111111427, 0.000000000000000000 ) ) ;
#468 = CARTESIAN_POINT ( 'NONE',  ( 5.000000000000000000, 46.23611111111111427, -1.000000000000000000 ) ) ;
#469 = CARTESIAN_POINT ( 'NONE',  ( -1.031898574371737265, 48.13530914977306452, 0.3216934841712176807 ) ) ;
#470 = ADVANCED_FACE ( 'NONE', ( #190 ), #1238, .T. ) ;
#471 = ORIENTED_EDGE ( 'NONE', *, *, #643, .T. ) ;
#472 = UNCERTAINTY_MEASURE_WITH_UNIT (LENGTH_MEASURE( 1.000000000000000082E-05 ), #1261, 'distance_accuracy_value', 'NONE');
#473 = ADVANCED_FACE ( 'NONE', ( #1067, #41 ), #552, .T. ) ;
#474 = EDGE_LOOP ( 'NONE', ( #1074, #33, #1371, #1013 ) ) ;
#475 = CIRCLE ( 'NONE', #1485, 16.49221778146268136 ) ;
#476 = CARTESIAN_POINT ( 'NONE',  ( 1.990051048614449313E-15, -1.052223366288350623E-15, -15.00000000000000000 ) ) ;
#477 = DIRECTION ( 'NONE',  ( 0.000000000000000000, 0.000000000000000000, -1.000000000000000000 ) ) ;
#478 = AXIS2_PLACEMENT_3D ( 'NONE', #1469, #1358, #984 ) ;
#479 = SURFACE_STYLE_FILL_AREA ( #1632 ) ;
#480 = VECTOR ( 'NONE', #1378, 1000.000000000000000 ) ;
#481 = ORIENTED_EDGE ( 'NONE', *, *, #454, .T. ) ;
#482 = ORIENTED_EDGE ( 'NONE', *, *, #358, .F. ) ;
#483 = ADVANCED_FACE ( 'NONE', ( #1571 ), #930, .T. ) ;
#484 = CARTESIAN_POINT ( 'NONE',  ( 0.000000000000000000, 45.23611111111111427, 0.000000000000000000 ) ) ;
#485 = CARTESIAN_POINT ( 'NONE',  ( -14.00000000000000000, 46.23611111111111427, 0.000000000000000000 ) ) ;
#486 = APPLICATION_CONTEXT ( 'automotive_design' ) ;
#487 =( NAMED_UNIT ( * ) SI_UNIT ( $, .STERADIAN. ) SOLID_ANGLE_UNIT ( ) );
#488 = ORIENTED_EDGE ( 'NONE', *, *, #742, .T. ) ;
#489 = ORIENTED_EDGE ( 'NONE', *, *, #864, .F. ) ;
#490 = FACE_OUTER_BOUND ( 'NONE', #658, .T. ) ;
#491 = CONICAL_SURFACE ( 'NONE', #412, 16.49221778146268136, 0.9097531579442098559 ) ;
#492 = LINE ( 'NONE', #362, #334 ) ;
#493 = CIRCLE ( 'NONE', #198, 22.74610889073134956 ) ;
#494 = AXIS2_PLACEMENT_3D ( 'NONE', #662, #533, #1294 ) ;
#495 = SURFACE_STYLE_USAGE ( .BOTH. , #269 ) ;
#496 = CARTESIAN_POINT ( 'NONE',  ( 1.738653431833839136, 47.92900872153845881, 0.3156611409496501430 ) ) ;
#497 = CIRCLE ( 'NONE', #1644, 18.80906147581125509 ) ;
#498 = EDGE_CURVE ( 'NONE', #1519, #1634, #1458, .T. ) ;
#499 = ORIENTED_EDGE ( 'NONE', *, *, #1201, .F. ) ;
#500 = CARTESIAN_POINT ( 'NONE',  ( 0.000000000000000000, 22.23611111111111427, 0.000000000000000000 ) ) ;
#501 = DIRECTION ( 'NONE',  ( 1.000000000000000000, 0.000000000000000000, 0.000000000000000000 ) ) ;
#502 = DIRECTION ( 'NONE',  ( 0.000000000000000000, 0.000000000000000000, -1.000000000000000000 ) ) ;
#503 = AXIS2_PLACEMENT_3D ( 'NONE', #1580, #938, #692 ) ;
#504 = DIRECTION ( 'NONE',  ( 0.000000000000000000, -0.000000000000000000, 1.000000000000000000 ) ) ;
#505 = ADVANCED_FACE ( 'NONE', ( #1438 ), #1264, .F. ) ;
#506 = ORIENTED_EDGE ( 'NONE', *, *, #619, .T. ) ;
#507 = ADVANCED_FACE ( 'NONE', ( #61 ), #45, .T. ) ;
#508 = CARTESIAN_POINT ( 'NONE',  ( 0.000000000000000000, 43.23611111111112137, 1.000000000000000000 ) ) ;
#509 = DIRECTION ( 'NONE',  ( 1.518987406977657741E-17, 0.9922778767136676281, -0.1240347345892085784 ) ) ;
#510 = FACE_OUTER_BOUND ( 'NONE', #75, .T. ) ;
#511 = CARTESIAN_POINT ( 'NONE',  ( 0.000000000000000000, 45.23611111111111427, 0.000000000000000000 ) ) ;
#512 =( GEOMETRIC_REPRESENTATION_CONTEXT ( 3 ) GLOBAL_UNCERTAINTY_ASSIGNED_CONTEXT ( ( #1370 ) ) GLOBAL_UNIT_ASSIGNED_CONTEXT ( ( #99, #1365, #1108 ) ) REPRESENTATION_CONTEXT ( 'NONE', 'WORKASPACE' ) );
#513 = PLANE ( 'NONE',  #1295 ) ;
#514 = EDGE_LOOP ( 'NONE', ( #1584, #481 ) ) ;
#515 = DIRECTION ( 'NONE',  ( 0.000000000000000000, -0.7071067811865463515, -0.7071067811865487940 ) ) ;
#516 = LINE ( 'NONE', #259, #535 ) ;
#517 = DIRECTION ( 'NONE',  ( 0.000000000000000000, 0.000000000000000000, -1.000000000000000000 ) ) ;
#518 = CARTESIAN_POINT ( 'NONE',  ( -1.534070058604107389, 47.99495856141822259, 0.3156611409496500320 ) ) ;
#519 = VECTOR ( 'NONE', #1430, 1000.000000000000114 ) ;
#520 = CARTESIAN_POINT ( 'NONE',  ( 20.40354985062703008, 46.23611111111111427, -7.500000000000000000 ) ) ;
#521 = CONICAL_SURFACE ( 'NONE', #1447, 23.44070340443091993, 0.1243549945467617990 ) ;
#522 = ORIENTED_EDGE ( 'NONE', *, *, #1512, .T. ) ;
#523 = VERTEX_POINT ( 'NONE', #71 ) ;
#524 = EDGE_LOOP ( 'NONE', ( #1323, #9, #653, #1527 ) ) ;
#525 = CARTESIAN_POINT ( 'NONE',  ( -7.500000000000000000, 47.99495856141822259, 1.815661140949651031 ) ) ;
#526 = EDGE_CURVE ( 'NONE', #1480, #904, #1364, .T. ) ;
#527 = DIRECTION ( 'NONE',  ( 0.000000000000000000, 1.000000000000000000, 0.000000000000000000 ) ) ;
#528 = DIRECTION ( 'NONE',  ( 0.000000000000000000, 0.000000000000000000, -1.000000000000000000 ) ) ;
#529 = EDGE_LOOP ( 'NONE', ( #1233, #417, #735, #12 ) ) ;
#530 = CONICAL_SURFACE ( 'NONE', #686, 22.74610889073134956, 1.446441332248133982 ) ;
#531 = DIRECTION ( 'NONE',  ( 0.000000000000000000, 0.000000000000000000, -1.000000000000000000 ) ) ;
#532 =( NAMED_UNIT ( * ) PLANE_ANGLE_UNIT ( ) SI_UNIT ( $, .RADIAN. ) );
#533 = DIRECTION ( 'NONE',  ( -0.000000000000000000, -1.000000000000000000, -0.000000000000000000 ) ) ;
#534 = EDGE_CURVE ( 'NONE', #1352, #931, #724, .T. ) ;
#535 = VECTOR ( 'NONE', #1522, 1000.000000000000000 ) ;
#536 = CYLINDRICAL_SURFACE ( 'NONE', #878, 1.500000000000000888 ) ;
#537 = LINE ( 'NONE', #1337, #890 ) ;
#538 = ORIENTED_EDGE ( 'NONE', *, *, #1039, .T. ) ;
#539 = DIRECTION ( 'NONE',  ( 0.000000000000000000, 0.000000000000000000, -1.000000000000000000 ) ) ;
#540 = ORIENTED_EDGE ( 'NONE', *, *, #174, .T. ) ;
#541 = LINE ( 'NONE', #808, #626 ) ;
#542 = DIRECTION ( 'NONE',  ( 0.000000000000000000, 0.9922778767136676281, 0.1240347345892085368 ) ) ;
#543 = EDGE_CURVE ( 'NONE', #1389, #210, #1373, .T. ) ;
#544 = AXIS2_PLACEMENT_3D ( 'NONE', #1193, #179, #306 ) ;
#545 = ORIENTED_EDGE ( 'NONE', *, *, #401, .T. ) ;
#546 = FACE_OUTER_BOUND ( 'NONE', #474, .T. ) ;
#547 = EDGE_CURVE ( 'NONE', #807, #1078, #1089, .T. ) ;
#548 = DIRECTION ( 'NONE',  ( 0.000000000000000000, 1.000000000000000000, 0.000000000000000000 ) ) ;
#549 = DIRECTION ( 'NONE',  ( 0.000000000000000000, 1.000000000000000000, 0.000000000000000000 ) ) ;
#550 = ORIENTED_EDGE ( 'NONE', *, *, #534, .F. ) ;
#551 = CARTESIAN_POINT ( 'NONE',  ( -14.00000000000000000, 46.23611111111111427, 0.000000000000000000 ) ) ;
#552 = PLANE ( 'NONE',  #420 ) ;
#553 = ORIENTED_EDGE ( 'NONE', *, *, #1511, .T. ) ;
#554 = CARTESIAN_POINT ( 'NONE',  ( 20.40354985062703008, 46.23611111111111427, -7.500000000000000000 ) ) ;
#555 = AXIS2_PLACEMENT_3D ( 'NONE', #298, #809, #1325 ) ;
#556 = VERTEX_POINT ( 'NONE', #341 ) ;
#557 = DIRECTION ( 'NONE',  ( 1.000000000000000000, -0.000000000000000000, -0.000000000000000000 ) ) ;
#558 = ORIENTED_EDGE ( 'NONE', *, *, #663, .F. ) ;
#559 = DIRECTION ( 'NONE',  ( 0.000000000000000000, 0.9922778767136676281, 0.1240347345892085368 ) ) ;
#560 = DIRECTION ( 'NONE',  ( -0.000000000000000000, -1.000000000000000000, -0.000000000000000000 ) ) ;
#561 = CIRCLE ( 'NONE', #959, 21.61332667219403447 ) ;
#562 = VERTEX_POINT ( 'NONE', #718 ) ;
#563 = CARTESIAN_POINT ( 'NONE',  ( -20.40354985062703719, 46.23611111111111427, 7.500000000000000000 ) ) ;
#564 = DIRECTION ( 'NONE',  ( -0.000000000000000000, -1.000000000000000000, -0.000000000000000000 ) ) ;
#565 = ORIENTED_EDGE ( 'NONE', *, *, #1239, .T. ) ;
#566 = DIRECTION ( 'NONE',  ( 0.000000000000000000, 0.000000000000000000, -1.000000000000000000 ) ) ;
#567 = EDGE_CURVE ( 'NONE', #904, #1128, #1185, .T. ) ;
#568 = ORIENTED_EDGE ( 'NONE', *, *, #699, .F. ) ;
#569 = CARTESIAN_POINT ( 'NONE',  ( 3.570714214271428322, 46.73611111111111427, -1.000000000000000000 ) ) ;
#570 = DIRECTION ( 'NONE',  ( 0.000000000000000000, 1.000000000000000000, 0.000000000000000000 ) ) ;
#571 = EDGE_LOOP ( 'NONE', ( #424, #411, #540, #714, #94, #914 ) ) ;
#572 = CARTESIAN_POINT ( 'NONE',  ( -14.00000000000000000, 46.23611111111111427, -3.500000000000000000 ) ) ;
#573 = VECTOR ( 'NONE', #1357, 1000.000000000000000 ) ;
#574 = DIRECTION ( 'NONE',  ( 0.000000000000000000, 0.000000000000000000, -1.000000000000000000 ) ) ;
#575 = AXIS2_PLACEMENT_3D ( 'NONE', #1079, #455, #191 ) ;
#576 = ORIENTED_EDGE ( 'NONE', *, *, #543, .F. ) ;
#577 = PRODUCT_RELATED_PRODUCT_CATEGORY ( 'part', '', ( #1471 ) ) ;
#578 = AXIS2_PLACEMENT_3D ( 'NONE', #511, #1149, #1542 ) ;
#579 = ORIENTED_EDGE ( 'NONE', *, *, #1553, .F. ) ;
#580 = DIRECTION ( 'NONE',  ( 0.000000000000000000, 0.000000000000000000, 1.000000000000000000 ) ) ;
#581 = DIRECTION ( 'NONE',  ( 0.000000000000000000, 0.000000000000000000, -1.000000000000000000 ) ) ;
#582 = CARTESIAN_POINT ( 'NONE',  ( 0.000000000000000000, 46.73611111111111427, -1.000000000000000000 ) ) ;
#583 = DIRECTION ( 'NONE',  ( 0.000000000000000000, -1.000000000000000000, 0.000000000000000000 ) ) ;
#584 = ORIENTED_EDGE ( 'NONE', *, *, #1018, .T. ) ;
#585 = AXIS2_PLACEMENT_3D ( 'NONE', #1561, #416, #317 ) ;
#586 = VERTEX_POINT ( 'NONE', #830 ) ;
#587 = FACE_OUTER_BOUND ( 'NONE', #1488, .T. ) ;
#588 = DIRECTION ( 'NONE',  ( 9.666776664097838137E-17, 0.6139406135149202415, -0.7893522173763263261 ) ) ;
#589 =( LENGTH_UNIT ( ) NAMED_UNIT ( * ) SI_UNIT ( .MILLI., .METRE. ) );
#590 = ORIENTED_EDGE ( 'NONE', *, *, #1135, .F. ) ;
#591 = VERTEX_POINT ( 'NONE', #733 ) ;
#592 = DIRECTION ( 'NONE',  ( -0.000000000000000000, -1.000000000000000000, -0.000000000000000000 ) ) ;
#593 = CARTESIAN_POINT ( 'NONE',  ( 20.40354985062703008, 46.23611111111111427, 7.500000000000001776 ) ) ;
#594 = CARTESIAN_POINT ( 'NONE',  ( 1.534070058604107389, 47.99495856141822259, 0.3156611409496500320 ) ) ;
#595 = ADVANCED_FACE ( 'NONE', ( #93 ), #530, .F. ) ;
#596 = PRESENTATION_LAYER_ASSIGNMENT (  '', '', ( #750 ) ) ;
#597 = ORIENTED_EDGE ( 'NONE', *, *, #891, .F. ) ;
#598 = EDGE_LOOP ( 'NONE', ( #440, #955, #129, #765 ) ) ;
#599 = AXIS2_PLACEMENT_3D ( 'NONE', #78, #1484, #110 ) ;
#600 = LINE ( 'NONE', #1101, #246 ) ;
#601 = DIRECTION ( 'NONE',  ( 0.000000000000000000, 0.000000000000000000, -1.000000000000000000 ) ) ;
#602 = CARTESIAN_POINT ( 'NONE',  ( 2.514684880141737189, 47.56293518734307924, 0.3739857900646110234 ) ) ;
#603 = EDGE_CURVE ( 'NONE', #345, #81, #609, .T. ) ;
#604 = EDGE_CURVE ( 'NONE', #694, #799, #1093, .T. ) ;
#605 = ORIENTED_EDGE ( 'NONE', *, *, #742, .F. ) ;
#606 = ORIENTED_EDGE ( 'NONE', *, *, #349, .T. ) ;
#607 = CARTESIAN_POINT ( 'NONE',  ( 2.161579932411369036E-15, 20.00000000000000355, -16.49221778146268136 ) ) ;
#608 = DIRECTION ( 'NONE',  ( -0.000000000000000000, -1.000000000000000000, -0.000000000000000000 ) ) ;
#609 = CIRCLE ( 'NONE', #1487, 2.500000000000000000 ) ;
#610 = DIRECTION ( 'NONE',  ( -0.000000000000000000, -1.000000000000000000, -0.000000000000000000 ) ) ;
#611 = ORIENTED_EDGE ( 'NONE', *, *, #322, .F. ) ;
#612 = DIRECTION ( 'NONE',  ( 0.000000000000000000, 0.000000000000000000, -1.000000000000000000 ) ) ;
#613 = EDGE_CURVE ( 'NONE', #773, #1025, #336, .T. ) ;
#614 = DIRECTION ( 'NONE',  ( 0.000000000000000000, 1.000000000000000000, 0.000000000000000000 ) ) ;
#615 = VECTOR ( 'NONE', #564, 1000.000000000000000 ) ;
#616 = DIRECTION ( 'NONE',  ( 0.000000000000000000, 1.000000000000000000, 0.000000000000000000 ) ) ;
#617 = COLOUR_RGB ( '',0.7921568627450980005, 0.8196078431372548767, 0.9333333333333333481 ) ;
#618 = ORIENTED_EDGE ( 'NONE', *, *, #864, .T. ) ;
#619 = EDGE_CURVE ( 'NONE', #556, #896, #1625, .T. ) ;
#620 = CARTESIAN_POINT ( 'NONE',  ( -7.500000000000000000, 47.99495856141822259, 1.815661140949651031 ) ) ;
#621 = DIRECTION ( 'NONE',  ( 0.000000000000000000, 0.000000000000000000, -1.000000000000000000 ) ) ;
#622 = AXIS2_PLACEMENT_3D ( 'NONE', #260, #1267, #1508 ) ;
#623 = EDGE_CURVE ( 'NONE', #391, #1025, #815, .T. ) ;
#624 = DIRECTION ( 'NONE',  ( 0.000000000000000000, -1.000000000000000000, 0.000000000000000000 ) ) ;
#625 = FACE_OUTER_BOUND ( 'NONE', #433, .T. ) ;
#626 = VECTOR ( 'NONE', #559, 1000.000000000000000 ) ;
#627 = ORIENTED_EDGE ( 'NONE', *, *, #456, .F. ) ;
#628 = ORIENTED_EDGE ( 'NONE', *, *, #740, .F. ) ;
#629 = DIRECTION ( 'NONE',  ( 1.000000000000000000, -0.000000000000000000, -0.000000000000000000 ) ) ;
#630 = CARTESIAN_POINT ( 'NONE',  ( -14.00000000000000000, 46.23611111111111427, 3.500000000000000000 ) ) ;
#631 = CARTESIAN_POINT ( 'NONE',  ( 14.17971778146267603, 1.500000000000005995, 0.000000000000000000 ) ) ;
#632 = DIRECTION ( 'NONE',  ( 0.000000000000000000, 1.000000000000000000, 0.000000000000000000 ) ) ;
#633 = VERTEX_POINT ( 'NONE', #713 ) ;
#634 = CIRCLE ( 'NONE', #124, 11.99999999999999645 ) ;
#635 = ORIENTED_EDGE ( 'NONE', *, *, #130, .T. ) ;
#636 = PLANE ( 'NONE',  #849 ) ;
#637 = DIRECTION ( 'NONE',  ( 0.000000000000000000, 0.000000000000000000, 1.000000000000000000 ) ) ;
#638 = CARTESIAN_POINT ( 'NONE',  ( 0.000000000000000000, 1.000000000000000000, -11.99999999999999645 ) ) ;
#639 = AXIS2_PLACEMENT_3D ( 'NONE', #150, #1472, #1037 ) ;
#640 = CARTESIAN_POINT ( 'NONE',  ( 0.000000000000000000, 24.14928679689865731, -20.81570340443090927 ) ) ;
#641 = ORIENTED_EDGE ( 'NONE', *, *, #652, .T. ) ;
#642 = VERTEX_POINT ( 'NONE', #468 ) ;
#643 = EDGE_CURVE ( 'NONE', #931, #1544, #1241, .T. ) ;
#644 = CARTESIAN_POINT ( 'NONE',  ( -14.00000000000000000, 47.23611111111111427, 0.000000000000000000 ) ) ;
#645 = DIRECTION ( 'NONE',  ( 0.000000000000000000, 0.000000000000000000, -1.000000000000000000 ) ) ;
#646 = DIRECTION ( 'NONE',  ( 0.000000000000000000, 1.000000000000000000, 0.000000000000000000 ) ) ;
#647 = FACE_OUTER_BOUND ( 'NONE', #374, .T. ) ;
#648 = AXIS2_PLACEMENT_3D ( 'NONE', #290, #1309, #164 ) ;
#649 = DIRECTION ( 'NONE',  ( 0.000000000000000000, -0.000000000000000000, -1.000000000000000000 ) ) ;
#650 = VECTOR ( 'NONE', #1147, 1000.000000000000000 ) ;
#651 = VERTEX_POINT ( 'NONE', #207 ) ;
#652 = EDGE_CURVE ( 'NONE', #1335, #1327, #1460, .T. ) ;
#653 = ORIENTED_EDGE ( 'NONE', *, *, #252, .T. ) ;
#654 =( LENGTH_UNIT ( ) NAMED_UNIT ( * ) SI_UNIT ( .MILLI., .METRE. ) );
#655 = CARTESIAN_POINT ( 'NONE',  ( -5.000000000000000000, 46.73611111111111427, -1.000000000000000000 ) ) ;
#656 = DIRECTION ( 'NONE',  ( -0.000000000000000000, -1.000000000000000000, -0.000000000000000000 ) ) ;
#657 = AXIS2_PLACEMENT_3D ( 'NONE', #1024, #1009, #778 ) ;
#658 = EDGE_LOOP ( 'NONE', ( #1, #133 ) ) ;
#659 = CARTESIAN_POINT ( 'NONE',  ( -6.450628477861584098E-17, 45.23611111111111427, 0.000000000000000000 ) ) ;
#660 =( LENGTH_UNIT ( ) NAMED_UNIT ( * ) SI_UNIT ( .MILLI., .METRE. ) );
#661 = STYLED_ITEM ( 'NONE', ( #166 ), #375 ) ;
#662 = CARTESIAN_POINT ( 'NONE',  ( 0.000000000000000000, 24.14928679689865731, 0.000000000000000000 ) ) ;
#663 = EDGE_CURVE ( 'NONE', #904, #1327, #958, .T. ) ;
#664 = CARTESIAN_POINT ( 'NONE',  ( -2.166836264773897014, 47.74549852054319388, -0.3349035604248300491 ) ) ;
#665 = CARTESIAN_POINT ( 'NONE',  ( 0.000000000000000000, 24.23611111111111072, 0.000000000000000000 ) ) ;
#666 = STYLED_ITEM ( 'NONE', ( #215 ), #162 ) ;
#667 = EDGE_LOOP ( 'NONE', ( #1406, #1538 ) ) ;
#668 = PLANE ( 'NONE',  #220 ) ;
#669 = CARTESIAN_POINT ( 'NONE',  ( 0.000000000000000000, 45.14928679689867153, 0.000000000000000000 ) ) ;
#670 = ORIENTED_EDGE ( 'NONE', *, *, #1638, .T. ) ;
#671 = DIRECTION ( 'NONE',  ( -1.000000000000000000, 0.000000000000000000, 0.000000000000000000 ) ) ;
#672 = DIRECTION ( 'NONE',  ( 0.000000000000000000, 0.000000000000000000, 1.000000000000000000 ) ) ;
#673 = EDGE_CURVE ( 'NONE', #257, #114, #327, .T. ) ;
#674 = EDGE_CURVE ( 'NONE', #1634, #694, #977, .T. ) ;
#675 = CIRCLE ( 'NONE', #970, 3.500000000000000000 ) ;
#676 = ORIENTED_EDGE ( 'NONE', *, *, #1280, .F. ) ;
#677 = CARTESIAN_POINT ( 'NONE',  ( -8.711776187167513102E-17, 47.23611111111111427, 0.000000000000000000 ) ) ;
#678 = CARTESIAN_POINT ( 'NONE',  ( 0.000000000000000000, 0.000000000000000000, 0.000000000000000000 ) ) ;
#679 = DIRECTION ( 'NONE',  ( -0.000000000000000000, -1.000000000000000000, -0.000000000000000000 ) ) ;
#680 = ORIENTED_EDGE ( 'NONE', *, *, #1260, .T. ) ;
#681 = DIRECTION ( 'NONE',  ( 0.000000000000000000, 0.000000000000000000, 1.000000000000000000 ) ) ;
#682 = CARTESIAN_POINT ( 'NONE',  ( 0.000000000000000000, -1.052223366288350623E-15, 0.000000000000000000 ) ) ;
#683 = ORIENTED_EDGE ( 'NONE', *, *, #1259, .T. ) ;
#684 = DIRECTION ( 'NONE',  ( 0.000000000000000000, 1.000000000000000000, 0.000000000000000000 ) ) ;
#685 = AXIS2_PLACEMENT_3D ( 'NONE', #1194, #49, #1297 ) ;
#686 = AXIS2_PLACEMENT_3D ( 'NONE', #97, #846, #477 ) ;
#687 = ORIENTED_EDGE ( 'NONE', *, *, #643, .F. ) ;
#688 = CARTESIAN_POINT ( 'NONE',  ( 0.000000000000000000, 22.23611111111111427, 0.000000000000000000 ) ) ;
#689 = CARTESIAN_POINT ( 'NONE',  ( 2.646869132802854069E-15, 44.23611111111111427, -21.61332667219403447 ) ) ;
#690 = ORIENTED_EDGE ( 'NONE', *, *, #86, .T. ) ;
#691 = LINE ( 'NONE', #1560, #1476 ) ;
#692 = DIRECTION ( 'NONE',  ( -1.000000000000000000, 0.000000000000000000, 0.000000000000000000 ) ) ;
#693 = AXIS2_PLACEMENT_3D ( 'NONE', #525, #1400, #612 ) ;
#694 = VERTEX_POINT ( 'NONE', #1216 ) ;
#695 = DIRECTION ( 'NONE',  ( -0.000000000000000000, -1.000000000000000000, -0.000000000000000000 ) ) ;
#696 = ADVANCED_FACE ( 'NONE', ( #1499 ), #36, .F. ) ;
#697 = FILL_AREA_STYLE ('',( #192 ) ) ;
#698 = VECTOR ( 'NONE', #906, 1000.000000000000227 ) ;
#699 = EDGE_CURVE ( 'NONE', #1558, #1474, #493, .T. ) ;
#700 = ADVANCED_FACE ( 'NONE', ( #882 ), #971, .T. ) ;
#701 = EDGE_LOOP ( 'NONE', ( #576, #1320, #1621, #17 ) ) ;
#702 = DIRECTION ( 'NONE',  ( 0.000000000000000000, 1.000000000000000000, 0.000000000000000000 ) ) ;
#703 = ORIENTED_EDGE ( 'NONE', *, *, #11, .F. ) ;
#704 = CARTESIAN_POINT ( 'NONE',  ( 20.40354985062703008, 45.23611111111111427, 7.500000000000000000 ) ) ;
#705 = CARTESIAN_POINT ( 'NONE',  ( -14.00000000000000000, 47.23611111111111427, 0.000000000000000000 ) ) ;
#706 = DIRECTION ( 'NONE',  ( 1.518987406977661131E-17, 0.9922778767136675171, -0.1240347345892088421 ) ) ;
#707 = CARTESIAN_POINT ( 'NONE',  ( 0.000000000000000000, 43.23611111111112137, -1.000000000000000000 ) ) ;
#708 = CIRCLE ( 'NONE', #1642, 17.50000000000000000 ) ;
#709 = ORIENTED_EDGE ( 'NONE', *, *, #1031, .F. ) ;
#710 = CIRCLE ( 'NONE', #165, 22.74610889073134956 ) ;
#711 = EDGE_LOOP ( 'NONE', ( #954, #877, #1056, #670 ) ) ;
#712 = DIRECTION ( 'NONE',  ( 1.000000000000000000, -0.000000000000000000, -0.000000000000000000 ) ) ;
#713 = CARTESIAN_POINT ( 'NONE',  ( 2.846354440888213384E-15, 45.17409374381653464, 23.24224782908799725 ) ) ;
#714 = ORIENTED_EDGE ( 'NONE', *, *, #209, .T. ) ;
#715 = AXIS2_PLACEMENT_3D ( 'NONE', #520, #504, #1413 ) ;
#716 = EDGE_LOOP ( 'NONE', ( #1082, #1497, #1490, #1110, #935, #597 ) ) ;
#717 = CARTESIAN_POINT ( 'NONE',  ( 2.815974692748683100E-15, 45.23611111111111427, 22.74610889073134956 ) ) ;
#718 = CARTESIAN_POINT ( 'NONE',  ( 2.654523175297525016E-15, 44.23611111111111427, -21.61332667219403447 ) ) ;
#719 = EDGE_CURVE ( 'NONE', #799, #114, #1349, .T. ) ;
#720 = CARTESIAN_POINT ( 'NONE',  ( -0.5206563133371646668, 48.21565658165373947, 0.3314340589248981339 ) ) ;
#721 = ORIENTED_EDGE ( 'NONE', *, *, #230, .F. ) ;
#722 = ORIENTED_EDGE ( 'NONE', *, *, #224, .T. ) ;
#723 = DIRECTION ( 'NONE',  ( 0.000000000000000000, 0.000000000000000000, 1.000000000000000000 ) ) ;
#724 = LINE ( 'NONE', #1617, #394 ) ;
#725 = AXIS2_PLACEMENT_3D ( 'NONE', #1171, #442, #797 ) ;
#726 = CARTESIAN_POINT ( 'NONE',  ( 2.872311619641831015, 47.33426589012381669, 0.4634195918192350327 ) ) ;
#727 = EDGE_CURVE ( 'NONE', #896, #1335, #1174, .T. ) ;
#728 = ADVANCED_FACE ( 'NONE', ( #889 ), #1258, .F. ) ;
#729 = VECTOR ( 'NONE', #695, 1000.000000000000000 ) ;
#730 = ORIENTED_EDGE ( 'NONE', *, *, #1281, .F. ) ;
#731 = ORIENTED_EDGE ( 'NONE', *, *, #699, .T. ) ;
#732 = FACE_OUTER_BOUND ( 'NONE', #1650, .T. ) ;
#733 = CARTESIAN_POINT ( 'NONE',  ( -20.40354985062703719, 45.23611111111111427, 7.500000000000000000 ) ) ;
#734 = EDGE_CURVE ( 'NONE', #202, #1035, #1243, .T. ) ;
#735 = ORIENTED_EDGE ( 'NONE', *, *, #328, .T. ) ;
#736 = LINE ( 'NONE', #1021, #480 ) ;
#737 = DIRECTION ( 'NONE',  ( 1.518987406977657433E-17, 0.9922778767136676281, -0.1240347345892085368 ) ) ;
#738 = AXIS2_PLACEMENT_3D ( 'NONE', #1222, #992, #84 ) ;
#739 = CARTESIAN_POINT ( 'NONE',  ( -0.2620247009733996935, 48.23609820790021985, 0.3351707927658856834 ) ) ;
#740 = EDGE_CURVE ( 'NONE', #1441, #263, #492, .T. ) ;
#741 = VERTEX_POINT ( 'NONE', #869 ) ;
#742 = EDGE_CURVE ( 'NONE', #257, #694, #1503, .T. ) ;
#743 = CARTESIAN_POINT ( 'NONE',  ( -5.000000000000000000, 46.23611111111111427, -1.000000000000000000 ) ) ;
#744 = DIRECTION ( 'NONE',  ( 0.000000000000000000, 0.000000000000000000, 1.000000000000000000 ) ) ;
#745 = CARTESIAN_POINT ( 'NONE',  ( 0.000000000000000000, 45.14928679689867153, 0.000000000000000000 ) ) ;
#746 = CIRCLE ( 'NONE', #1247, 11.99999999999999645 ) ;
#747 = DIRECTION ( 'NONE',  ( 0.000000000000000000, 0.000000000000000000, -1.000000000000000000 ) ) ;
#748 = DIRECTION ( 'NONE',  ( 0.000000000000000000, -1.000000000000000000, -0.000000000000000000 ) ) ;
#749 = VERTEX_POINT ( 'NONE', #1001 ) ;
#750 = STYLED_ITEM ( 'NONE', ( #1268 ), #1223 ) ;
#751 = DIRECTION ( 'NONE',  ( -0.000000000000000000, -0.000000000000000000, -1.000000000000000000 ) ) ;
#752 = FACE_OUTER_BOUND ( 'NONE', #1226, .T. ) ;
#753 = CARTESIAN_POINT ( 'NONE',  ( -6.450628477861584098E-17, 45.23611111111111427, 0.000000000000000000 ) ) ;
#754 = CARTESIAN_POINT ( 'NONE',  ( -1.945424709190215928, 47.86235358520891481, 0.3156611409496499765 ) ) ;
#755 = CARTESIAN_POINT ( 'NONE',  ( 5.000000000000000000, 46.73611111111111427, 1.000000000000000000 ) ) ;
#756 = ORIENTED_EDGE ( 'NONE', *, *, #1061, .T. ) ;
#757 = DIRECTION ( 'NONE',  ( -0.000000000000000000, -1.000000000000000000, -0.000000000000000000 ) ) ;
#758 = CARTESIAN_POINT ( 'NONE',  ( -5.000000000000000000, 46.23611111111111427, 1.000000000000000000 ) ) ;
#759 = DIRECTION ( 'NONE',  ( 0.000000000000000000, 0.000000000000000000, -1.000000000000000000 ) ) ;
#760 = ADVANCED_FACE ( 'NONE', ( #135 ), #384, .T. ) ;
#761 = VECTOR ( 'NONE', #862, 1000.000000000000000 ) ;
#762 = DIRECTION ( 'NONE',  ( -0.000000000000000000, -1.000000000000000000, -0.000000000000000000 ) ) ;
#763 = DIRECTION ( 'NONE',  ( 0.000000000000000000, 0.000000000000000000, -1.000000000000000000 ) ) ;
#764 = ADVANCED_FACE ( 'NONE', ( #1386 ), #356, .F. ) ;
#765 = ORIENTED_EDGE ( 'NONE', *, *, #1317, .T. ) ;
#766 = DIRECTION ( 'NONE',  ( -0.000000000000000000, -1.000000000000000000, -0.000000000000000000 ) ) ;
#767 = DIRECTION ( 'NONE',  ( 0.000000000000000000, 1.000000000000000000, 0.000000000000000000 ) ) ;
#768 = LINE ( 'NONE', #1275, #650 ) ;
#769 = DIRECTION ( 'NONE',  ( -0.000000000000000000, -1.000000000000000000, -0.000000000000000000 ) ) ;
#770 = DIRECTION ( 'NONE',  ( 0.000000000000000000, 0.9922778767136676281, 0.1240347345892085368 ) ) ;
#771 = ADVANCED_FACE ( 'NONE', ( #1029 ), #521, .T. ) ;
#772 = EDGE_LOOP ( 'NONE', ( #1576, #1225, #791, #859 ) ) ;
#773 = VERTEX_POINT ( 'NONE', #1251 ) ;
#774 = CARTESIAN_POINT ( 'NONE',  ( -7.500000000000000000, 47.99495856141822259, 0.3156611409496500320 ) ) ;
#775 = AXIS2_PLACEMENT_3D ( 'NONE', #1288, #875, #254 ) ;
#776 = LINE ( 'NONE', #127, #1640 ) ;
#777 = AXIS2_PLACEMENT_3D ( 'NONE', #304, #1064, #539 ) ;
#778 = DIRECTION ( 'NONE',  ( 0.000000000000000000, 0.000000000000000000, 1.000000000000000000 ) ) ;
#779 = ORIENTED_EDGE ( 'NONE', *, *, #740, .T. ) ;
#780 = EDGE_CURVE ( 'NONE', #1035, #1441, #268, .T. ) ;
#781 = CARTESIAN_POINT ( 'NONE',  ( 0.000000000000000000, 46.23611111111111427, 0.000000000000000000 ) ) ;
#782 = SHAPE_DEFINITION_REPRESENTATION ( #1097, #375 ) ;
#783 = DIRECTION ( 'NONE',  ( 0.000000000000000000, 0.000000000000000000, -1.000000000000000000 ) ) ;
#784 = DIRECTION ( 'NONE',  ( -0.000000000000000000, -1.000000000000000000, -0.000000000000000000 ) ) ;
#785 = CARTESIAN_POINT ( 'NONE',  ( -14.00000000000000000, 44.23611111111111427, -2.500000000000000000 ) ) ;
#786 = VECTOR ( 'NONE', #770, 1000.000000000000000 ) ;
#787 = EDGE_LOOP ( 'NONE', ( #90, #1574, #1220, #565 ) ) ;
#788 = DIRECTION ( 'NONE',  ( 0.000000000000000000, 0.000000000000000000, -1.000000000000000000 ) ) ;
#789 = ADVANCED_FACE ( 'NONE', ( #370 ), #244, .T. ) ;
#790 = CARTESIAN_POINT ( 'NONE',  ( 0.000000000000000000, 1.000000000000000000, 0.000000000000000000 ) ) ;
#791 = ORIENTED_EDGE ( 'NONE', *, *, #67, .T. ) ;
#792 = CARTESIAN_POINT ( 'NONE',  ( -2.617941161855489973, 47.49940393668392602, -0.3971597456189096542 ) ) ;
#793 = DIRECTION ( 'NONE',  ( 0.000000000000000000, -0.1240347345892193753, -0.9922778767136664069 ) ) ;
#794 = AXIS2_PLACEMENT_3D ( 'NONE', #659, #405, #1293 ) ;
#795 = ORIENTED_EDGE ( 'NONE', *, *, #983, .F. ) ;
#796 = FACE_BOUND ( 'NONE', #998, .T. ) ;
#797 = DIRECTION ( 'NONE',  ( 0.000000000000000000, 0.000000000000000000, 1.000000000000000000 ) ) ;
#798 = AXIS2_PLACEMENT_3D ( 'NONE', #278, #679, #783 ) ;
#799 = VERTEX_POINT ( 'NONE', #1022 ) ;
#800 = DIRECTION ( 'NONE',  ( 1.000000000000000000, -0.000000000000000000, -0.000000000000000000 ) ) ;
#801 = DIRECTION ( 'NONE',  ( 1.518987406977657433E-17, 0.9922778767136676281, -0.1240347345892085368 ) ) ;
#802 = AXIS2_PLACEMENT_3D ( 'NONE', #1170, #1604, #788 ) ;
#803 = EDGE_LOOP ( 'NONE', ( #1535, #558, #142, #8 ) ) ;
#804 = CARTESIAN_POINT ( 'NONE',  ( -3.337615687596064973, 46.96417049927073606, 0.7148145461273947010 ) ) ;
#805 = ORIENTED_EDGE ( 'NONE', *, *, #652, .F. ) ;
#806 = DIRECTION ( 'NONE',  ( 0.000000000000000000, 0.000000000000000000, -1.000000000000000000 ) ) ;
#807 = VERTEX_POINT ( 'NONE', #630 ) ;
#808 = CARTESIAN_POINT ( 'NONE',  ( 0.000000000000000000, 22.23611111111111427, 20.37499999999999645 ) ) ;
#809 = DIRECTION ( 'NONE',  ( -0.000000000000000000, -1.000000000000000000, -0.000000000000000000 ) ) ;
#810 = ORIENTED_EDGE ( 'NONE', *, *, #43, .T. ) ;
#811 = FACE_OUTER_BOUND ( 'NONE', #436, .T. ) ;
#812 = ADVANCED_FACE ( 'NONE', ( #510 ), #1148, .F. ) ;
#813 = AXIS2_PLACEMENT_3D ( 'NONE', #1133, #1160, #1381 ) ;
#814 = LINE ( 'NONE', #1070, #291 ) ;
#815 = CIRCLE ( 'NONE', #100, 23.50000000000000000 ) ;
#816 = ORIENTED_EDGE ( 'NONE', *, *, #1620, .T. ) ;
#817 = CARTESIAN_POINT ( 'NONE',  ( -14.00000000000000000, 28.23611111111111427, 2.500000000000000000 ) ) ;
#818 = ORIENTED_EDGE ( 'NONE', *, *, #1459, .T. ) ;
#819 = CARTESIAN_POINT ( 'NONE',  ( -1.687654346096492564, 47.94584976377024077, -0.3155426998392557025 ) ) ;
#820 = VECTOR ( 'NONE', #1443, 1000.000000000000227 ) ;
#821 = CARTESIAN_POINT ( 'NONE',  ( 15.00000000000000000, -5.261116831441753117E-16, 0.000000000000000000 ) ) ;
#822 = CONICAL_SURFACE ( 'NONE', #1162, 20.37499999999999645, 0.1243549945467615214 ) ;
#823 = CARTESIAN_POINT ( 'NONE',  ( -14.00000000000000000, 47.23611111111111427, 0.000000000000000000 ) ) ;
#824 = EDGE_CURVE ( 'NONE', #1613, #799, #1531, .T. ) ;
#825 = FACE_OUTER_BOUND ( 'NONE', #716, .T. ) ;
#826 = AXIS2_PLACEMENT_3D ( 'NONE', #64, #1452, #1598 ) ;
#827 = ORIENTED_EDGE ( 'NONE', *, *, #130, .F. ) ;
#828 = ORIENTED_EDGE ( 'NONE', *, *, #1383, .T. ) ;
#829 = FACE_OUTER_BOUND ( 'NONE', #711, .T. ) ;
#830 = CARTESIAN_POINT ( 'NONE',  ( 2.319174875885300024E-15, 20.00000000000000355, -17.50000000000000000 ) ) ;
#831 = FILL_AREA_STYLE_COLOUR ( '', #1436 ) ;
#832 = CIRCLE ( 'NONE', #201, 23.44070340443091993 ) ;
#833 = SURFACE_SIDE_STYLE ('',( #1207 ) ) ;
#834 = AXIS2_PLACEMENT_3D ( 'NONE', #874, #1411, #1637 ) ;
#835 = ORIENTED_EDGE ( 'NONE', *, *, #547, .F. ) ;
#836 = CONICAL_SURFACE ( 'NONE', #1559, 17.50000000000000000, 0.9097531579442095229 ) ;
#837 = EDGE_CURVE ( 'NONE', #1335, #556, #768, .T. ) ;
#838 = EDGE_LOOP ( 'NONE', ( #606, #1068, #1377, #120 ) ) ;
#839 = LINE ( 'NONE', #1353, #573 ) ;
#840 = DIRECTION ( 'NONE',  ( -0.000000000000000000, -1.000000000000000000, -0.000000000000000000 ) ) ;
#841 = ORIENTED_EDGE ( 'NONE', *, *, #1239, .F. ) ;
#842 = AXIS2_PLACEMENT_3D ( 'NONE', #1306, #560, #426 ) ;
#843 = ORIENTED_EDGE ( 'NONE', *, *, #223, .F. ) ;
#844 = EDGE_CURVE ( 'NONE', #305, #749, #14, .T. ) ;
#845 = DIRECTION ( 'NONE',  ( 0.000000000000000000, 1.000000000000000000, 0.000000000000000000 ) ) ;
#846 = DIRECTION ( 'NONE',  ( -0.000000000000000000, -1.000000000000000000, -0.000000000000000000 ) ) ;
#847 = AXIS2_PLACEMENT_3D ( 'NONE', #907, #1547, #1586 ) ;
#848 = CARTESIAN_POINT ( 'NONE',  ( -5.000000000000000000, 46.73611111111111427, 1.000000000000000000 ) ) ;
#849 = AXIS2_PLACEMENT_3D ( 'NONE', #758, #1014, #361 ) ;
#850 = VERTEX_POINT ( 'NONE', #934 ) ;
#851 = AXIS2_PLACEMENT_3D ( 'NONE', #707, #311, #1464 ) ;
#852 = PRODUCT_DEFINITION_CONTEXT ( 'detailed design', #486, 'design' ) ;
#853 = ORIENTED_EDGE ( 'NONE', *, *, #1564, .F. ) ;
#854 = LINE ( 'NONE', #1629, #1500 ) ;
#855 = DIRECTION ( 'NONE',  ( 0.000000000000000000, 0.9922778767136675171, 0.1240347345892088421 ) ) ;
#856 = SURFACE_STYLE_USAGE ( .BOTH. , #833 ) ;
#857 = CIRCLE ( 'NONE', #777, 15.00000000000000000 ) ;
#858 = EDGE_LOOP ( 'NONE', ( #1169, #1405, #731, #1652 ) ) ;
#859 = ORIENTED_EDGE ( 'NONE', *, *, #1366, .T. ) ;
#860 = CIRCLE ( 'NONE', #140, 2.500000000000000000 ) ;
#861 = FACE_OUTER_BOUND ( 'NONE', #1142, .T. ) ;
#862 = DIRECTION ( 'NONE',  ( 1.000000000000000000, -0.000000000000000000, -0.000000000000000000 ) ) ;
#863 = CARTESIAN_POINT ( 'NONE',  ( -1.284509493904120836, 48.07540732429880137, 0.3156611409496500320 ) ) ;
#864 = EDGE_CURVE ( 'NONE', #81, #345, #860, .T. ) ;
#865 = VERTEX_POINT ( 'NONE', #20 ) ;
#866 = VECTOR ( 'NONE', #247, 999.9999999999998863 ) ;
#867 = ORIENTED_EDGE ( 'NONE', *, *, #86, .F. ) ;
#868 = FACE_OUTER_BOUND ( 'NONE', #431, .T. ) ;
#869 = CARTESIAN_POINT ( 'NONE',  ( -5.000000000000000000, 46.73611111111111427, -1.000000000000000000 ) ) ;
#870 = DIRECTION ( 'NONE',  ( 0.000000000000000000, -0.000000000000000000, 1.000000000000000000 ) ) ;
#871 = MECHANICAL_DESIGN_GEOMETRIC_PRESENTATION_REPRESENTATION (  '', ( #666 ), #512 ) ;
#872 = ORIENTED_EDGE ( 'NONE', *, *, #1330, .T. ) ;
#873 = DIRECTION ( 'NONE',  ( 0.000000000000000000, 0.000000000000000000, 1.000000000000000000 ) ) ;
#874 = CARTESIAN_POINT ( 'NONE',  ( 20.40354985062703008, 46.23611111111111427, 7.500000000000000000 ) ) ;
#875 = DIRECTION ( 'NONE',  ( 0.000000000000000000, 1.000000000000000000, 0.000000000000000000 ) ) ;
#876 = LINE ( 'NONE', #1395, #342 ) ;
#877 = ORIENTED_EDGE ( 'NONE', *, *, #1018, .F. ) ;
#878 = AXIS2_PLACEMENT_3D ( 'NONE', #1040, #800, #1549 ) ;
#879 = PLANE ( 'NONE',  #1096 ) ;
#880 = DIRECTION ( 'NONE',  ( 0.000000000000000000, 0.9922778767136675171, 0.1240347345892088560 ) ) ;
#881 = ADVANCED_FACE ( 'NONE', ( #423 ), #357, .T. ) ;
#882 = FACE_OUTER_BOUND ( 'NONE', #529, .T. ) ;
#883 = AXIS2_PLACEMENT_3D ( 'NONE', #125, #1120, #236 ) ;
#884 = FACE_OUTER_BOUND ( 'NONE', #933, .T. ) ;
#885 = DIRECTION ( 'NONE',  ( -0.000000000000000000, -1.000000000000000000, -0.000000000000000000 ) ) ;
#886 = ORIENTED_EDGE ( 'NONE', *, *, #54, .F. ) ;
#887 = CYLINDRICAL_SURFACE ( 'NONE', #963, 21.73832667219402737 ) ;
#888 = DIRECTION ( 'NONE',  ( 0.000000000000000000, 1.000000000000000000, 0.000000000000000000 ) ) ;
#889 = FACE_OUTER_BOUND ( 'NONE', #803, .T. ) ;
#890 = VECTOR ( 'NONE', #1316, 1000.000000000000000 ) ;
#891 = EDGE_CURVE ( 'NONE', #1121, #741, #1038, .T. ) ;
#892 =( NAMED_UNIT ( * ) SI_UNIT ( $, .STERADIAN. ) SOLID_ANGLE_UNIT ( ) );
#893 = AXIS2_PLACEMENT_3D ( 'NONE', #1602, #1631, #1084 ) ;
#894 = FACE_OUTER_BOUND ( 'NONE', #946, .T. ) ;
#895 = EDGE_CURVE ( 'NONE', #339, #1355, #167, .T. ) ;
#896 = VERTEX_POINT ( 'NONE', #294 ) ;
#897 = ORIENTED_EDGE ( 'NONE', *, *, #456, .T. ) ;
#898 = CONICAL_SURFACE ( 'NONE', #184, 15.00000000000000000, 0.1243549945467615214 ) ;
#899 = VERTEX_POINT ( 'NONE', #1548 ) ;
#900 = CARTESIAN_POINT ( 'NONE',  ( -20.40354985062703719, 46.23611111111111427, -7.500000000000000000 ) ) ;
#901 = DIRECTION ( 'NONE',  ( -0.000000000000000000, -1.000000000000000000, -0.000000000000000000 ) ) ;
#902 = PLANE ( 'NONE',  #1283 ) ;
#903 = DIRECTION ( 'NONE',  ( 0.000000000000000000, -1.000000000000000000, 0.000000000000000000 ) ) ;
#904 = VERTEX_POINT ( 'NONE', #1164 ) ;
#905 = EDGE_CURVE ( 'NONE', #562, #896, #1181, .T. ) ;
#906 = DIRECTION ( 'NONE',  ( 0.000000000000000000, 0.9922778767136676281, 0.1240347345892084535 ) ) ;
#907 = CARTESIAN_POINT ( 'NONE',  ( 0.000000000000000000, 22.23611111111111427, 0.000000000000000000 ) ) ;
#908 = CYLINDRICAL_SURFACE ( 'NONE', #725, 2.500000000000000000 ) ;
#909 = CONICAL_SURFACE ( 'NONE', #1466, 18.80906147581125509, 0.1243549945467615631 ) ;
#910 = DIRECTION ( 'NONE',  ( 0.000000000000000000, 0.6139406135149202415, 0.7893522173763263261 ) ) ;
#911 = CIRCLE ( 'NONE', #575, 21.98832667219403803 ) ;
#912 = CARTESIAN_POINT ( 'NONE',  ( 0.000000000000000000, 24.23611111111111072, 0.000000000000000000 ) ) ;
#913 = ADVANCED_FACE ( 'NONE', ( #1322 ), #908, .F. ) ;
#914 = ORIENTED_EDGE ( 'NONE', *, *, #1278, .T. ) ;
#915 = CONICAL_SURFACE ( 'NONE', #775, 20.37499999999999645, 0.1243549945467615214 ) ;
#916 = EDGE_CURVE ( 'NONE', #210, #1482, #1308, .T. ) ;
#917 =( NAMED_UNIT ( * ) PLANE_ANGLE_UNIT ( ) SI_UNIT ( $, .RADIAN. ) );
#918 = CARTESIAN_POINT ( 'NONE',  ( -5.000000000000000000, 46.23611111111111427, -1.000000000000000000 ) ) ;
#919 = ORIENTED_EDGE ( 'NONE', *, *, #11, .T. ) ;
#920 = CARTESIAN_POINT ( 'NONE',  ( 3.388714856587163649, 46.91573715075141848, -0.7656565248472917418 ) ) ;
#921 = FACE_OUTER_BOUND ( 'NONE', #25, .T. ) ;
#922 = VECTOR ( 'NONE', #1457, 1000.000000000000000 ) ;
#923 = ORIENTED_EDGE ( 'NONE', *, *, #936, .F. ) ;
#924 = LINE ( 'NONE', #156, #519 ) ;
#925 = FILL_AREA_STYLE ('',( #1321 ) ) ;
#926 = PRESENTATION_LAYER_ASSIGNMENT (  '', '', ( #661 ) ) ;
#927 = DIRECTION ( 'NONE',  ( -1.000000000000000000, -0.000000000000000000, -0.000000000000000000 ) ) ;
#928 = ORIENTED_EDGE ( 'NONE', *, *, #149, .F. ) ;
#929 = CARTESIAN_POINT ( 'NONE',  ( -1.850917413791620669, 47.88410626321775254, -0.3181348165537274952 ) ) ;
#930 = CYLINDRICAL_SURFACE ( 'NONE', #503, 5.000000000000000000 ) ;
#931 = VERTEX_POINT ( 'NONE', #1045 ) ;
#932 = CARTESIAN_POINT ( 'NONE',  ( -3.570714214271429210, 46.73611111111111427, 1.000000000000000000 ) ) ;
#933 = EDGE_LOOP ( 'NONE', ( #872, #1521, #1176, #289 ) ) ;
#934 = CARTESIAN_POINT ( 'NONE',  ( 3.570714214271428322, 46.73611111111111427, -1.000000000000000000 ) ) ;
#935 = ORIENTED_EDGE ( 'NONE', *, *, #990, .F. ) ;
#936 = EDGE_CURVE ( 'NONE', #586, #305, #967, .T. ) ;
#937 = CARTESIAN_POINT ( 'NONE',  ( -3.388971935844908856, 46.91548140639587672, -0.7659594056919745153 ) ) ;
#938 = DIRECTION ( 'NONE',  ( -0.000000000000000000, -0.000000000000000000, -1.000000000000000000 ) ) ;
#939 = VECTOR ( 'NONE', #706, 1000.000000000000114 ) ;
#940 = EDGE_LOOP ( 'NONE', ( #730, #466, #414, #309 ) ) ;
#941 = CARTESIAN_POINT ( 'NONE',  ( -5.000000000000000000, 46.23611111111111427, 1.000000000000000000 ) ) ;
#942 = VECTOR ( 'NONE', #1401, 1000.000000000000114 ) ;
#943 = DIRECTION ( 'NONE',  ( 0.000000000000000000, -0.000000000000000000, 1.000000000000000000 ) ) ;
#944 = ORIENTED_EDGE ( 'NONE', *, *, #1511, .F. ) ;
#945 = CARTESIAN_POINT ( 'NONE',  ( 0.000000000000000000, 20.00000000000000355, 0.000000000000000000 ) ) ;
#946 = EDGE_LOOP ( 'NONE', ( #146, #102 ) ) ;
#947 = CARTESIAN_POINT ( 'NONE',  ( 0.3473157320184808161, 48.23606081663857736, -0.3351647022106425955 ) ) ;
#948 = CARTESIAN_POINT ( 'NONE',  ( -3.570714214271429210, 46.73611111111111427, 1.000000000000000000 ) ) ;
#949 = EDGE_CURVE ( 'NONE', #1352, #1590, #1150, .T. ) ;
#950 = DIRECTION ( 'NONE',  ( -0.000000000000000000, -1.000000000000000000, -0.000000000000000000 ) ) ;
#951 = AXIS2_PLACEMENT_3D ( 'NONE', #343, #1618, #1244 ) ;
#952 = DIRECTION ( 'NONE',  ( -0.000000000000000000, -1.000000000000000000, -0.000000000000000000 ) ) ;
#953 = VECTOR ( 'NONE', #1107, 1000.000000000000000 ) ;
#954 = ORIENTED_EDGE ( 'NONE', *, *, #1213, .F. ) ;
#955 = ORIENTED_EDGE ( 'NONE', *, *, #603, .T. ) ;
#956 = AXIS2_PLACEMENT_3D ( 'NONE', #678, #157, #406 ) ;
#957 = DIRECTION ( 'NONE',  ( 0.000000000000000000, 0.000000000000000000, -1.000000000000000000 ) ) ;
#958 = LINE ( 'NONE', #593, #953 ) ;
#959 = AXIS2_PLACEMENT_3D ( 'NONE', #467, #1392, #116 ) ;
#960 = CARTESIAN_POINT ( 'NONE',  ( 3.570714214271428322, 46.73611111111111427, 1.000000000000000000 ) ) ;
#961 = FACE_BOUND ( 'NONE', #225, .T. ) ;
#962 = EDGE_CURVE ( 'NONE', #175, #1172, #46, .T. ) ;
#963 = AXIS2_PLACEMENT_3D ( 'NONE', #1409, #766, #267 ) ;
#964 = ORIENTED_EDGE ( 'NONE', *, *, #1501, .T. ) ;
#965 = EDGE_LOOP ( 'NONE', ( #1435, #709 ) ) ;
#966 = DIRECTION ( 'NONE',  ( -0.000000000000000000, -0.000000000000000000, -1.000000000000000000 ) ) ;
#967 = CIRCLE ( 'NONE', #798, 17.50000000000000000 ) ;
#968 = DIRECTION ( 'NONE',  ( 0.000000000000000000, 1.000000000000000000, 0.000000000000000000 ) ) ;
#969 = DIRECTION ( 'NONE',  ( 0.000000000000000000, 0.000000000000000000, 1.000000000000000000 ) ) ;
#970 = AXIS2_PLACEMENT_3D ( 'NONE', #551, #60, #681 ) ;
#971 = CONICAL_SURFACE ( 'NONE', #113, 20.37499999999999645, 0.1243549945467615214 ) ;
#972 = EDGE_CURVE ( 'NONE', #973, #1351, #857, .T. ) ;
#973 = VERTEX_POINT ( 'NONE', #1575 ) ;
#974 = ADVANCED_FACE ( 'NONE', ( #1433 ), #158, .T. ) ;
#975 = EDGE_LOOP ( 'NONE', ( #611, #55, #360, #1059 ) ) ;
#976 = PLANE ( 'NONE',  #276 ) ;
#977 = LINE ( 'NONE', #200, #1159 ) ;
#978 = CARTESIAN_POINT ( 'NONE',  ( 0.2615320268466430620, 48.23612400218563323, 0.3351749943240853735 ) ) ;
#979 = AXIS2_PLACEMENT_3D ( 'NONE', #1253, #118, #1151 ) ;
#980 = EDGE_LOOP ( 'NONE', ( #981, #1425, #1356, #303 ) ) ;
#981 = ORIENTED_EDGE ( 'NONE', *, *, #101, .F. ) ;
#982 = FACE_OUTER_BOUND ( 'NONE', #598, .T. ) ;
#983 = EDGE_CURVE ( 'NONE', #633, #773, #68, .T. ) ;
#984 = DIRECTION ( 'NONE',  ( 0.000000000000000000, 0.000000000000000000, -1.000000000000000000 ) ) ;
#985 = AXIS2_PLACEMENT_3D ( 'NONE', #83, #1221, #957 ) ;
#986 = ORIENTED_EDGE ( 'NONE', *, *, #1501, .F. ) ;
#987 = UNCERTAINTY_MEASURE_WITH_UNIT (LENGTH_MEASURE( 1.000000000000000082E-05 ), #589, 'distance_accuracy_value', 'NONE');
#988 = VERTEX_POINT ( 'NONE', #1073 ) ;
#989 = EDGE_CURVE ( 'NONE', #1389, #1474, #1588, .T. ) ;
#990 = EDGE_CURVE ( 'NONE', #741, #1065, #1557, .T. ) ;
#991 = DIRECTION ( 'NONE',  ( -1.000000000000000000, 0.000000000000000000, 0.000000000000000000 ) ) ;
#992 = DIRECTION ( 'NONE',  ( -0.000000000000000000, -1.000000000000000000, -0.000000000000000000 ) ) ;
#993 = ADVANCED_FACE ( 'NONE', ( #284 ), #996, .T. ) ;
#994 = EDGE_CURVE ( 'NONE', #81, #988, #314, .T. ) ;
#995 = PRESENTATION_STYLE_ASSIGNMENT (( #463 ) ) ;
#996 = CONICAL_SURFACE ( 'NONE', #1077, 23.44070340443091993, 0.1243549945467617990 ) ;
#997 = ORIENTED_EDGE ( 'NONE', *, *, #223, .T. ) ;
#998 = EDGE_LOOP ( 'NONE', ( #1117, #1143 ) ) ;
#999 = CARTESIAN_POINT ( 'NONE',  ( 0.000000000000000000, 45.23611111111111427, -22.74610889073134956 ) ) ;
#1000 = CIRCLE ( 'NONE', #578, 21.73832667219403447 ) ;
#1001 = CARTESIAN_POINT ( 'NONE',  ( 0.000000000000000000, 22.23611111111111427, 20.37499999999999645 ) ) ;
#1002 = DIRECTION ( 'NONE',  ( -0.000000000000000000, -1.000000000000000000, -0.000000000000000000 ) ) ;
#1003 = LINE ( 'NONE', #640, #866 ) ;
#1004 = AXIS2_PLACEMENT_3D ( 'NONE', #682, #161, #672 ) ;
#1005 = DIRECTION ( 'NONE',  ( 1.000000000000000000, 0.000000000000000000, 0.000000000000000000 ) ) ;
#1006 = DIRECTION ( 'NONE',  ( 0.000000000000000000, 0.000000000000000000, -1.000000000000000000 ) ) ;
#1007 = DIRECTION ( 'NONE',  ( -0.000000000000000000, -1.000000000000000000, -0.000000000000000000 ) ) ;
#1008 = DIRECTION ( 'NONE',  ( -1.000000000000000000, -0.000000000000000000, -0.000000000000000000 ) ) ;
#1009 = DIRECTION ( 'NONE',  ( 0.000000000000000000, 1.000000000000000000, 0.000000000000000000 ) ) ;
#1010 = ADVANCED_FACE ( 'NONE', ( #1334 ), #491, .F. ) ;
#1011 = ORIENTED_EDGE ( 'NONE', *, *, #663, .T. ) ;
#1012 = EDGE_CURVE ( 'NONE', #523, #850, #34, .T. ) ;
#1013 = ORIENTED_EDGE ( 'NONE', *, *, #103, .T. ) ;
#1014 = DIRECTION ( 'NONE',  ( 1.000000000000000000, 0.000000000000000000, 0.000000000000000000 ) ) ;
#1015 = CARTESIAN_POINT ( 'NONE',  ( 0.000000000000000000, 24.23611111111111072, 0.000000000000000000 ) ) ;
#1016 = FACE_OUTER_BOUND ( 'NONE', #787, .T. ) ;
#1017 = EDGE_LOOP ( 'NONE', ( #1344, #1307, #1384 ) ) ;
#1018 = EDGE_CURVE ( 'NONE', #305, #586, #708, .T. ) ;
#1019 = VECTOR ( 'NONE', #1424, 1000.000000000000000 ) ;
#1020 = CARTESIAN_POINT ( 'NONE',  ( -14.00000000000000000, 47.23611111111111427, -3.500000000000000000 ) ) ;
#1021 = CARTESIAN_POINT ( 'NONE',  ( -14.00000000000000000, 28.23611111111111427, -2.500000000000000000 ) ) ;
#1022 = CARTESIAN_POINT ( 'NONE',  ( 2.870658239399879106E-15, 45.14928679689867153, 23.44070340443091993 ) ) ;
#1023 =( NAMED_UNIT ( * ) PLANE_ANGLE_UNIT ( ) SI_UNIT ( $, .RADIAN. ) );
#1024 = CARTESIAN_POINT ( 'NONE',  ( 0.000000000000000000, 1.500000000000007105, 0.000000000000000000 ) ) ;
#1025 = VERTEX_POINT ( 'NONE', #447 ) ;
#1026 = ORIENTED_EDGE ( 'NONE', *, *, #1512, .F. ) ;
#1027 = ORIENTED_EDGE ( 'NONE', *, *, #719, .F. ) ;
#1028 = CARTESIAN_POINT ( 'NONE',  ( 2.303445693131804196E-15, 21.80198954004889345, -18.80906147581125509 ) ) ;
#1029 = FACE_OUTER_BOUND ( 'NONE', #403, .T. ) ;
#1030 = AXIS2_PLACEMENT_3D ( 'NONE', #1168, #570, #1205 ) ;
#1031 = EDGE_CURVE ( 'NONE', #1025, #391, #1230, .T. ) ;
#1032 = CARTESIAN_POINT ( 'NONE',  ( 1.534070058604107389, 47.99495856141822259, 0.3156611409496500320 ) ) ;
#1033 = VECTOR ( 'NONE', #462, 999.9999999999998863 ) ;
#1034 = CARTESIAN_POINT ( 'NONE',  ( 0.000000000000000000, 24.14928679689865731, 0.000000000000000000 ) ) ;
#1035 = VERTEX_POINT ( 'NONE', #941 ) ;
#1036 = AXIS2_PLACEMENT_3D ( 'NONE', #1507, #13, #645 ) ;
#1037 = DIRECTION ( 'NONE',  ( 0.000000000000000000, 0.000000000000000000, 1.000000000000000000 ) ) ;
#1038 = LINE ( 'NONE', #655, #1643 ) ;
#1039 = EDGE_CURVE ( 'NONE', #1199, #1104, #911, .T. ) ;
#1040 = CARTESIAN_POINT ( 'NONE',  ( -7.500000000000000000, 47.99495856141822259, -1.815661140949651031 ) ) ;
#1041 = CIRCLE ( 'NONE', #325, 20.12110889073134246 ) ;
#1042 = CARTESIAN_POINT ( 'NONE',  ( 0.000000000000000000, 24.14928679689865731, -20.81570340443090927 ) ) ;
#1043 = EDGE_CURVE ( 'NONE', #556, #591, #439, .T. ) ;
#1044 = EDGE_LOOP ( 'NONE', ( #618, #1505, #1182, #62 ) ) ;
#1045 = CARTESIAN_POINT ( 'NONE',  ( 2.498119540451342170E-15, 21.80198954004889345, -18.80906147581125509 ) ) ;
#1046 =( GEOMETRIC_REPRESENTATION_CONTEXT ( 3 ) GLOBAL_UNCERTAINTY_ASSIGNED_CONTEXT ( ( #472 ) ) GLOBAL_UNIT_ASSIGNED_CONTEXT ( ( #1261, #1023, #892 ) ) REPRESENTATION_CONTEXT ( 'NONE', 'WORKASPACE' ) );
#1047 = ORIENTED_EDGE ( 'NONE', *, *, #962, .F. ) ;
#1048 = DIRECTION ( 'NONE',  ( 1.518987406977661439E-17, 0.9922778767136675171, -0.1240347345892088560 ) ) ;
#1049 = VECTOR ( 'NONE', #1393, 1000.000000000000000 ) ;
#1050 = DIRECTION ( 'NONE',  ( 0.000000000000000000, 0.000000000000000000, -1.000000000000000000 ) ) ;
#1051 = ORIENTED_EDGE ( 'NONE', *, *, #989, .T. ) ;
#1052 = EDGE_CURVE ( 'NONE', #850, #1121, #1573, .T. ) ;
#1053 = CONICAL_SURFACE ( 'NONE', #271, 17.50000000000000000, 0.9097531579442095229 ) ;
#1054 = DIRECTION ( 'NONE',  ( 0.000000000000000000, 1.000000000000000000, 0.000000000000000000 ) ) ;
#1055 = DIRECTION ( 'NONE',  ( 0.000000000000000000, 0.9922778767136675171, 0.1240347345892088421 ) ) ;
#1056 = ORIENTED_EDGE ( 'NONE', *, *, #844, .T. ) ;
#1057 = DIRECTION ( 'NONE',  ( 1.215189925582123481E-16, -0.1240347345892193753, 0.9922778767136664069 ) ) ;
#1058 = CARTESIAN_POINT ( 'NONE',  ( 2.464125159832948598E-15, 24.23611111111111072, -20.12110889073134246 ) ) ;
#1059 = ORIENTED_EDGE ( 'NONE', *, *, #824, .F. ) ;
#1060 = CARTESIAN_POINT ( 'NONE',  ( 0.000000000000000000, 47.23611111111111427, 0.000000000000000000 ) ) ;
#1061 = EDGE_CURVE ( 'NONE', #1474, #633, #924, .T. ) ;
#1062 = ADVANCED_FACE ( 'NONE', ( #546 ), #1328, .T. ) ;
#1063 = EDGE_LOOP ( 'NONE', ( #47, #1161, #683, #465 ) ) ;
#1064 = DIRECTION ( 'NONE',  ( -0.000000000000000000, -1.000000000000000000, -0.000000000000000000 ) ) ;
#1065 = VERTEX_POINT ( 'NONE', #51 ) ;
#1066 = CARTESIAN_POINT ( 'NONE',  ( 0.6884099871753921462, 48.20036592975969825, -0.3281165717741129639 ) ) ;
#1067 = FACE_BOUND ( 'NONE', #203, .T. ) ;
#1068 = ORIENTED_EDGE ( 'NONE', *, *, #526, .T. ) ;
#1069 = LINE ( 'NONE', #310, #939 ) ;
#1070 = CARTESIAN_POINT ( 'NONE',  ( -14.00000000000000000, 47.23611111111111427, -3.500000000000000000 ) ) ;
#1071 = ORIENTED_EDGE ( 'NONE', *, *, #367, .T. ) ;
#1072 = EDGE_CURVE ( 'NONE', #1480, #591, #1451, .T. ) ;
#1073 = CARTESIAN_POINT ( 'NONE',  ( -14.00000000000000000, 47.23611111111111427, 2.500000000000000000 ) ) ;
#1074 = ORIENTED_EDGE ( 'NONE', *, *, #1043, .T. ) ;
#1075 = CARTESIAN_POINT ( 'NONE',  ( 3.159288600200286456, 47.11450404008286341, -0.5941750039271995742 ) ) ;
#1076 = CARTESIAN_POINT ( 'NONE',  ( 2.495217853262731799E-15, 22.23611111111111427, -20.37499999999999645 ) ) ;
#1077 = AXIS2_PLACEMENT_3D ( 'NONE', #669, #549, #1567 ) ;
#1078 = VERTEX_POINT ( 'NONE', #572 ) ;
#1079 = CARTESIAN_POINT ( 'NONE',  ( 0.000000000000000000, 47.23611111111111427, 0.000000000000000000 ) ) ;
#1080 = PLANE ( 'NONE',  #794 ) ;
#1081 = ORIENTED_EDGE ( 'NONE', *, *, #101, .T. ) ;
#1082 = ORIENTED_EDGE ( 'NONE', *, *, #1052, .F. ) ;
#1083 = CARTESIAN_POINT ( 'NONE',  ( 0.000000000000000000, 21.80198954004889345, 0.000000000000000000 ) ) ;
#1084 = DIRECTION ( 'NONE',  ( 0.000000000000000000, 0.000000000000000000, -1.000000000000000000 ) ) ;
#1085 = EDGE_CURVE ( 'NONE', #1519, #257, #1069, .T. ) ;
#1086 = CARTESIAN_POINT ( 'NONE',  ( 0.000000000000000000, 47.23611111111111427, 21.98832667219403447 ) ) ;
#1087 = CIRCLE ( 'NONE', #1030, 21.73832667219403447 ) ;
#1088 = DIRECTION ( 'NONE',  ( -0.000000000000000000, -1.000000000000000000, -0.000000000000000000 ) ) ;
#1089 = CIRCLE ( 'NONE', #18, 3.500000000000000000 ) ;
#1090 = VERTEX_POINT ( 'NONE', #1461 ) ;
#1091 = ORIENTED_EDGE ( 'NONE', *, *, #613, .F. ) ;
#1092 = FACE_OUTER_BOUND ( 'NONE', #1369, .T. ) ;
#1093 = LINE ( 'NONE', #1102, #1537 ) ;
#1094 = CARTESIAN_POINT ( 'NONE',  ( 0.5222560994054988859, 48.21549540047756466, 0.3314071734957279025 ) ) ;
#1095 = ADVANCED_FACE ( 'NONE', ( #811 ), #318, .T. ) ;
#1096 = AXIS2_PLACEMENT_3D ( 'NONE', #508, #378, #1399 ) ;
#1097 = PRODUCT_DEFINITION_SHAPE ( 'NONE', 'NONE',  #402 ) ;
#1098 = ORIENTED_EDGE ( 'NONE', *, *, #1043, .F. ) ;
#1099 = EDGE_LOOP ( 'NONE', ( #816, #159, #721, #853 ) ) ;
#1100 = ORIENTED_EDGE ( 'NONE', *, *, #1383, .F. ) ;
#1101 = CARTESIAN_POINT ( 'NONE',  ( 5.000000000000000000, 46.73611111111111427, 1.000000000000000000 ) ) ;
#1102 = CARTESIAN_POINT ( 'NONE',  ( 2.785594944609130334E-15, 45.23611111111111427, 22.74610889073134956 ) ) ;
#1103 = FACE_OUTER_BOUND ( 'NONE', #1534, .T. ) ;
#1104 = VERTEX_POINT ( 'NONE', #1086 ) ;
#1105 = ORIENTED_EDGE ( 'NONE', *, *, #43, .F. ) ;
#1106 = DIRECTION ( 'NONE',  ( 0.000000000000000000, 0.000000000000000000, 1.000000000000000000 ) ) ;
#1107 = DIRECTION ( 'NONE',  ( -0.000000000000000000, -1.000000000000000000, -0.000000000000000000 ) ) ;
#1108 =( NAMED_UNIT ( * ) SI_UNIT ( $, .STERADIAN. ) SOLID_ANGLE_UNIT ( ) );
#1109 = CIRCLE ( 'NONE', #685, 21.73832667219403447 ) ;
#1110 = ORIENTED_EDGE ( 'NONE', *, *, #2, .F. ) ;
#1111 = EDGE_CURVE ( 'NONE', #1254, #562, #354, .T. ) ;
#1112 = EDGE_LOOP ( 'NONE', ( #1313, #897, #181, #1137, #1439, #779 ) ) ;
#1113 = DIRECTION ( 'NONE',  ( -0.000000000000000000, -1.000000000000000000, -0.000000000000000000 ) ) ;
#1114 = DIRECTION ( 'NONE',  ( 0.000000000000000000, 0.000000000000000000, -1.000000000000000000 ) ) ;
#1115 = CARTESIAN_POINT ( 'NONE',  ( 3.037765863794122723, 47.21230057251945311, 0.5265253766729538487 ) ) ;
#1116 = CONICAL_SURFACE ( 'NONE', #105, 18.80906147581125509, 0.1243549945467615631 ) ;
#1117 = ORIENTED_EDGE ( 'NONE', *, *, #1127, .F. ) ;
#1118 = ADVANCED_FACE ( 'NONE', ( #796, #1299 ), #668, .T. ) ;
#1119 = CARTESIAN_POINT ( 'NONE',  ( 0.000000000000000000, 45.23611111111111427, -22.74610889073134956 ) ) ;
#1120 = DIRECTION ( 'NONE',  ( -0.000000000000000000, -1.000000000000000000, -0.000000000000000000 ) ) ;
#1121 = VERTEX_POINT ( 'NONE', #418 ) ;
#1122 = DIRECTION ( 'NONE',  ( -0.000000000000000000, -1.000000000000000000, -0.000000000000000000 ) ) ;
#1123 = CIRCLE ( 'NONE', #65, 13.00000000000000178 ) ;
#1124 = DIRECTION ( 'NONE',  ( 0.000000000000000000, 0.000000000000000000, 1.000000000000000000 ) ) ;
#1125 = LINE ( 'NONE', #1509, #464 ) ;
#1126 = CARTESIAN_POINT ( 'NONE',  ( -5.000000000000000000, 46.73611111111111427, 1.000000000000000000 ) ) ;
#1127 = EDGE_CURVE ( 'NONE', #1104, #1199, #1367, .T. ) ;
#1128 = VERTEX_POINT ( 'NONE', #1177 ) ;
#1129 = AXIS2_PLACEMENT_3D ( 'NONE', #912, #1184, #1421 ) ;
#1130 = DIRECTION ( 'NONE',  ( 0.000000000000000000, 1.000000000000000000, 0.000000000000000000 ) ) ;
#1131 = CARTESIAN_POINT ( 'NONE',  ( 0.000000000000000000, 24.23611111111111072, -20.12110889073134246 ) ) ;
#1132 = DIRECTION ( 'NONE',  ( -0.000000000000000000, -1.000000000000000000, -0.000000000000000000 ) ) ;
#1133 = CARTESIAN_POINT ( 'NONE',  ( -14.00000000000000000, 47.23611111111111427, 0.000000000000000000 ) ) ;
#1134 = EDGE_CURVE ( 'NONE', #1128, #1581, #1440, .T. ) ;
#1135 = EDGE_CURVE ( 'NONE', #351, #175, #1179, .T. ) ;
#1136 = EDGE_LOOP ( 'NONE', ( #805, #841, #197, #1011 ) ) ;
#1137 = ORIENTED_EDGE ( 'NONE', *, *, #734, .T. ) ;
#1138 = CYLINDRICAL_SURFACE ( 'NONE', #693, 1.500000000000000888 ) ;
#1139 = CARTESIAN_POINT ( 'NONE',  ( -5.000000000000000000, 46.23611111111111427, 1.000000000000000000 ) ) ;
#1140 = PRESENTATION_LAYER_ASSIGNMENT (  '', '', ( #132 ) ) ;
#1141 = CARTESIAN_POINT ( 'NONE',  ( 0.000000000000000000, 45.23611111111111427, -22.74610889073134956 ) ) ;
#1142 = EDGE_LOOP ( 'NONE', ( #1026, #756, #843, #579 ) ) ;
#1143 = ORIENTED_EDGE ( 'NONE', *, *, #1039, .F. ) ;
#1144 = ADVANCED_FACE ( 'NONE', ( #261 ), #902, .F. ) ;
#1145 = DIRECTION ( 'NONE',  ( 0.000000000000000000, 0.000000000000000000, 1.000000000000000000 ) ) ;
#1146 = CARTESIAN_POINT ( 'NONE',  ( 0.000000000000000000, 24.23611111111111072, 0.000000000000000000 ) ) ;
#1147 = DIRECTION ( 'NONE',  ( -1.000000000000000000, 0.000000000000000000, 0.000000000000000000 ) ) ;
#1148 = CONICAL_SURFACE ( 'NONE', #1368, 20.12110889073134246, 0.1243549945467618406 ) ;
#1149 = DIRECTION ( 'NONE',  ( -0.000000000000000000, -1.000000000000000000, -0.000000000000000000 ) ) ;
#1150 = CIRCLE ( 'NONE', #1289, 16.49221778146268136 ) ;
#1151 = DIRECTION ( 'NONE',  ( 0.000000000000000000, 0.000000000000000000, -1.000000000000000000 ) ) ;
#1152 = ORIENTED_EDGE ( 'NONE', *, *, #2, .T. ) ;
#1153 = DIRECTION ( 'NONE',  ( -0.000000000000000000, -1.000000000000000000, -0.000000000000000000 ) ) ;
#1154 =( NAMED_UNIT ( * ) SI_UNIT ( $, .STERADIAN. ) SOLID_ANGLE_UNIT ( ) );
#1155 = EDGE_CURVE ( 'NONE', #351, #202, #1532, .T. ) ;
#1156 = CARTESIAN_POINT ( 'NONE',  ( 0.000000000000000000, 45.17409374381653464, 0.000000000000000000 ) ) ;
#1157 = AXIS2_PLACEMENT_3D ( 'NONE', #1034, #656, #1510 ) ;
#1158 = CARTESIAN_POINT ( 'NONE',  ( 3.032256308815540979, 47.21516042548257275, -0.5297629134397052741 ) ) ;
#1159 = VECTOR ( 'NONE', #855, 1000.000000000000114 ) ;
#1160 = DIRECTION ( 'NONE',  ( 0.000000000000000000, 1.000000000000000000, 0.000000000000000000 ) ) ;
#1161 = ORIENTED_EDGE ( 'NONE', *, *, #1638, .F. ) ;
#1162 = AXIS2_PLACEMENT_3D ( 'NONE', #500, #1249, #1636 ) ;
#1163 = CARTESIAN_POINT ( 'NONE',  ( 0.000000000000000000, 45.23611111111111427, 0.000000000000000000 ) ) ;
#1164 = CARTESIAN_POINT ( 'NONE',  ( 20.40354985062703008, 46.23611111111111427, 7.500000000000001776 ) ) ;
#1165 = CIRCLE ( 'NONE', #826, 20.81570340443090927 ) ;
#1166 = DIRECTION ( 'NONE',  ( 0.000000000000000000, 0.000000000000000000, 1.000000000000000000 ) ) ;
#1167 = COLOUR_RGB ( '',0.7921568627450980005, 0.8196078431372548767, 0.9333333333333333481 ) ;
#1168 = CARTESIAN_POINT ( 'NONE',  ( 0.000000000000000000, 46.23611111111111427, 0.000000000000000000 ) ) ;
#1169 = ORIENTED_EDGE ( 'NONE', *, *, #367, .F. ) ;
#1170 = CARTESIAN_POINT ( 'NONE',  ( 0.000000000000000000, 44.23611111111111427, 0.000000000000000000 ) ) ;
#1171 = CARTESIAN_POINT ( 'NONE',  ( -14.00000000000000000, 28.23611111111111427, 0.000000000000000000 ) ) ;
#1172 = VERTEX_POINT ( 'NONE', #1032 ) ;
#1173 = LINE ( 'NONE', #40, #1312 ) ;
#1174 = CIRCLE ( 'NONE', #1478, 21.73832667219403447 ) ;
#1175 = LINE ( 'NONE', #1428, #922 ) ;
#1176 = ORIENTED_EDGE ( 'NONE', *, *, #1404, .F. ) ;
#1177 = CARTESIAN_POINT ( 'NONE',  ( 20.40354985062703008, 46.23611111111111427, -7.500000000000000000 ) ) ;
#1178 = EDGE_CURVE ( 'NONE', #1544, #931, #497, .T. ) ;
#1179 = B_SPLINE_CURVE_WITH_KNOTS ( 'NONE', 3,
 ( #932, #300, #804, #183, #399, #1525, #754, #518 ),
 .UNSPECIFIED., .F., .F.,
 ( 4, 2, 2, 4 ),
 ( 9.260889149320063899E-18, 0.0006448077568347750348, 0.001289615513669540962, 0.002579231027339084527 ),
 .UNSPECIFIED. ) ;
#1180 = APPLICATION_PROTOCOL_DEFINITION ( 'draft international standard', 'automotive_design', 1998, #486 ) ;
#1181 = LINE ( 'NONE', #689, #820 ) ;
#1182 = ORIENTED_EDGE ( 'NONE', *, *, #21, .T. ) ;
#1183 = CARTESIAN_POINT ( 'NONE',  ( 0.000000000000000000, 44.23611111111111427, 21.61332667219403447 ) ) ;
#1184 = DIRECTION ( 'NONE',  ( -0.000000000000000000, -1.000000000000000000, -0.000000000000000000 ) ) ;
#1185 = CIRCLE ( 'NONE', #1398, 21.73832667219402737 ) ;
#1186 = ORIENTED_EDGE ( 'NONE', *, *, #604, .F. ) ;
#1187 = DIRECTION ( 'NONE',  ( -0.000000000000000000, -1.000000000000000000, -0.000000000000000000 ) ) ;
#1188 = ORIENTED_EDGE ( 'NONE', *, *, #419, .T. ) ;
#1189 =( NAMED_UNIT ( * ) SI_UNIT ( $, .STERADIAN. ) SOLID_ANGLE_UNIT ( ) );
#1190 = AXIS2_PLACEMENT_3D ( 'NONE', #1146, #888, #873 ) ;
#1191 = DIRECTION ( 'NONE',  ( -0.000000000000000000, -1.000000000000000000, -0.000000000000000000 ) ) ;
#1192 = ORIENTED_EDGE ( 'NONE', *, *, #243, .T. ) ;
#1193 = CARTESIAN_POINT ( 'NONE',  ( -14.00000000000000000, 47.23611111111111427, 0.000000000000000000 ) ) ;
#1194 = CARTESIAN_POINT ( 'NONE',  ( 0.000000000000000000, 45.23611111111111427, 0.000000000000000000 ) ) ;
#1195 = VECTOR ( 'NONE', #757, 1000.000000000000000 ) ;
#1196 = ORIENTED_EDGE ( 'NONE', *, *, #104, .T. ) ;
#1197 = DIRECTION ( 'NONE',  ( 0.000000000000000000, 0.000000000000000000, -1.000000000000000000 ) ) ;
#1198 = PLANE ( 'NONE',  #188 ) ;
#1199 = VERTEX_POINT ( 'NONE', #111 ) ;
#1200 = DIRECTION ( 'NONE',  ( -0.000000000000000000, 1.000000000000000000, -0.000000000000000000 ) ) ;
#1201 = EDGE_CURVE ( 'NONE', #1351, #586, #776, .T. ) ;
#1202 = ORIENTED_EDGE ( 'NONE', *, *, #230, .T. ) ;
#1203 = CARTESIAN_POINT ( 'NONE',  ( 0.000000000000000000, 20.00000000000000355, 0.000000000000000000 ) ) ;
#1204 = AXIS2_PLACEMENT_3D ( 'NONE', #1622, #353, #1468 ) ;
#1205 = DIRECTION ( 'NONE',  ( 0.000000000000000000, 0.000000000000000000, 1.000000000000000000 ) ) ;
#1206 = DIRECTION ( 'NONE',  ( -0.000000000000000000, -1.000000000000000000, -0.000000000000000000 ) ) ;
#1207 = SURFACE_STYLE_FILL_AREA ( #697 ) ;
#1208 = VECTOR ( 'NONE', #712, 1000.000000000000000 ) ;
#1209 = ORIENTED_EDGE ( 'NONE', *, *, #780, .F. ) ;
#1210 = ADVANCED_FACE ( 'NONE', ( #884 ), #1252, .F. ) ;
#1211 = ADVANCED_FACE ( 'NONE', ( #647 ), #915, .T. ) ;
#1212 = VERTEX_POINT ( 'NONE', #638 ) ;
#1213 = EDGE_CURVE ( 'NONE', #586, #865, #1125, .T. ) ;
#1214 = DIRECTION ( 'NONE',  ( 0.000000000000000000, -1.000000000000000000, 0.000000000000000000 ) ) ;
#1215 = ADVANCED_FACE ( 'NONE', ( #1648 ), #193, .T. ) ;
#1216 = CARTESIAN_POINT ( 'NONE',  ( 2.828126592004504522E-15, 45.23611111111111427, 22.74610889073134956 ) ) ;
#1217 = CARTESIAN_POINT ( 'NONE',  ( 0.000000000000000000, 20.00000000000000355, 0.000000000000000000 ) ) ;
#1218 = CIRCLE ( 'NONE', #1569, 20.81570340443090927 ) ;
#1219 = ORIENTED_EDGE ( 'NONE', *, *, #1459, .F. ) ;
#1220 = ORIENTED_EDGE ( 'NONE', *, *, #1134, .F. ) ;
#1221 = DIRECTION ( 'NONE',  ( -0.000000000000000000, -1.000000000000000000, -0.000000000000000000 ) ) ;
#1222 = CARTESIAN_POINT ( 'NONE',  ( 0.000000000000000000, 45.23611111111111427, 0.000000000000000000 ) ) ;
#1223 = MANIFOLD_SOLID_BREP ( 'Cut-Revolve2', #430 ) ;
#1224 = APPLICATION_CONTEXT ( 'automotive_design' ) ;
#1225 = ORIENTED_EDGE ( 'NONE', *, *, #1635, .F. ) ;
#1226 = EDGE_LOOP ( 'NONE', ( #499, #1234, #82, #584 ) ) ;
#1227 = CARTESIAN_POINT ( 'NONE',  ( 1.592040838891559293E-15, 0.000000000000000000, 13.00000000000000178 ) ) ;
#1228 = CARTESIAN_POINT ( 'NONE',  ( 0.000000000000000000, 46.23611111111111427, 0.000000000000000000 ) ) ;
#1229 = CARTESIAN_POINT ( 'NONE',  ( 3.467940412743916401, 46.84096136081655715, 0.8381797748116657232 ) ) ;
#1230 = CIRCLE ( 'NONE', #1284, 23.50000000000000000 ) ;
#1231 = EDGE_CURVE ( 'NONE', #651, #114, #1380, .T. ) ;
#1232 = AXIS2_PLACEMENT_3D ( 'NONE', #753, #614, #117 ) ;
#1233 = ORIENTED_EDGE ( 'NONE', *, *, #206, .F. ) ;
#1234 = ORIENTED_EDGE ( 'NONE', *, *, #972, .F. ) ;
#1235 = CARTESIAN_POINT ( 'NONE',  ( -20.40354985062703719, 46.23611111111111427, 7.500000000000000000 ) ) ;
#1236 = DIRECTION ( 'NONE',  ( -0.000000000000000000, -1.000000000000000000, -0.000000000000000000 ) ) ;
#1237 = DIRECTION ( 'NONE',  ( 0.000000000000000000, 0.000000000000000000, -1.000000000000000000 ) ) ;
#1238 = CONICAL_SURFACE ( 'NONE', #1004, 15.00000000000000000, 0.1243549945467615214 ) ;
#1239 = EDGE_CURVE ( 'NONE', #1128, #1335, #1656, .T. ) ;
#1240 = EDGE_LOOP ( 'NONE', ( #867, #185, #545, #1568 ) ) ;
#1241 = CIRCLE ( 'NONE', #478, 18.80906147581125509 ) ;
#1242 = DIRECTION ( 'NONE',  ( 0.000000000000000000, 0.000000000000000000, 1.000000000000000000 ) ) ;
#1243 = LINE ( 'NONE', #1139, #1049 ) ;
#1244 = DIRECTION ( 'NONE',  ( 0.000000000000000000, 0.000000000000000000, -1.000000000000000000 ) ) ;
#1245 = CIRCLE ( 'NONE', #26, 14.17971778146267603 ) ;
#1246 = EDGE_LOOP ( 'NONE', ( #194, #451 ) ) ;
#1247 = AXIS2_PLACEMENT_3D ( 'NONE', #448, #583, #574 ) ;
#1248 = LINE ( 'NONE', #1514, #1304 ) ;
#1249 = DIRECTION ( 'NONE',  ( 0.000000000000000000, 1.000000000000000000, 0.000000000000000000 ) ) ;
#1250 = EDGE_CURVE ( 'NONE', #1455, #591, #1000, .T. ) ;
#1251 = CARTESIAN_POINT ( 'NONE',  ( 0.000000000000000000, 45.17409374381653464, -23.24224782908799725 ) ) ;
#1252 = PLANE ( 'NONE',  #1504 ) ;
#1253 = CARTESIAN_POINT ( 'NONE',  ( 0.000000000000000000, 45.17409374381653464, 0.000000000000000000 ) ) ;
#1254 = VERTEX_POINT ( 'NONE', #1183 ) ;
#1255 = CONICAL_SURFACE ( 'NONE', #72, 21.61332667219403447, 0.1243549945467614382 ) ;
#1256 = ORIENTED_EDGE ( 'NONE', *, *, #674, .F. ) ;
#1257 = DIRECTION ( 'NONE',  ( 0.000000000000000000, 0.000000000000000000, -1.000000000000000000 ) ) ;
#1258 = PLANE ( 'NONE',  #834 ) ;
#1259 = EDGE_CURVE ( 'NONE', #749, #210, #541, .T. ) ;
#1260 = EDGE_CURVE ( 'NONE', #1590, #1544, #48, .T. ) ;
#1261 =( LENGTH_UNIT ( ) NAMED_UNIT ( * ) SI_UNIT ( .MILLI., .METRE. ) );
#1262 = DIRECTION ( 'NONE',  ( -0.000000000000000000, -1.000000000000000000, -0.000000000000000000 ) ) ;
#1263 = ORIENTED_EDGE ( 'NONE', *, *, #358, .T. ) ;
#1264 = CONICAL_SURFACE ( 'NONE', #555, 13.00000000000000178, 0.7853981633974500554 ) ;
#1265 = DIRECTION ( 'NONE',  ( -0.000000000000000000, -0.000000000000000000, -1.000000000000000000 ) ) ;
#1266 = CARTESIAN_POINT ( 'NONE',  ( 0.000000000000000000, 20.00000000000000355, 16.49221778146268136 ) ) ;
#1267 = DIRECTION ( 'NONE',  ( -0.000000000000000000, -1.000000000000000000, -0.000000000000000000 ) ) ;
#1268 = PRESENTATION_STYLE_ASSIGNMENT (( #495 ) ) ;
#1269 = DIRECTION ( 'NONE',  ( -0.000000000000000000, -1.000000000000000000, -0.000000000000000000 ) ) ;
#1270 = ORIENTED_EDGE ( 'NONE', *, *, #1085, .F. ) ;
#1271 = CONICAL_SURFACE ( 'NONE', #344, 20.81570340443090927, 1.446441332248124212 ) ;
#1272 = VECTOR ( 'NONE', #557, 1000.000000000000000 ) ;
#1273 = LINE ( 'NONE', #122, #265 ) ;
#1274 = FACE_OUTER_BOUND ( 'NONE', #1063, .T. ) ;
#1275 = CARTESIAN_POINT ( 'NONE',  ( 20.40354985062703008, 45.23611111111111427, -7.500000000000000000 ) ) ;
#1276 = DIRECTION ( 'NONE',  ( 0.000000000000000000, -0.000000000000000000, -1.000000000000000000 ) ) ;
#1277 = DIRECTION ( 'NONE',  ( 0.000000000000000000, 1.000000000000000000, 0.000000000000000000 ) ) ;
#1278 = EDGE_CURVE ( 'NONE', #850, #1121, #1292, .T. ) ;
#1279 = ORIENTED_EDGE ( 'NONE', *, *, #1635, .T. ) ;
#1280 = EDGE_CURVE ( 'NONE', #114, #799, #832, .T. ) ;
#1281 = EDGE_CURVE ( 'NONE', #155, #1352, #1336, .T. ) ;
#1282 = ADVANCED_FACE ( 'NONE', ( #22 ), #536, .F. ) ;
#1283 = AXIS2_PLACEMENT_3D ( 'NONE', #631, #237, #747 ) ;
#1284 = AXIS2_PLACEMENT_3D ( 'NONE', #1060, #950, #1197 ) ;
#1285 = CARTESIAN_POINT ( 'NONE',  ( -14.00000000000000000, 44.23611111111111427, 2.500000000000000000 ) ) ;
#1286 = SURFACE_STYLE_FILL_AREA ( #925 ) ;
#1287 = DIRECTION ( 'NONE',  ( 0.000000000000000000, -0.000000000000000000, -1.000000000000000000 ) ) ;
#1288 = CARTESIAN_POINT ( 'NONE',  ( 0.000000000000000000, 22.23611111111111427, 0.000000000000000000 ) ) ;
#1289 = AXIS2_PLACEMENT_3D ( 'NONE', #945, #1191, #566 ) ;
#1290 = CARTESIAN_POINT ( 'NONE',  ( -14.00000000000000000, 47.23611111111111427, 0.000000000000000000 ) ) ;
#1291 = EDGE_LOOP ( 'NONE', ( #1091, #997, #1192, #50 ) ) ;
#1292 = B_SPLINE_CURVE_WITH_KNOTS ( 'NONE', 3,
 ( #569, #425, #920, #1075, #1158, #1324, #1420, #1314, #1592, #1427, #444, #1066, #947, #279, #1577, #153, #1296, #819, #929, #664, #1570, #792, #1437, #316, #1456, #937, #169, #1305 ),
 .UNSPECIFIED., .F., .F.,
 ( 4, 2, 2, 2, 2, 2, 2, 2, 2, 2, 2, 2, 2, 4 ),
 ( 9.677984804365000800E-18, 0.0005179402210644976990, 0.001035880442128985857, 0.001553820663193473690, 0.002071760884257961739, 0.003107641326386937405, 0.004143521768515913938, 0.005179402210644889169, 0.005697342431709379387, 0.006215282652773869605, 0.006733222873838358956, 0.007251163094902848306, 0.007769103315967339392, 0.008287043537031829610 ),
 .UNSPECIFIED. ) ;
#1293 = DIRECTION ( 'NONE',  ( 0.000000000000000000, -0.000000000000000000, 1.000000000000000000 ) ) ;
#1294 = DIRECTION ( 'NONE',  ( 0.000000000000000000, 0.000000000000000000, -1.000000000000000000 ) ) ;
#1295 = AXIS2_PLACEMENT_3D ( 'NONE', #1649, #748, #255 ) ;
#1296 = CARTESIAN_POINT ( 'NONE',  ( -1.358726561363666097, 48.05105425716119072, -0.3157877181952423173 ) ) ;
#1297 = DIRECTION ( 'NONE',  ( 0.000000000000000000, 0.000000000000000000, -1.000000000000000000 ) ) ;
#1298 = EDGE_LOOP ( 'NONE', ( #1186, #828, #178, #1027 ) ) ;
#1299 = FACE_OUTER_BOUND ( 'NONE', #965, .T. ) ;
#1300 = MECHANICAL_DESIGN_GEOMETRIC_PRESENTATION_REPRESENTATION (  '', ( #661 ), #52 ) ;
#1301 = ADVANCED_FACE ( 'NONE', ( #160 ), #1255, .T. ) ;
#1302 = CARTESIAN_POINT ( 'NONE',  ( -14.00000000000000000, 44.23611111111111427, 0.000000000000000000 ) ) ;
#1303 = ORIENTED_EDGE ( 'NONE', *, *, #727, .T. ) ;
#1304 = VECTOR ( 'NONE', #751, 1000.000000000000000 ) ;
#1305 = CARTESIAN_POINT ( 'NONE',  ( -3.570714214271429654, 46.73611111111111427, -1.000000000000000000 ) ) ;
#1306 = CARTESIAN_POINT ( 'NONE',  ( 0.000000000000000000, -1.052223366288350623E-15, 0.000000000000000000 ) ) ;
#1307 = ORIENTED_EDGE ( 'NONE', *, *, #727, .F. ) ;
#1308 = CIRCLE ( 'NONE', #1523, 20.61724782908817133 ) ;
#1309 = DIRECTION ( 'NONE',  ( 0.000000000000000000, 1.000000000000000000, 0.000000000000000000 ) ) ;
#1310 = CARTESIAN_POINT ( 'NONE',  ( 0.000000000000000000, 0.000000000000000000, -13.00000000000000178 ) ) ;
#1311 = CARTESIAN_POINT ( 'NONE',  ( 0.000000000000000000, 20.00000000000000355, 17.50000000000000000 ) ) ;
#1312 = VECTOR ( 'NONE', #1057, 999.9999999999998863 ) ;
#1313 = ORIENTED_EDGE ( 'NONE', *, *, #1404, .T. ) ;
#1314 = CARTESIAN_POINT ( 'NONE',  ( 2.319579712572041874, 47.66881313717807700, -0.3489136516850671610 ) ) ;
#1315 = AXIS2_PLACEMENT_3D ( 'NONE', #1516, #646, #107 ) ;
#1316 = DIRECTION ( 'NONE',  ( -1.000000000000000000, 0.000000000000000000, 0.000000000000000000 ) ) ;
#1317 = EDGE_CURVE ( 'NONE', #988, #1090, #35, .T. ) ;
#1318 = ORIENTED_EDGE ( 'NONE', *, *, #1541, .T. ) ;
#1319 = DIRECTION ( 'NONE',  ( 0.000000000000000000, 0.000000000000000000, -1.000000000000000000 ) ) ;
#1320 = ORIENTED_EDGE ( 'NONE', *, *, #204, .T. ) ;
#1321 = FILL_AREA_STYLE_COLOUR ( '', #288 ) ;
#1322 = FACE_OUTER_BOUND ( 'NONE', #1044, .T. ) ;
#1323 = ORIENTED_EDGE ( 'NONE', *, *, #1340, .F. ) ;
#1324 = CARTESIAN_POINT ( 'NONE',  ( 2.762386136257542812, 47.40703841840906563, -0.4314757163167981524 ) ) ;
#1325 = DIRECTION ( 'NONE',  ( 0.000000000000000000, 0.000000000000000000, -1.000000000000000000 ) ) ;
#1326 = AXIS2_PLACEMENT_3D ( 'NONE', #348, #1236, #581 ) ;
#1327 = VERTEX_POINT ( 'NONE', #30 ) ;
#1328 = CYLINDRICAL_SURFACE ( 'NONE', #92, 21.73832667219403447 ) ;
#1329 = CARTESIAN_POINT ( 'NONE',  ( 1.878114385539520573E-15, 1.500000000000007105, -14.17971778146267603 ) ) ;
#1330 = EDGE_CURVE ( 'NONE', #899, #850, #691, .T. ) ;
#1331 = VECTOR ( 'NONE', #38, 1000.000000000000000 ) ;
#1332 = ORIENTED_EDGE ( 'NONE', *, *, #603, .F. ) ;
#1333 = CONICAL_SURFACE ( 'NONE', #985, 22.74610889073134956, 1.446441332248133982 ) ;
#1334 = FACE_OUTER_BOUND ( 'NONE', #211, .T. ) ;
#1335 = VERTEX_POINT ( 'NONE', #415 ) ;
#1336 = LINE ( 'NONE', #189, #1616 ) ;
#1337 = CARTESIAN_POINT ( 'NONE',  ( 0.000000000000000000, 46.73611111111111427, 1.000000000000000000 ) ) ;
#1338 = VECTOR ( 'NONE', #1265, 1000.000000000000000 ) ;
#1339 = CARTESIAN_POINT ( 'NONE',  ( 0.000000000000000000, 46.23611111111111427, 0.000000000000000000 ) ) ;
#1340 = EDGE_CURVE ( 'NONE', #1634, #1613, #1173, .T. ) ;
#1341 = DIRECTION ( 'NONE',  ( 0.000000000000000000, 1.000000000000000000, 0.000000000000000000 ) ) ;
#1342 = EDGE_CURVE ( 'NONE', #1078, #807, #675, .T. ) ;
#1343 = VERTEX_POINT ( 'NONE', #96 ) ;
#1344 = ORIENTED_EDGE ( 'NONE', *, *, #837, .F. ) ;
#1345 = ORIENTED_EDGE ( 'NONE', *, *, #990, .T. ) ;
#1346 = FACE_OUTER_BOUND ( 'NONE', #163, .T. ) ;
#1347 = VECTOR ( 'NONE', #1008, 1000.000000000000000 ) ;
#1348 = CARTESIAN_POINT ( 'NONE',  ( 0.000000000000000000, 45.23611111111111427, -22.74610889073134956 ) ) ;
#1349 = CIRCLE ( 'NONE', #622, 23.44070340443091993 ) ;
#1350 = CARTESIAN_POINT ( 'NONE',  ( 3.338512470714810387, 46.96336728142317440, 0.7155502477381997517 ) ) ;
#1351 = VERTEX_POINT ( 'NONE', #476 ) ;
#1352 = VERTEX_POINT ( 'NONE', #607 ) ;
#1353 = CARTESIAN_POINT ( 'NONE',  ( 0.000000000000000000, 21.80198954004889345, 18.80906147581125509 ) ) ;
#1354 = CARTESIAN_POINT ( 'NONE',  ( -14.00000000000000000, 44.23611111111111427, 0.000000000000000000 ) ) ;
#1355 = VERTEX_POINT ( 'NONE', #1227 ) ;
#1356 = ORIENTED_EDGE ( 'NONE', *, *, #149, .T. ) ;
#1357 = DIRECTION ( 'NONE',  ( 0.000000000000000000, 0.9922778767136676281, 0.1240347345892085784 ) ) ;
#1358 = DIRECTION ( 'NONE',  ( -0.000000000000000000, -1.000000000000000000, -0.000000000000000000 ) ) ;
#1359 = EDGE_CURVE ( 'NONE', #263, #899, #600, .T. ) ;
#1360 = CARTESIAN_POINT ( 'NONE',  ( 1.534070058604107389, 47.99495856141822259, 0.3156611409496500320 ) ) ;
#1361 = ORIENTED_EDGE ( 'NONE', *, *, #543, .T. ) ;
#1362 = ORIENTED_EDGE ( 'NONE', *, *, #891, .T. ) ;
#1363 = DIRECTION ( 'NONE',  ( 0.000000000000000000, 0.000000000000000000, 1.000000000000000000 ) ) ;
#1364 = LINE ( 'NONE', #1477, #761 ) ;
#1365 =( NAMED_UNIT ( * ) PLANE_ANGLE_UNIT ( ) SI_UNIT ( $, .RADIAN. ) );
#1366 = EDGE_CURVE ( 'NONE', #1645, #1355, #1123, .T. ) ;
#1367 = CIRCLE ( 'NONE', #648, 21.98832667219403803 ) ;
#1368 = AXIS2_PLACEMENT_3D ( 'NONE', #1015, #380, #251 ) ;
#1369 = EDGE_LOOP ( 'NONE', ( #923, #89, #138, #1606 ) ) ;
#1370 = UNCERTAINTY_MEASURE_WITH_UNIT (LENGTH_MEASURE( 1.000000000000000082E-05 ), #99, 'distance_accuracy_value', 'NONE');
#1371 = ORIENTED_EDGE ( 'NONE', *, *, #349, .F. ) ;
#1372 = DIRECTION ( 'NONE',  ( 0.000000000000000000, 0.000000000000000000, -1.000000000000000000 ) ) ;
#1373 = LINE ( 'NONE', #213, #1033 ) ;
#1374 = CARTESIAN_POINT ( 'NONE',  ( 3.570714214271427878, 46.73611111111111427, 1.000000000000000000 ) ) ;
#1375 = AXIS2_PLACEMENT_3D ( 'NONE', #665, #287, #1050 ) ;
#1376 = ORIENTED_EDGE ( 'NONE', *, *, #936, .T. ) ;
#1377 = ORIENTED_EDGE ( 'NONE', *, *, #567, .T. ) ;
#1378 = DIRECTION ( 'NONE',  ( -0.000000000000000000, 1.000000000000000000, -0.000000000000000000 ) ) ;
#1379 = CARTESIAN_POINT ( 'NONE',  ( 0.000000000000000000, 45.23611111111111427, 0.000000000000000000 ) ) ;
#1380 = LINE ( 'NONE', #136, #1419 ) ;
#1381 = DIRECTION ( 'NONE',  ( 0.000000000000000000, 0.000000000000000000, 1.000000000000000000 ) ) ;
#1382 = AXIS2_PLACEMENT_3D ( 'NONE', #644, #1130, #1145 ) ;
#1383 = EDGE_CURVE ( 'NONE', #694, #257, #710, .T. ) ;
#1384 = ORIENTED_EDGE ( 'NONE', *, *, #619, .F. ) ;
#1385 = DIRECTION ( 'NONE',  ( 0.000000000000000000, 0.000000000000000000, -1.000000000000000000 ) ) ;
#1386 = FACE_OUTER_BOUND ( 'NONE', #772, .T. ) ;
#1387 = FILL_AREA_STYLE_COLOUR ( '', #617 ) ;
#1388 = FACE_OUTER_BOUND ( 'NONE', #4, .T. ) ;
#1389 = VERTEX_POINT ( 'NONE', #340 ) ;
#1390 = AXIS2_PLACEMENT_3D ( 'NONE', #363, #762, #502 ) ;
#1391 = LINE ( 'NONE', #249, #1195 ) ;
#1392 = DIRECTION ( 'NONE',  ( -0.000000000000000000, -1.000000000000000000, -0.000000000000000000 ) ) ;
#1393 = DIRECTION ( 'NONE',  ( -0.000000000000000000, -1.000000000000000000, -0.000000000000000000 ) ) ;
#1394 = CARTESIAN_POINT ( 'NONE',  ( 5.000000000000000000, 46.73611111111111427, 1.000000000000000000 ) ) ;
#1395 = CARTESIAN_POINT ( 'NONE',  ( -3.570714214271429210, 46.73611111111111427, 1.000000000000000000 ) ) ;
#1396 = ORIENTED_EDGE ( 'NONE', *, *, #734, .F. ) ;
#1397 = CIRCLE ( 'NONE', #842, 15.00000000000000000 ) ;
#1398 = AXIS2_PLACEMENT_3D ( 'NONE', #1228, #968, #355 ) ;
#1399 = DIRECTION ( 'NONE',  ( -1.000000000000000000, 0.000000000000000000, 0.000000000000000000 ) ) ;
#1400 = DIRECTION ( 'NONE',  ( 1.000000000000000000, -0.000000000000000000, -0.000000000000000000 ) ) ;
#1401 = DIRECTION ( 'NONE',  ( 0.000000000000000000, 0.9922778767136675171, 0.1240347345892088005 ) ) ;
#1402 = CARTESIAN_POINT ( 'NONE',  ( 20.40354985062703008, 46.23611111111111427, -7.500000000000000000 ) ) ;
#1403 = CARTESIAN_POINT ( 'NONE',  ( 0.000000000000000000, 20.00000000000000355, 17.50000000000000000 ) ) ;
#1404 = EDGE_CURVE ( 'NONE', #263, #523, #854, .T. ) ;
#1405 = ORIENTED_EDGE ( 'NONE', *, *, #376, .T. ) ;
#1406 = ORIENTED_EDGE ( 'NONE', *, *, #1052, .T. ) ;
#1407 = CIRCLE ( 'NONE', #321, 14.17971778146267603 ) ;
#1408 = AXIS2_PLACEMENT_3D ( 'NONE', #1163, #952, #19 ) ;
#1409 = CARTESIAN_POINT ( 'NONE',  ( 0.000000000000000000, 46.23611111111111427, 0.000000000000000000 ) ) ;
#1410 = CARTESIAN_POINT ( 'NONE',  ( 0.000000000000000000, 1.000000000000000000, 0.000000000000000000 ) ) ;
#1411 = DIRECTION ( 'NONE',  ( 0.000000000000000000, 0.000000000000000000, -1.000000000000000000 ) ) ;
#1412 = SURFACE_STYLE_FILL_AREA ( #144 ) ;
#1413 = DIRECTION ( 'NONE',  ( 1.000000000000000000, 0.000000000000000000, -0.000000000000000000 ) ) ;
#1414 = ORIENTED_EDGE ( 'NONE', *, *, #949, .T. ) ;
#1415 = AXIS2_PLACEMENT_3D ( 'NONE', #199, #205, #1363 ) ;
#1416 = VECTOR ( 'NONE', #1055, 1000.000000000000114 ) ;
#1417 = LINE ( 'NONE', #277, #698 ) ;
#1418 = CARTESIAN_POINT ( 'NONE',  ( 0.000000000000000000, 24.17409374381648846, 0.000000000000000000 ) ) ;
#1419 = VECTOR ( 'NONE', #1517, 1000.000000000000114 ) ;
#1420 = CARTESIAN_POINT ( 'NONE',  ( 2.617282779950059091, 47.49980999173703822, -0.3970185048501188030 ) ) ;
#1421 = DIRECTION ( 'NONE',  ( 0.000000000000000000, 0.000000000000000000, -1.000000000000000000 ) ) ;
#1422 = EDGE_LOOP ( 'NONE', ( #1081, #241, #1100, #1256 ) ) ;
#1423 = ADVANCED_FACE ( 'NONE', ( #1346 ), #976, .F. ) ;
#1424 = DIRECTION ( 'NONE',  ( -0.000000000000000000, -1.000000000000000000, -0.000000000000000000 ) ) ;
#1425 = ORIENTED_EDGE ( 'NONE', *, *, #1340, .T. ) ;
#1426 = CIRCLE ( 'NONE', #979, 23.24224782908818199 ) ;
#1427 = CARTESIAN_POINT ( 'NONE',  ( 1.693910720116715396, 47.95298869142042264, -0.3098031615644281089 ) ) ;
#1428 = CARTESIAN_POINT ( 'NONE',  ( 5.000000000000000000, 46.23611111111111427, -1.000000000000000000 ) ) ;
#1429 = ORIENTED_EDGE ( 'NONE', *, *, #1231, .F. ) ;
#1430 = DIRECTION ( 'NONE',  ( 1.215189925582124714E-16, -0.1240347345892096331, 0.9922778767136674061 ) ) ;
#1431 = EDGE_CURVE ( 'NONE', #591, #1327, #1475, .T. ) ;
#1432 = ADVANCED_FACE ( 'NONE', ( #829 ), #836, .T. ) ;
#1433 = FACE_OUTER_BOUND ( 'NONE', #187, .T. ) ;
#1434 = ADVANCED_FACE ( 'NONE', ( #1092 ), #1053, .T. ) ;
#1435 = ORIENTED_EDGE ( 'NONE', *, *, #623, .F. ) ;
#1436 = COLOUR_RGB ( '',0.7921568627450980005, 0.8196078431372548767, 0.9333333333333333481 ) ;
#1437 = CARTESIAN_POINT ( 'NONE',  ( -2.762933353795065994, 47.40668087518972129, -0.4316180462807081564 ) ) ;
#1438 = FACE_OUTER_BOUND ( 'NONE', #1240, .T. ) ;
#1439 = ORIENTED_EDGE ( 'NONE', *, *, #780, .T. ) ;
#1440 = LINE ( 'NONE', #554, #1589 ) ;
#1441 = VERTEX_POINT ( 'NONE', #1498 ) ;
#1442 = FACE_OUTER_BOUND ( 'NONE', #1291, .T. ) ;
#1443 = DIRECTION ( 'NONE',  ( 1.518987406977656201E-17, 0.9922778767136676281, -0.1240347345892084535 ) ) ;
#1444 = AXIS2_PLACEMENT_3D ( 'NONE', #790, #413, #1287 ) ;
#1445 = VERTEX_POINT ( 'NONE', #70 ) ;
#1446 = DIRECTION ( 'NONE',  ( 0.000000000000000000, 1.000000000000000000, 0.000000000000000000 ) ) ;
#1447 = AXIS2_PLACEMENT_3D ( 'NONE', #745, #1524, #1124 ) ;
#1448 = DIRECTION ( 'NONE',  ( 1.518987406977661131E-17, 0.9922778767136675171, -0.1240347345892088421 ) ) ;
#1449 = ADVANCED_FACE ( 'NONE', ( #587 ), #352, .T. ) ;
#1450 = ORIENTED_EDGE ( 'NONE', *, *, #905, .T. ) ;
#1451 = LINE ( 'NONE', #563, #729 ) ;
#1452 = DIRECTION ( 'NONE',  ( -0.000000000000000000, -1.000000000000000000, -0.000000000000000000 ) ) ;
#1453 = EDGE_LOOP ( 'NONE', ( #1071, #1361, #315, #1552 ) ) ;
#1454 = DIRECTION ( 'NONE',  ( -0.000000000000000000, -1.000000000000000000, -0.000000000000000000 ) ) ;
#1455 = VERTEX_POINT ( 'NONE', #335 ) ;
#1456 = CARTESIAN_POINT ( 'NONE',  ( -3.160274594279531168, 47.11368265016998436, -0.5948018413283714390 ) ) ;
#1457 = DIRECTION ( 'NONE',  ( 0.000000000000000000, 1.000000000000000000, 0.000000000000000000 ) ) ;
#1458 = CIRCLE ( 'NONE', #1129, 20.12110889073134246 ) ;
#1459 = EDGE_CURVE ( 'NONE', #1544, #1104, #839, .T. ) ;
#1460 = CIRCLE ( 'NONE', #738, 21.73832667219403447 ) ;
#1461 = CARTESIAN_POINT ( 'NONE',  ( -14.00000000000000000, 47.23611111111111427, -2.500000000000000000 ) ) ;
#1462 = ADVANCED_FACE ( 'NONE', ( #982 ), #1493, .F. ) ;
#1463 = ADVANCED_FACE ( 'NONE', ( #732 ), #909, .F. ) ;
#1464 = DIRECTION ( 'NONE',  ( -1.000000000000000000, 0.000000000000000000, 0.000000000000000000 ) ) ;
#1465 = ORIENTED_EDGE ( 'NONE', *, *, #1359, .F. ) ;
#1466 = AXIS2_PLACEMENT_3D ( 'NONE', #1083, #1601, #723 ) ;
#1467 = ORIENTED_EDGE ( 'NONE', *, *, #1431, .F. ) ;
#1468 = DIRECTION ( 'NONE',  ( 0.000000000000000000, 0.000000000000000000, 1.000000000000000000 ) ) ;
#1469 = CARTESIAN_POINT ( 'NONE',  ( 0.000000000000000000, 21.80198954004889345, 0.000000000000000000 ) ) ;
#1470 = CARTESIAN_POINT ( 'NONE',  ( 1.940630750960145701, 47.84911264283856980, 0.3199026569035690604 ) ) ;
#1471 = PRODUCT ( 'Tumbler', 'Tumbler', '', ( #1556 ) ) ;
#1472 = DIRECTION ( 'NONE',  ( 0.000000000000000000, 1.000000000000000000, 0.000000000000000000 ) ) ;
#1473 = ORIENTED_EDGE ( 'NONE', *, *, #1250, .F. ) ;
#1474 = VERTEX_POINT ( 'NONE', #717 ) ;
#1475 = LINE ( 'NONE', #704, #1208 ) ;
#1476 = VECTOR ( 'NONE', #671, 1000.000000000000000 ) ;
#1477 = CARTESIAN_POINT ( 'NONE',  ( 20.40354985062703008, 46.23611111111111427, 7.500000000000000000 ) ) ;
#1478 = AXIS2_PLACEMENT_3D ( 'NONE', #1379, #1007, #621 ) ;
#1479 = CARTESIAN_POINT ( 'NONE',  ( 0.000000000000000000, 24.23611111111111072, 0.000000000000000000 ) ) ;
#1480 = VERTEX_POINT ( 'NONE', #1235 ) ;
#1481 = ADVANCED_FACE ( 'NONE', ( #861 ), #1333, .F. ) ;
#1482 = VERTEX_POINT ( 'NONE', #452 ) ;
#1483 = CARTESIAN_POINT ( 'NONE',  ( 0.000000000000000000, 20.00000000000000355, 0.000000000000000000 ) ) ;
#1484 = DIRECTION ( 'NONE',  ( 0.000000000000000000, 1.000000000000000000, 0.000000000000000000 ) ) ;
#1485 = AXIS2_PLACEMENT_3D ( 'NONE', #16, #1262, #528 ) ;
#1486 = CARTESIAN_POINT ( 'NONE',  ( -1.534070058604107389, 47.99495856141822259, 0.3156611409496500320 ) ) ;
#1487 = AXIS2_PLACEMENT_3D ( 'NONE', #1354, #608, #1114 ) ;
#1488 = EDGE_LOOP ( 'NONE', ( #172, #1627, #1051, #522 ) ) ;
#1489 = UNCERTAINTY_MEASURE_WITH_UNIT (LENGTH_MEASURE( 1.000000000000000082E-05 ), #660, 'distance_accuracy_value', 'NONE');
#1490 = ORIENTED_EDGE ( 'NONE', *, *, #419, .F. ) ;
#1491 = ADVANCED_FACE ( 'NONE', ( #326 ), #1271, .F. ) ;
#1492 = VECTOR ( 'NONE', #509, 1000.000000000000000 ) ;
#1493 = CYLINDRICAL_SURFACE ( 'NONE', #1415, 2.500000000000000000 ) ;
#1494 = DIRECTION ( 'NONE',  ( 0.000000000000000000, -0.1240347345892096331, -0.9922778767136674061 ) ) ;
#1495 = CARTESIAN_POINT ( 'NONE',  ( -1.534070058604107389, 47.99495856141822259, 0.3156611409496500320 ) ) ;
#1496 = ORIENTED_EDGE ( 'NONE', *, *, #1111, .F. ) ;
#1497 = ORIENTED_EDGE ( 'NONE', *, *, #1330, .F. ) ;
#1498 = CARTESIAN_POINT ( 'NONE',  ( 5.000000000000000000, 46.23611111111111427, 1.000000000000000000 ) ) ;
#1499 = FACE_OUTER_BOUND ( 'NONE', #1099, .T. ) ;
#1500 = VECTOR ( 'NONE', #219, 1000.000000000000000 ) ;
#1501 = EDGE_CURVE ( 'NONE', #562, #1254, #561, .T. ) ;
#1502 = AXIS2_PLACEMENT_3D ( 'NONE', #282, #684, #437 ) ;
#1503 = CIRCLE ( 'NONE', #883, 22.74610889073134956 ) ;
#1504 = AXIS2_PLACEMENT_3D ( 'NONE', #1394, #624, #1276 ) ;
#1505 = ORIENTED_EDGE ( 'NONE', *, *, #1585, .T. ) ;
#1506 = ORIENTED_EDGE ( 'NONE', *, *, #1127, .T. ) ;
#1507 = CARTESIAN_POINT ( 'NONE',  ( 0.000000000000000000, 45.23611111111111427, 0.000000000000000000 ) ) ;
#1508 = DIRECTION ( 'NONE',  ( 0.000000000000000000, 0.000000000000000000, -1.000000000000000000 ) ) ;
#1509 = CARTESIAN_POINT ( 'NONE',  ( 2.143131898507868248E-15, 20.00000000000000355, -17.50000000000000000 ) ) ;
#1510 = DIRECTION ( 'NONE',  ( 0.000000000000000000, 0.000000000000000000, -1.000000000000000000 ) ) ;
#1511 = EDGE_CURVE ( 'NONE', #931, #1199, #226, .T. ) ;
#1512 = EDGE_CURVE ( 'NONE', #1474, #1558, #53, .T. ) ;
#1513 = ADVANCED_FACE ( 'NONE', ( #490 ), #5, .F. ) ;
#1514 = CARTESIAN_POINT ( 'NONE',  ( 5.000000000000000000, 46.23611111111111427, 1.000000000000000000 ) ) ;
#1515 = CARTESIAN_POINT ( 'NONE',  ( 0.000000000000000000, 1.500000000000007105, 0.000000000000000000 ) ) ;
#1516 = CARTESIAN_POINT ( 'NONE',  ( 0.000000000000000000, 24.23611111111111072, 0.000000000000000000 ) ) ;
#1517 = DIRECTION ( 'NONE',  ( 1.518987406977660823E-17, 0.9922778767136675171, -0.1240347345892088005 ) ) ;
#1518 = DIRECTION ( 'NONE',  ( -0.000000000000000000, -0.000000000000000000, -1.000000000000000000 ) ) ;
#1519 = VERTEX_POINT ( 'NONE', #1131 ) ;
#1520 = MECHANICAL_DESIGN_GEOMETRIC_PRESENTATION_REPRESENTATION (  '', ( #132 ), #214 ) ;
#1521 = ORIENTED_EDGE ( 'NONE', *, *, #1012, .F. ) ;
#1522 = DIRECTION ( 'NONE',  ( -0.000000000000000000, -0.000000000000000000, -1.000000000000000000 ) ) ;
#1523 = AXIS2_PLACEMENT_3D ( 'NONE', #1418, #1454, #806 ) ;
#1524 = DIRECTION ( 'NONE',  ( 0.000000000000000000, 1.000000000000000000, 0.000000000000000000 ) ) ;
#1525 = CARTESIAN_POINT ( 'NONE',  ( -2.335135184775062989, 47.67763590947903651, 0.3292313144397699953 ) ) ;
#1526 = CARTESIAN_POINT ( 'NONE',  ( 0.000000000000000000, 24.14928679689865731, 0.000000000000000000 ) ) ;
#1527 = ORIENTED_EDGE ( 'NONE', *, *, #322, .T. ) ;
#1528 = ORIENTED_EDGE ( 'NONE', *, *, #243, .F. ) ;
#1529 = CARTESIAN_POINT ( 'NONE',  ( 0.000000000000000000, 21.80198954004889345, 18.80906147581125509 ) ) ;
#1530 = ADVANCED_FACE ( 'NONE', ( #1653 ), #636, .F. ) ;
#1531 = LINE ( 'NONE', #388, #942 ) ;
#1532 = LINE ( 'NONE', #381, #1347 ) ;
#1533 = LINE ( 'NONE', #112, #786 ) ;
#1534 = EDGE_LOOP ( 'NONE', ( #1202, #42, #218, #323 ) ) ;
#1535 = ORIENTED_EDGE ( 'NONE', *, *, #1431, .T. ) ;
#1536 = CIRCLE ( 'NONE', #256, 20.61724782908817133 ) ;
#1537 = VECTOR ( 'NONE', #227, 1000.000000000000114 ) ;
#1538 = ORIENTED_EDGE ( 'NONE', *, *, #1278, .F. ) ;
#1539 = LINE ( 'NONE', #396, #458 ) ;
#1540 = CARTESIAN_POINT ( 'NONE',  ( 0.000000000000000000, 22.23611111111111427, 0.000000000000000000 ) ) ;
#1541 = EDGE_CURVE ( 'NONE', #1035, #1065, #516, .T. ) ;
#1542 = DIRECTION ( 'NONE',  ( 0.000000000000000000, 0.000000000000000000, -1.000000000000000000 ) ) ;
#1543 = FACE_OUTER_BOUND ( 'NONE', #333, .T. ) ;
#1544 = VERTEX_POINT ( 'NONE', #1529 ) ;
#1545 = CIRCLE ( 'NONE', #639, 3.500000000000000000 ) ;
#1546 = FACE_OUTER_BOUND ( 'NONE', #248, .T. ) ;
#1547 = DIRECTION ( 'NONE',  ( -0.000000000000000000, -1.000000000000000000, -0.000000000000000000 ) ) ;
#1548 = CARTESIAN_POINT ( 'NONE',  ( 5.000000000000000000, 46.73611111111111427, -1.000000000000000000 ) ) ;
#1549 = DIRECTION ( 'NONE',  ( 0.000000000000000000, 0.000000000000000000, -1.000000000000000000 ) ) ;
#1550 = DIRECTION ( 'NONE',  ( 0.000000000000000000, 0.000000000000000000, -1.000000000000000000 ) ) ;
#1551 = EDGE_LOOP ( 'NONE', ( #312, #216 ) ) ;
#1552 = ORIENTED_EDGE ( 'NONE', *, *, #446, .F. ) ;
#1553 = EDGE_CURVE ( 'NONE', #1558, #773, #387, .T. ) ;
#1554 = B_SPLINE_CURVE_WITH_KNOTS ( 'NONE', 3,
 ( #1486, #863, #469, #720, #739, #978, #1094, #1611, #337, #594 ),
 .UNSPECIFIED., .F., .F.,
 ( 4, 2, 2, 2, 4 ),
 ( 0.002579231027339084527, 0.003361614732929064844, 0.004143998438519045160, 0.004926382144109025044, 0.005708765849699004927 ),
 .UNSPECIFIED. ) ;
#1555 = VECTOR ( 'NONE', #910, 1000.000000000000227 ) ;
#1556 = PRODUCT_CONTEXT ( 'NONE', #1224, 'mechanical' ) ;
#1557 = LINE ( 'NONE', #918, #1019 ) ;
#1558 = VERTEX_POINT ( 'NONE', #999 ) ;
#1559 = AXIS2_PLACEMENT_3D ( 'NONE', #1203, #77, #91 ) ;
#1560 = CARTESIAN_POINT ( 'NONE',  ( 5.000000000000000000, 46.73611111111111427, -1.000000000000000000 ) ) ;
#1561 = CARTESIAN_POINT ( 'NONE',  ( 0.000000000000000000, 0.000000000000000000, 0.000000000000000000 ) ) ;
#1562 = ORIENTED_EDGE ( 'NONE', *, *, #1366, .F. ) ;
#1563 = DIRECTION ( 'NONE',  ( 0.000000000000000000, -0.000000000000000000, 1.000000000000000000 ) ) ;
#1564 = EDGE_CURVE ( 'NONE', #1343, #1590, #1539, .T. ) ;
#1565 = ADVANCED_FACE ( 'NONE', ( #134 ), #1628, .F. ) ;
#1566 = DIRECTION ( 'NONE',  ( 0.000000000000000000, -1.000000000000000000, 0.000000000000000000 ) ) ;
#1567 = DIRECTION ( 'NONE',  ( 0.000000000000000000, 0.000000000000000000, 1.000000000000000000 ) ) ;
#1568 = ORIENTED_EDGE ( 'NONE', *, *, #67, .F. ) ;
#1569 = AXIS2_PLACEMENT_3D ( 'NONE', #1526, #885, #763 ) ;
#1570 = CARTESIAN_POINT ( 'NONE',  ( -2.320345296140339020, 47.66841066666884075, -0.3490026711327807174 ) ) ;
#1571 = FACE_OUTER_BOUND ( 'NONE', #571, .T. ) ;
#1572 = ORIENTED_EDGE ( 'NONE', *, *, #905, .F. ) ;
#1573 = LINE ( 'NONE', #582, #196 ) ;
#1574 = ORIENTED_EDGE ( 'NONE', *, *, #103, .F. ) ;
#1575 = CARTESIAN_POINT ( 'NONE',  ( 0.000000000000000000, -1.052223366288350623E-15, 15.00000000000000000 ) ) ;
#1576 = ORIENTED_EDGE ( 'NONE', *, *, #895, .F. ) ;
#1577 = CARTESIAN_POINT ( 'NONE',  ( -0.6895106792077624336, 48.20018333757852957, -0.3280934295734533879 ) ) ;
#1578 = AXIS2_PLACEMENT_3D ( 'NONE', #1479, #610, #1237 ) ;
#1579 = B_SPLINE_CURVE_WITH_KNOTS ( 'NONE', 3,
 ( #1360, #496, #1470, #1624, #602, #726, #1115, #1350, #1229, #1374 ),
 .UNSPECIFIED., .F., .F.,
 ( 4, 2, 2, 2, 4 ),
 ( 0.005708765849699004927, 0.006353335271532206327, 0.006997904693365408595, 0.007642474115198610862, 0.008287043537031812263 ),
 .UNSPECIFIED. ) ;
#1580 = CARTESIAN_POINT ( 'NONE',  ( 0.000000000000000000, 43.23611111111112137, 1.000000000000000000 ) ) ;
#1581 = VERTEX_POINT ( 'NONE', #900 ) ;
#1582 = DIRECTION ( 'NONE',  ( -0.000000000000000000, -1.000000000000000000, -0.000000000000000000 ) ) ;
#1583 = FACE_OUTER_BOUND ( 'NONE', #838, .T. ) ;
#1584 = ORIENTED_EDGE ( 'NONE', *, *, #972, .T. ) ;
#1585 = EDGE_CURVE ( 'NONE', #345, #1090, #736, .T. ) ;
#1586 = DIRECTION ( 'NONE',  ( 0.000000000000000000, 0.000000000000000000, -1.000000000000000000 ) ) ;
#1587 = ADVANCED_FACE ( 'NONE', ( #752 ), #898, .T. ) ;
#1588 = LINE ( 'NONE', #143, #1416 ) ;
#1589 = VECTOR ( 'NONE', #429, 1000.000000000000000 ) ;
#1590 = VERTEX_POINT ( 'NONE', #1266 ) ;
#1591 = ADVANCED_FACE ( 'NONE', ( #106 ), #1138, .F. ) ;
#1592 = CARTESIAN_POINT ( 'NONE',  ( 2.166297045713287961, 47.74573681825927451, -0.3348738659660805417 ) ) ;
#1593 = VECTOR ( 'NONE', #57, 1000.000000000000114 ) ;
#1594 = ADVANCED_FACE ( 'NONE', ( #868 ), #1116, .F. ) ;
#1595 = CYLINDRICAL_SURFACE ( 'NONE', #208, 3.500000000000000000 ) ;
#1596 = ORIENTED_EDGE ( 'NONE', *, *, #1155, .F. ) ;
#1597 = DIRECTION ( 'NONE',  ( -0.000000000000000000, -0.000000000000000000, -1.000000000000000000 ) ) ;
#1598 = DIRECTION ( 'NONE',  ( 0.000000000000000000, 0.000000000000000000, -1.000000000000000000 ) ) ;
#1599 = ORIENTED_EDGE ( 'NONE', *, *, #547, .T. ) ;
#1600 = EDGE_LOOP ( 'NONE', ( #1047, #590, #627, #66 ) ) ;
#1601 = DIRECTION ( 'NONE',  ( 0.000000000000000000, 1.000000000000000000, 0.000000000000000000 ) ) ;
#1602 = CARTESIAN_POINT ( 'NONE',  ( 0.000000000000000000, 45.23611111111111427, 0.000000000000000000 ) ) ;
#1603 = CIRCLE ( 'NONE', #585, 13.00000000000000178 ) ;
#1604 = DIRECTION ( 'NONE',  ( -0.000000000000000000, -1.000000000000000000, -0.000000000000000000 ) ) ;
#1605 = CARTESIAN_POINT ( 'NONE',  ( -20.40354985062703719, 46.23611111111111427, -7.500000000000000000 ) ) ;
#1606 = ORIENTED_EDGE ( 'NONE', *, *, #844, .F. ) ;
#1607 = ORIENTED_EDGE ( 'NONE', *, *, #273, .F. ) ;
#1608 = CARTESIAN_POINT ( 'NONE',  ( 0.000000000000000000, 24.14928679689865731, 0.000000000000000000 ) ) ;
#1609 = DIRECTION ( 'NONE',  ( 0.000000000000000000, 0.000000000000000000, 1.000000000000000000 ) ) ;
#1610 = PRESENTATION_LAYER_ASSIGNMENT (  '', '', ( #666 ) ) ;
#1611 = CARTESIAN_POINT ( 'NONE',  ( 1.033711950696474036, 48.13493331012413279, 0.3216553153218837391 ) ) ;
#1612 = ADVANCED_FACE ( 'NONE', ( #1274 ), #822, .T. ) ;
#1613 = VERTEX_POINT ( 'NONE', #235 ) ;
#1614 = ORIENTED_EDGE ( 'NONE', *, *, #824, .T. ) ;
#1615 = DIRECTION ( 'NONE',  ( 0.000000000000000000, 0.000000000000000000, -1.000000000000000000 ) ) ;
#1616 = VECTOR ( 'NONE', #1048, 1000.000000000000114 ) ;
#1617 = CARTESIAN_POINT ( 'NONE',  ( 2.019714171690933482E-15, 20.00000000000000355, -16.49221778146268136 ) ) ;
#1618 = DIRECTION ( 'NONE',  ( -0.000000000000000000, -1.000000000000000000, -0.000000000000000000 ) ) ;
#1619 = ORIENTED_EDGE ( 'NONE', *, *, #1541, .F. ) ;
#1620 = EDGE_CURVE ( 'NONE', #1343, #155, #1407, .T. ) ;
#1621 = ORIENTED_EDGE ( 'NONE', *, *, #446, .T. ) ;
#1622 = CARTESIAN_POINT ( 'NONE',  ( 0.000000000000000000, 24.23611111111111072, 0.000000000000000000 ) ) ;
#1623 = CARTESIAN_POINT ( 'NONE',  ( 2.495217853262731799E-15, 22.23611111111111427, -20.37499999999999645 ) ) ;
#1624 = CARTESIAN_POINT ( 'NONE',  ( 2.327828786478753909, 47.66635308916747249, 0.3491745511135745383 ) ) ;
#1625 = CIRCLE ( 'NONE', #893, 21.73832667219403447 ) ;
#1626 = ORIENTED_EDGE ( 'NONE', *, *, #54, .T. ) ;
#1627 = ORIENTED_EDGE ( 'NONE', *, *, #204, .F. ) ;
#1628 = CONICAL_SURFACE ( 'NONE', #1190, 20.12110889073134246, 0.1243549945467618406 ) ;
#1629 = CARTESIAN_POINT ( 'NONE',  ( 5.000000000000000000, 46.73611111111111427, 1.000000000000000000 ) ) ;
#1630 = EDGE_CURVE ( 'NONE', #155, #1343, #1245, .T. ) ;
#1631 = DIRECTION ( 'NONE',  ( -0.000000000000000000, -1.000000000000000000, -0.000000000000000000 ) ) ;
#1632 = FILL_AREA_STYLE ('',( #831 ) ) ;
#1633 = EDGE_LOOP ( 'NONE', ( #489, #1332 ) ) ;
#1634 = VERTEX_POINT ( 'NONE', #242 ) ;
#1635 = EDGE_CURVE ( 'NONE', #1212, #339, #634, .T. ) ;
#1636 = DIRECTION ( 'NONE',  ( 0.000000000000000000, 0.000000000000000000, 1.000000000000000000 ) ) ;
#1637 = DIRECTION ( 'NONE',  ( -1.000000000000000000, 0.000000000000000000, -0.000000000000000000 ) ) ;
#1638 = EDGE_CURVE ( 'NONE', #749, #865, #24, .T. ) ;
#1639 = ADVANCED_FACE ( 'NONE', ( #1442 ), #427, .T. ) ;
#1640 = VECTOR ( 'NONE', #371, 1000.000000000000000 ) ;
#1641 =( NAMED_UNIT ( * ) PLANE_ANGLE_UNIT ( ) SI_UNIT ( $, .RADIAN. ) );
#1642 = AXIS2_PLACEMENT_3D ( 'NONE', #173, #1582, #1319 ) ;
#1643 = VECTOR ( 'NONE', #927, 1000.000000000000000 ) ;
#1644 = AXIS2_PLACEMENT_3D ( 'NONE', #389, #1002, #245 ) ;
#1645 = VERTEX_POINT ( 'NONE', #1310 ) ;
#1646 = CARTESIAN_POINT ( 'NONE',  ( 0.000000000000000000, 21.80198954004889345, 0.000000000000000000 ) ) ;
#1647 = CARTESIAN_POINT ( 'NONE',  ( -5.000000000000000000, 46.23611111111111427, 1.000000000000000000 ) ) ;
#1648 = FACE_OUTER_BOUND ( 'NONE', #1298, .T. ) ;
#1649 = CARTESIAN_POINT ( 'NONE',  ( 21.61332667219403447, 44.23611111111111427, 0.000000000000000000 ) ) ;
#1650 = EDGE_LOOP ( 'NONE', ( #944, #471, #818, #1506 ) ) ;
#1651 = VECTOR ( 'NONE', #801, 1000.000000000000000 ) ;
#1652 = ORIENTED_EDGE ( 'NONE', *, *, #989, .F. ) ;
#1653 = FACE_OUTER_BOUND ( 'NONE', #443, .T. ) ;
#1654 = CARTESIAN_POINT ( 'NONE',  ( 0.000000000000000000, 45.23611111111111427, 0.000000000000000000 ) ) ;
#1655 = AXIS2_PLACEMENT_3D ( 'NONE', #688, #548, #441 ) ;
#1656 = LINE ( 'NONE', #1402, #410 ) ;
#1657 = FACE_BOUND ( 'NONE', #1633, .T. ) ;
ENDSEC;
END-ISO-10303-21;
