ISO-10303-21;
HEADER;
FILE_DESCRIPTION (( 'STEP AP214' ),
    '1' );
FILE_NAME ('Part_1--Cup.STEP',
    '2026-08-27T02:35:02',
    ( '' ),
    ( '' ),
    'SwSTEP 2.0',
    'SolidWorks 2021',
    '' );
FILE_SCHEMA (( 'AUTOMOTIVE_DESIGN' ));
ENDSEC;

DATA;
#1 = AXIS2_PLACEMENT_3D ( 'NONE', #8, #490, #965 ) ;
#2 = ORIENTED_EDGE ( 'NONE', *, *, #854, .F. ) ;
#3 = DIRECTION ( 'NONE',  ( 0.000000000000000000, 0.000000000000000000, -1.000000000000000000 ) ) ;
#4 =( GEOMETRIC_REPRESENTATION_CONTEXT ( 3 ) GLOBAL_UNCERTAINTY_ASSIGNED_CONTEXT ( ( #961 ) ) GLOBAL_UNIT_ASSIGNED_CONTEXT ( ( #780, #1164, #165 ) ) REPRESENTATION_CONTEXT ( 'NONE', 'WORKASPACE' ) );
#5 = PRESENTATION_LAYER_ASSIGNMENT (  '', '', ( #986 ) ) ;
#6 = ORIENTED_EDGE ( 'NONE', *, *, #463, .F. ) ;
#7 = DIRECTION ( 'NONE',  ( 0.000000000000000000, 0.000000000000000000, -1.000000000000000000 ) ) ;
#8 = CARTESIAN_POINT ( 'NONE',  ( 0.000000000000000000, 85.50000000000000000, 0.000000000000000000 ) ) ;
#9 = DIRECTION ( 'NONE',  ( 0.000000000000000000, 0.000000000000000000, -1.000000000000000000 ) ) ;
#10 = ORIENTED_EDGE ( 'NONE', *, *, #1445, .F. ) ;
#11 = CARTESIAN_POINT ( 'NONE',  ( 32.46866776178573133, 12.90534962862148838, -1.232440671325169212 ) ) ;
#12 = CARTESIAN_POINT ( 'NONE',  ( 0.000000000000000000, 0.000000000000000000, -27.00000000000000000 ) ) ;
#13 = ORIENTED_EDGE ( 'NONE', *, *, #1076, .T. ) ;
#14 = DIRECTION ( 'NONE',  ( -1.000000000000000000, 0.000000000000000000, 0.000000000000000000 ) ) ;
#15 = EDGE_CURVE ( 'NONE', #145, #1448, #1244, .T. ) ;
#16 = DIRECTION ( 'NONE',  ( -1.000000000000000000, 0.000000000000000000, 0.000000000000000000 ) ) ;
#17 = DIRECTION ( 'NONE',  ( -0.000000000000000000, -1.000000000000000000, -0.000000000000000000 ) ) ;
#18 = EDGE_CURVE ( 'NONE', #111, #611, #584, .T. ) ;
#19 = ORIENTED_EDGE ( 'NONE', *, *, #428, .T. ) ;
#20 = DIRECTION ( 'NONE',  ( -0.000000000000000000, -1.000000000000000000, -0.000000000000000000 ) ) ;
#21 = ORIENTED_EDGE ( 'NONE', *, *, #1520, .T. ) ;
#22 = CARTESIAN_POINT ( 'NONE',  ( 0.000000000000000000, 25.50000000000000355, 0.000000000000000000 ) ) ;
#23 = ADVANCED_FACE ( 'NONE', ( #1123 ), #51, .F. ) ;
#24 = AXIS2_PLACEMENT_3D ( 'NONE', #1544, #910, #1418 ) ;
#25 = CIRCLE ( 'NONE', #228, 36.50000000000000000 ) ;
#26 = ORIENTED_EDGE ( 'NONE', *, *, #1076, .F. ) ;
#27 = CYLINDRICAL_SURFACE ( 'NONE', #925, 22.00000000000000000 ) ;
#28 = ADVANCED_FACE ( 'NONE', ( #534 ), #555, .T. ) ;
#29 = AXIS2_PLACEMENT_3D ( 'NONE', #1337, #721, #1608 ) ;
#30 = EDGE_LOOP ( 'NONE', ( #162, #1478, #1513, #758 ) ) ;
#31 = AXIS2_PLACEMENT_3D ( 'NONE', #457, #819, #697 ) ;
#32 = AXIS2_PLACEMENT_3D ( 'NONE', #65, #1269, #798 ) ;
#33 = DIRECTION ( 'NONE',  ( 0.000000000000000000, 0.000000000000000000, -1.000000000000000000 ) ) ;
#34 = CARTESIAN_POINT ( 'NONE',  ( 35.27252729420268906, 68.94843384726593172, 6.958018473249356184 ) ) ;
#35 = CARTESIAN_POINT ( 'NONE',  ( 35.39455602728646255, 68.47161485081588239, 3.859551894557485152 ) ) ;
#36 = DIRECTION ( 'NONE',  ( -1.000000000000000000, 0.000000000000000000, 0.000000000000000000 ) ) ;
#37 = B_SPLINE_CURVE_WITH_KNOTS ( 'NONE', 3,
 ( #1584, #1206, #1103, #208 ),
 .UNSPECIFIED., .F., .F.,
 ( 4, 4 ),
 ( 2.161430514355574225E-07, 0.002598464965525107764 ),
 .UNSPECIFIED. ) ;
#38 = CARTESIAN_POINT ( 'NONE',  ( 55.10545109075813741, 66.00000000000001421, -7.500000000000000000 ) ) ;
#39 = CARTESIAN_POINT ( 'NONE',  ( 3.793343460358926578E-15, 8.500000000000003553, 30.64999999999999503 ) ) ;
#40 = CARTESIAN_POINT ( 'NONE',  ( 35.22294117647059153, 68.30000000000001137, 4.137119247808319855 ) ) ;
#41 = ORIENTED_EDGE ( 'NONE', *, *, #1246, .T. ) ;
#42 = LINE ( 'NONE', #550, #719 ) ;
#43 = VERTEX_POINT ( 'NONE', #1554 ) ;
#44 = DIRECTION ( 'NONE',  ( 0.000000000000000000, 0.000000000000000000, -1.000000000000000000 ) ) ;
#45 = EDGE_CURVE ( 'NONE', #111, #1212, #747, .T. ) ;
#46 = EDGE_CURVE ( 'NONE', #1055, #843, #118, .T. ) ;
#47 = DIRECTION ( 'NONE',  ( 0.000000000000000000, 0.000000000000000000, -1.000000000000000000 ) ) ;
#48 = PLANE ( 'NONE',  #86 ) ;
#49 = ORIENTED_EDGE ( 'NONE', *, *, #698, .F. ) ;
#50 = CARTESIAN_POINT ( 'NONE',  ( 36.21353392551076666, 71.62044680797413321, 7.500000000000000000 ) ) ;
#51 = PLANE ( 'NONE',  #530 ) ;
#52 = LINE ( 'NONE', #1157, #1325 ) ;
#53 = CIRCLE ( 'NONE', #206, 27.00000000000000000 ) ;
#54 = CIRCLE ( 'NONE', #824, 6.806041666666665435 ) ;
#55 = CIRCLE ( 'NONE', #1275, 27.00000000000000000 ) ;
#56 = EDGE_CURVE ( 'NONE', #254, #1587, #37, .T. ) ;
#57 = VECTOR ( 'NONE', #1569, 1000.000000000000000 ) ;
#58 = CARTESIAN_POINT ( 'NONE',  ( 44.56507680020152407, 63.50000000000001421, -7.500000000000000000 ) ) ;
#59 = SURFACE_SIDE_STYLE ('',( #667 ) ) ;
#60 = EDGE_LOOP ( 'NONE', ( #468, #198, #2, #1421 ) ) ;
#61 = DIRECTION ( 'NONE',  ( 0.9659258262890682012, 0.2588190451025211836, 0.000000000000000000 ) ) ;
#62 = DIRECTION ( 'NONE',  ( 1.000000000000000000, 0.000000000000000000, -1.224646799147353207E-16 ) ) ;
#63 = DIRECTION ( 'NONE',  ( -0.000000000000000000, -1.000000000000000000, -0.000000000000000000 ) ) ;
#64 = CARTESIAN_POINT ( 'NONE',  ( 35.22294117647059153, 68.30000000000001137, 4.137119247808319855 ) ) ;
#65 = CARTESIAN_POINT ( 'NONE',  ( 44.56507680020152407, 63.50000000000001421, 7.500000000000000000 ) ) ;
#66 = ADVANCED_FACE ( 'NONE', ( #1352 ), #1111, .T. ) ;
#67 = ORIENTED_EDGE ( 'NONE', *, *, #886, .T. ) ;
#68 = ADVANCED_BREP_SHAPE_REPRESENTATION ( 'Part_1--Cup', ( #572, #1329 ), #779 ) ;
#69 = ORIENTED_EDGE ( 'NONE', *, *, #547, .T. ) ;
#70 = CARTESIAN_POINT ( 'NONE',  ( 29.10237881690745709, 4.000000000000001776, 0.000000000000000000 ) ) ;
#71 = EDGE_CURVE ( 'NONE', #471, #843, #718, .T. ) ;
#72 = DIRECTION ( 'NONE',  ( -0.000000000000000000, -1.000000000000000000, -0.000000000000000000 ) ) ;
#73 = VERTEX_POINT ( 'NONE', #1362 ) ;
#74 = ORIENTED_EDGE ( 'NONE', *, *, #56, .F. ) ;
#75 = CARTESIAN_POINT ( 'NONE',  ( 36.21353392551076666, 71.62044680797413321, -7.500000000000000000 ) ) ;
#76 = ORIENTED_EDGE ( 'NONE', *, *, #1040, .F. ) ;
#77 = ORIENTED_EDGE ( 'NONE', *, *, #1004, .T. ) ;
#78 = DIRECTION ( 'NONE',  ( 0.07624797363269163186, 0.9970888859659947645, 0.000000000000000000 ) ) ;
#79 = EDGE_CURVE ( 'NONE', #43, #648, #1617, .T. ) ;
#80 = AXIS2_PLACEMENT_3D ( 'NONE', #1424, #298, #794 ) ;
#81 = TOROIDAL_SURFACE ( 'NONE', #31, 25.68440482569416616, 6.806041666666682310 ) ;
#82 = AXIS2_PLACEMENT_3D ( 'NONE', #158, #800, #188 ) ;
#83 = DIRECTION ( 'NONE',  ( 0.000000000000000000, 0.000000000000000000, -1.000000000000000000 ) ) ;
#84 = VECTOR ( 'NONE', #880, 1000.000000000000000 ) ;
#85 = ORIENTED_EDGE ( 'NONE', *, *, #1072, .T. ) ;
#86 = AXIS2_PLACEMENT_3D ( 'NONE', #1280, #529, #156 ) ;
#87 = CYLINDRICAL_SURFACE ( 'NONE', #1497, 22.00000000000000711 ) ;
#88 = VERTEX_POINT ( 'NONE', #382 ) ;
#89 = ORIENTED_EDGE ( 'NONE', *, *, #1533, .T. ) ;
#90 = DIRECTION ( 'NONE',  ( -0.000000000000000000, -1.000000000000000000, -0.000000000000000000 ) ) ;
#91 = DIRECTION ( 'NONE',  ( -0.9970888859659945425, 0.07624797363269393558, 0.000000000000000000 ) ) ;
#92 = CARTESIAN_POINT ( 'NONE',  ( 36.27385792795703878, 72.40849426127131494, -7.500000000000000000 ) ) ;
#93 = DIRECTION ( 'NONE',  ( 1.000000000000000000, 0.000000000000000000, 0.000000000000000000 ) ) ;
#94 = ORIENTED_EDGE ( 'NONE', *, *, #613, .F. ) ;
#95 = CARTESIAN_POINT ( 'NONE',  ( 0.000000000000000000, 13.15457492509397674, -25.68440482569416616 ) ) ;
#96 = EDGE_CURVE ( 'NONE', #623, #1129, #1414, .T. ) ;
#97 = EDGE_CURVE ( 'NONE', #843, #471, #616, .T. ) ;
#98 = FACE_OUTER_BOUND ( 'NONE', #1242, .T. ) ;
#99 = PLANE ( 'NONE',  #1406 ) ;
#100 = ORIENTED_EDGE ( 'NONE', *, *, #163, .F. ) ;
#101 = CIRCLE ( 'NONE', #1566, 34.54999999999999716 ) ;
#102 = DIRECTION ( 'NONE',  ( -0.000000000000000000, 1.000000000000000000, -0.000000000000000000 ) ) ;
#103 = DIRECTION ( 'NONE',  ( 1.000000000000000000, 0.000000000000000000, 0.000000000000000000 ) ) ;
#104 = LINE ( 'NONE', #1508, #1591 ) ;
#105 = AXIS2_PLACEMENT_3D ( 'NONE', #1288, #532, #1559 ) ;
#106 = CARTESIAN_POINT ( 'NONE',  ( 60.83970659062720898, 42.62314830322402770, -7.500000000000000000 ) ) ;
#107 = AXIS2_PLACEMENT_3D ( 'NONE', #690, #1580, #216 ) ;
#108 = ORIENTED_EDGE ( 'NONE', *, *, #15, .F. ) ;
#109 = DIRECTION ( 'NONE',  ( -0.000000000000000000, -1.000000000000000000, -0.000000000000000000 ) ) ;
#110 = AXIS2_PLACEMENT_3D ( 'NONE', #1065, #1073, #687 ) ;
#111 = VERTEX_POINT ( 'NONE', #39 ) ;
#112 = DIRECTION ( 'NONE',  ( -1.000000000000000000, 0.000000000000000000, 0.000000000000000000 ) ) ;
#113 = ORIENTED_EDGE ( 'NONE', *, *, #665, .F. ) ;
#114 = LINE ( 'NONE', #1366, #668 ) ;
#115 = DIRECTION ( 'NONE',  ( -0.000000000000000000, -1.000000000000000000, -0.000000000000000000 ) ) ;
#116 = ORIENTED_EDGE ( 'NONE', *, *, #1214, .T. ) ;
#117 = CARTESIAN_POINT ( 'NONE',  ( 44.56507680020157380, 73.50000000000001421, 7.500000000000000000 ) ) ;
#118 = LINE ( 'NONE', #598, #924 ) ;
#119 = VERTEX_POINT ( 'NONE', #1537 ) ;
#120 = CARTESIAN_POINT ( 'NONE',  ( 52.40697558676631473, 63.50000000000001421, 7.500000000000000000 ) ) ;
#121 = ORIENTED_EDGE ( 'NONE', *, *, #1499, .F. ) ;
#122 = CARTESIAN_POINT ( 'NONE',  ( 3.384238541612852755E-15, 38.65457492509398207, 27.63440482569416190 ) ) ;
#123 = LINE ( 'NONE', #1503, #1223 ) ;
#124 = ADVANCED_FACE ( 'NONE', ( #527 ), #781, .T. ) ;
#125 = ORIENTED_EDGE ( 'NONE', *, *, #1564, .F. ) ;
#126 = DIRECTION ( 'NONE',  ( 0.000000000000000000, 0.000000000000000000, -1.000000000000000000 ) ) ;
#127 = EDGE_CURVE ( 'NONE', #710, #383, #1543, .T. ) ;
#128 = ORIENTED_EDGE ( 'NONE', *, *, #1593, .F. ) ;
#129 = DIRECTION ( 'NONE',  ( -1.224646799147353207E-16, 0.000000000000000000, -1.000000000000000000 ) ) ;
#130 = CARTESIAN_POINT ( 'NONE',  ( 31.59127589503408373, 13.73075659161009199, -7.500000000000001776 ) ) ;
#131 = AXIS2_PLACEMENT_3D ( 'NONE', #585, #72, #83 ) ;
#132 = AXIS2_PLACEMENT_3D ( 'NONE', #1583, #577, #442 ) ;
#133 = CARTESIAN_POINT ( 'NONE',  ( 3.306546357697853733E-15, 0.000000000000000000, 27.00000000000000000 ) ) ;
#134 = CIRCLE ( 'NONE', #956, 6.806041666666682310 ) ;
#135 = EDGE_LOOP ( 'NONE', ( #1311, #414, #270, #1301, #1067, #41 ) ) ;
#136 = DIRECTION ( 'NONE',  ( 0.000000000000000000, 0.000000000000000000, -1.000000000000000000 ) ) ;
#137 = AXIS2_PLACEMENT_3D ( 'NONE', #120, #992, #112 ) ;
#138 = ORIENTED_EDGE ( 'NONE', *, *, #1229, .T. ) ;
#139 = DIRECTION ( 'NONE',  ( -1.000000000000000000, 0.000000000000000000, 0.000000000000000000 ) ) ;
#140 = DIRECTION ( 'NONE',  ( 1.000000000000000000, 0.000000000000000000, 0.000000000000000000 ) ) ;
#141 = CARTESIAN_POINT ( 'NONE',  ( 35.82673175469038540, 68.90379057821981235, -2.529150117541290044 ) ) ;
#142 = ORIENTED_EDGE ( 'NONE', *, *, #1314, .T. ) ;
#143 = CARTESIAN_POINT ( 'NONE',  ( 35.22294117647059153, 68.30000000000001137, 7.500000000000000000 ) ) ;
#144 = DIRECTION ( 'NONE',  ( -0.000000000000000000, -1.000000000000000000, -0.000000000000000000 ) ) ;
#145 = VERTEX_POINT ( 'NONE', #391 ) ;
#146 = EDGE_CURVE ( 'NONE', #1109, #254, #887, .T. ) ;
#147 = CARTESIAN_POINT ( 'NONE',  ( 0.000000000000000000, 0.000000000000000000, -36.50000000000000711 ) ) ;
#148 = CARTESIAN_POINT ( 'NONE',  ( 55.10545109075813741, 76.00000000000001421, 7.500000000000000000 ) ) ;
#149 = EDGE_CURVE ( 'NONE', #1249, #1600, #475, .T. ) ;
#150 = CARTESIAN_POINT ( 'NONE',  ( 0.000000000000000000, 25.50000000000000355, -31.94999999999999929 ) ) ;
#151 = VERTEX_POINT ( 'NONE', #1101 ) ;
#152 = CARTESIAN_POINT ( 'NONE',  ( 60.73561562774138878, 57.96522312393115328, -7.500000000000000000 ) ) ;
#153 = DIRECTION ( 'NONE',  ( -0.07624797363269396333, -0.9970888859659945425, -0.000000000000000000 ) ) ;
#154 = EDGE_LOOP ( 'NONE', ( #786, #991 ) ) ;
#155 = CARTESIAN_POINT ( 'NONE',  ( 0.000000000000000000, 0.000000000000000000, 0.000000000000000000 ) ) ;
#156 = DIRECTION ( 'NONE',  ( 1.000000000000000000, 0.000000000000000000, -0.000000000000000000 ) ) ;
#157 = AXIS2_PLACEMENT_3D ( 'NONE', #190, #411, #498 ) ;
#158 = CARTESIAN_POINT ( 'NONE',  ( 44.56507680020152407, 63.50000000000001421, 7.500000000000000000 ) ) ;
#159 = TOROIDAL_SURFACE ( 'NONE', #985, 25.68440482569416616, 6.806041666666682310 ) ;
#160 = AXIS2_PLACEMENT_3D ( 'NONE', #660, #1396, #400 ) ;
#161 = DIRECTION ( 'NONE',  ( 0.000000000000000000, -0.000000000000000000, 1.000000000000000000 ) ) ;
#162 = ORIENTED_EDGE ( 'NONE', *, *, #1031, .F. ) ;
#163 = EDGE_CURVE ( 'NONE', #1170, #1212, #1137, .T. ) ;
#164 = CARTESIAN_POINT ( 'NONE',  ( 36.08849027653653962, 74.23527126052751157, 7.500000000000000000 ) ) ;
#165 =( NAMED_UNIT ( * ) SI_UNIT ( $, .STERADIAN. ) SOLID_ANGLE_UNIT ( ) );
#166 = ADVANCED_FACE ( 'NONE', ( #334 ), #1433, .T. ) ;
#167 = DIRECTION ( 'NONE',  ( -0.000000000000000000, -0.000000000000000000, -1.000000000000000000 ) ) ;
#168 = CARTESIAN_POINT ( 'NONE',  ( 35.22294117647059153, 68.30000000000001137, 4.137119247808319855 ) ) ;
#169 = ORIENTED_EDGE ( 'NONE', *, *, #1158, .T. ) ;
#170 = CARTESIAN_POINT ( 'NONE',  ( 35.42741626358758111, 69.39063612833423633, 7.500000000000000000 ) ) ;
#171 = DIRECTION ( 'NONE',  ( -0.000000000000000000, -1.000000000000000000, -0.000000000000000000 ) ) ;
#172 = SURFACE_STYLE_FILL_AREA ( #787 ) ;
#173 = DIRECTION ( 'NONE',  ( -0.000000000000000000, -1.000000000000000000, -0.000000000000000000 ) ) ;
#174 = DIRECTION ( 'NONE',  ( -1.000000000000000000, 0.000000000000000000, 0.000000000000000000 ) ) ;
#175 = FACE_OUTER_BOUND ( 'NONE', #888, .T. ) ;
#176 = ORIENTED_EDGE ( 'NONE', *, *, #1040, .T. ) ;
#177 = CARTESIAN_POINT ( 'NONE',  ( 35.85501803402507193, 74.99427208277278112, 7.499999999999999112 ) ) ;
#178 = CARTESIAN_POINT ( 'NONE',  ( 3.702646709391165166E-15, 72.65457492509398207, 30.23440482569416687 ) ) ;
#179 = CONICAL_SURFACE ( 'NONE', #1165, 29.10237881690745709, 0.07632204874501542780 ) ;
#180 = TOROIDAL_SURFACE ( 'NONE', #1435, 28.93440482569416972, 6.806041666666680534 ) ;
#181 = EDGE_CURVE ( 'NONE', #1532, #707, #101, .T. ) ;
#182 = TOROIDAL_SURFACE ( 'NONE', #481, 28.28440482569416403, 6.806041666666684087 ) ;
#183 = DIRECTION ( 'NONE',  ( 0.000000000000000000, 0.000000000000000000, -1.000000000000000000 ) ) ;
#184 = CARTESIAN_POINT ( 'NONE',  ( 35.81176470588235361, 76.00000000000001421, -7.500000000000000000 ) ) ;
#185 = CARTESIAN_POINT ( 'NONE',  ( 31.29615550032746540, 15.17936636607335110, -7.500000000000000000 ) ) ;
#186 = AXIS2_PLACEMENT_3D ( 'NONE', #482, #602, #1098 ) ;
#187 = ORIENTED_EDGE ( 'NONE', *, *, #774, .T. ) ;
#188 = DIRECTION ( 'NONE',  ( -1.000000000000000000, 0.000000000000000000, 0.000000000000000000 ) ) ;
#189 = DIRECTION ( 'NONE',  ( 0.000000000000000000, -0.000000000000000000, -1.000000000000000000 ) ) ;
#190 = CARTESIAN_POINT ( 'NONE',  ( 0.000000000000000000, 47.15457492509396786, -28.28440482569416403 ) ) ;
#191 = EDGE_CURVE ( 'NONE', #623, #1209, #53, .T. ) ;
#192 = CARTESIAN_POINT ( 'NONE',  ( 35.22294117647059153, 68.30000000000001137, 7.500000000000000000 ) ) ;
#193 = PRODUCT_CONTEXT ( 'NONE', #360, 'mechanical' ) ;
#194 = ORIENTED_EDGE ( 'NONE', *, *, #634, .F. ) ;
#195 = EDGE_CURVE ( 'NONE', #926, #1249, #1373, .T. ) ;
#196 = EDGE_LOOP ( 'NONE', ( #199, #458, #825, #1141, #1485, #1094, #972, #524, #6, #567, #509, #746, #733, #1326, #318, #1011, #1147, #1371 ) ) ;
#197 = CARTESIAN_POINT ( 'NONE',  ( 0.000000000000000000, 30.15457492509397852, -26.98440482569417398 ) ) ;
#198 = ORIENTED_EDGE ( 'NONE', *, *, #1336, .T. ) ;
#199 = ORIENTED_EDGE ( 'NONE', *, *, #1370, .F. ) ;
#200 = DIRECTION ( 'NONE',  ( 0.000000000000000000, 0.000000000000000000, -1.000000000000000000 ) ) ;
#201 = PLANE ( 'NONE',  #234 ) ;
#202 = ORIENTED_EDGE ( 'NONE', *, *, #1246, .F. ) ;
#203 = DIRECTION ( 'NONE',  ( -0.000000000000000000, -1.000000000000000000, -0.000000000000000000 ) ) ;
#204 = VERTEX_POINT ( 'NONE', #736 ) ;
#205 = CARTESIAN_POINT ( 'NONE',  ( 4.231154691054105206E-15, 59.50000000000001421, 34.54999999999999716 ) ) ;
#206 = AXIS2_PLACEMENT_3D ( 'NONE', #1175, #872, #33 ) ;
#207 = AXIS2_PLACEMENT_3D ( 'NONE', #795, #294, #1294 ) ;
#208 = CARTESIAN_POINT ( 'NONE',  ( 35.81176470588235361, 76.00000000000001421, 5.017054978964071488 ) ) ;
#209 = VECTOR ( 'NONE', #914, 1000.000000000000000 ) ;
#210 = AXIS2_PLACEMENT_3D ( 'NONE', #1589, #683, #1183 ) ;
#211 = CARTESIAN_POINT ( 'NONE',  ( 36.25592348039634061, 73.20165802092758156, -7.500000000000000888 ) ) ;
#212 = EDGE_CURVE ( 'NONE', #353, #1539, #892, .T. ) ;
#213 = VERTEX_POINT ( 'NONE', #1361 ) ;
#214 = DIRECTION ( 'NONE',  ( 0.9659258262890682012, 0.2588190451025211836, 0.000000000000000000 ) ) ;
#215 = EDGE_CURVE ( 'NONE', #73, #359, #797, .T. ) ;
#216 = DIRECTION ( 'NONE',  ( 0.000000000000000000, 0.000000000000000000, -1.000000000000000000 ) ) ;
#217 = CARTESIAN_POINT ( 'NONE',  ( 35.55174373512501518, 69.62410000147521316, -7.499999999999999112 ) ) ;
#218 = ORIENTED_EDGE ( 'NONE', *, *, #181, .T. ) ;
#219 = DIRECTION ( 'NONE',  ( 1.000000000000000000, 0.000000000000000000, -1.224646799147353207E-16 ) ) ;
#220 = DIRECTION ( 'NONE',  ( 0.000000000000000000, 0.000000000000000000, -1.000000000000000000 ) ) ;
#221 = ORIENTED_EDGE ( 'NONE', *, *, #46, .T. ) ;
#222 = DIRECTION ( 'NONE',  ( -0.9659258262890677571, -0.2588190451025227934, 0.000000000000000000 ) ) ;
#223 = SHAPE_DEFINITION_REPRESENTATION ( #1459, #68 ) ;
#224 = DIRECTION ( 'NONE',  ( -0.000000000000000000, -0.000000000000000000, -1.000000000000000000 ) ) ;
#225 = ORIENTED_EDGE ( 'NONE', *, *, #56, .T. ) ;
#226 = CYLINDRICAL_SURFACE ( 'NONE', #899, 11.50000000000000355 ) ;
#227 = AXIS2_PLACEMENT_3D ( 'NONE', #1037, #173, #637 ) ;
#228 = AXIS2_PLACEMENT_3D ( 'NONE', #1398, #20, #502 ) ;
#229 = CYLINDRICAL_SURFACE ( 'NONE', #29, 11.50000000000000355 ) ;
#230 = EDGE_CURVE ( 'NONE', #1260, #912, #426, .T. ) ;
#231 = ORIENTED_EDGE ( 'NONE', *, *, #1047, .T. ) ;
#232 = AXIS2_PLACEMENT_3D ( 'NONE', #278, #772, #161 ) ;
#233 = DIRECTION ( 'NONE',  ( 0.000000000000000000, 0.000000000000000000, -1.000000000000000000 ) ) ;
#234 = AXIS2_PLACEMENT_3D ( 'NONE', #1307, #91, #1077 ) ;
#235 = CARTESIAN_POINT ( 'NONE',  ( 31.42507166732805857, 14.77704527309971105, 7.500000000000000888 ) ) ;
#236 = CIRCLE ( 'NONE', #132, 6.806041666666682310 ) ;
#237 = ORIENTED_EDGE ( 'NONE', *, *, #453, .F. ) ;
#238 = CARTESIAN_POINT ( 'NONE',  ( 49.37318440201826775, 43.50000000000000711, 7.500000000000000000 ) ) ;
#239 = CIRCLE ( 'NONE', #1526, 22.00000000000000711 ) ;
#240 = EDGE_LOOP ( 'NONE', ( #1122, #1308 ) ) ;
#241 = CARTESIAN_POINT ( 'NONE',  ( 44.56507680020157380, 73.50000000000001421, 7.500000000000000000 ) ) ;
#242 = EDGE_LOOP ( 'NONE', ( #1397, #878, #474, #915, #1236 ) ) ;
#243 = CARTESIAN_POINT ( 'NONE',  ( 37.49400898833601303, 70.57106781186544708, -7.500000000000000000 ) ) ;
#244 = CARTESIAN_POINT ( 'NONE',  ( 0.000000000000000000, 85.50000000000000000, -36.50000000000000711 ) ) ;
#245 = CARTESIAN_POINT ( 'NONE',  ( 3.872945502303505371E-15, 17.00000000000000711, 31.29999999999999361 ) ) ;
#246 = ADVANCED_FACE ( 'NONE', ( #1014 ), #1521, .F. ) ;
#247 = ORIENTED_EDGE ( 'NONE', *, *, #1000, .F. ) ;
#248 = CARTESIAN_POINT ( 'NONE',  ( 0.000000000000000000, 85.50000000000000000, 0.000000000000000000 ) ) ;
#249 = VERTEX_POINT ( 'NONE', #1007 ) ;
#250 = CARTESIAN_POINT ( 'NONE',  ( 3.225034457723697142E-15, 21.65457492509397497, 26.33440482569416474 ) ) ;
#251 = VERTEX_POINT ( 'NONE', #243 ) ;
#252 = CARTESIAN_POINT ( 'NONE',  ( -2.949595446082918255E-19, 4.000000000000003553, 0.000000000000000000 ) ) ;
#253 = CARTESIAN_POINT ( 'NONE',  ( 0.000000000000000000, 81.15457492509399628, 0.000000000000000000 ) ) ;
#254 = VERTEX_POINT ( 'NONE', #311 ) ;
#255 = DIRECTION ( 'NONE',  ( -0.000000000000000000, -1.000000000000000000, -0.000000000000000000 ) ) ;
#256 = ADVANCED_FACE ( 'NONE', ( #937 ), #1405, .T. ) ;
#257 = EDGE_LOOP ( 'NONE', ( #10, #231, #1562, #754 ) ) ;
#258 = DIRECTION ( 'NONE',  ( 1.000000000000000000, 0.000000000000000000, -1.224646799147353207E-16 ) ) ;
#259 = CARTESIAN_POINT ( 'NONE',  ( 35.81176470588235361, 76.00000000000001421, 7.500000000000000000 ) ) ;
#260 = AXIS2_PLACEMENT_3D ( 'NONE', #363, #480, #999 ) ;
#261 = CARTESIAN_POINT ( 'NONE',  ( 31.59127589503399491, 13.73075659161098017, 7.500000000000000000 ) ) ;
#262 = AXIS2_PLACEMENT_3D ( 'NONE', #377, #16, #399 ) ;
#263 = ORIENTED_EDGE ( 'NONE', *, *, #420, .F. ) ;
#264 = DIRECTION ( 'NONE',  ( -0.000000000000000000, -0.000000000000000000, -1.000000000000000000 ) ) ;
#265 = CIRCLE ( 'NONE', #107, 32.59999999999999432 ) ;
#266 = ORIENTED_EDGE ( 'NONE', *, *, #463, .T. ) ;
#267 = ADVANCED_FACE ( 'NONE', ( #1428 ), #438, .T. ) ;
#268 = DIRECTION ( 'NONE',  ( 0.000000000000000000, 0.000000000000000000, -1.000000000000000000 ) ) ;
#269 = DIRECTION ( 'NONE',  ( 1.000000000000000000, 0.000000000000000000, -1.224646799147353207E-16 ) ) ;
#270 = ORIENTED_EDGE ( 'NONE', *, *, #591, .T. ) ;
#271 = DIRECTION ( 'NONE',  ( -0.07624797363269161798, -0.9970888859659946535, 0.000000000000000000 ) ) ;
#272 = CARTESIAN_POINT ( 'NONE',  ( 35.22294117647059153, 68.30000000000001137, 7.500000000000000000 ) ) ;
#273 = VERTEX_POINT ( 'NONE', #64 ) ;
#274 = DIRECTION ( 'NONE',  ( -1.000000000000000000, 0.000000000000000000, 0.000000000000000000 ) ) ;
#275 = ORIENTED_EDGE ( 'NONE', *, *, #398, .F. ) ;
#276 = DIRECTION ( 'NONE',  ( 0.000000000000000000, 0.000000000000000000, 1.000000000000000000 ) ) ;
#277 = EDGE_CURVE ( 'NONE', #862, #1293, #676, .T. ) ;
#278 = CARTESIAN_POINT ( 'NONE',  ( 44.56507680020157380, 73.50000000000001421, 7.500000000000000000 ) ) ;
#279 = VECTOR ( 'NONE', #861, 1000.000000000000000 ) ;
#280 = ORIENTED_EDGE ( 'NONE', *, *, #1155, .T. ) ;
#281 = CARTESIAN_POINT ( 'NONE',  ( 3.713741418414348574E-15, 0.000000000000000000, 30.00000000000000000 ) ) ;
#282 = AXIS2_PLACEMENT_3D ( 'NONE', #1423, #777, #1284 ) ;
#283 = CARTESIAN_POINT ( 'NONE',  ( 35.22294117647059153, 68.30000000000001137, 7.500000000000000000 ) ) ;
#284 = CIRCLE ( 'NONE', #1434, 30.64999999999999503 ) ;
#285 = AXIS2_PLACEMENT_3D ( 'NONE', #594, #435, #1194 ) ;
#286 = DIRECTION ( 'NONE',  ( -0.07624797363269396333, -0.9970888859659945425, -0.000000000000000000 ) ) ;
#287 = EDGE_CURVE ( 'NONE', #204, #1539, #1436, .T. ) ;
#288 = FILL_AREA_STYLE ('',( #903 ) ) ;
#289 = EDGE_LOOP ( 'NONE', ( #1187, #19, #1475, #108 ) ) ;
#290 = ADVANCED_FACE ( 'NONE', ( #812, #1177 ), #1084, .T. ) ;
#291 = DIRECTION ( 'NONE',  ( 7.373988615207289619E-20, -1.000000000000000000, -0.000000000000000000 ) ) ;
#292 = DIRECTION ( 'NONE',  ( -0.000000000000000000, -1.000000000000000000, -0.000000000000000000 ) ) ;
#293 = CARTESIAN_POINT ( 'NONE',  ( 0.000000000000000000, 8.500000000000003553, 0.000000000000000000 ) ) ;
#294 = DIRECTION ( 'NONE',  ( -0.000000000000000000, -1.000000000000000000, -0.000000000000000000 ) ) ;
#295 = LINE ( 'NONE', #1159, #387 ) ;
#296 =( NAMED_UNIT ( * ) PLANE_ANGLE_UNIT ( ) SI_UNIT ( $, .RADIAN. ) );
#297 = CARTESIAN_POINT ( 'NONE',  ( 35.81176470588235361, 76.00000000000001421, -7.500000000000000000 ) ) ;
#298 = DIRECTION ( 'NONE',  ( -0.000000000000000000, -1.000000000000000000, -0.000000000000000000 ) ) ;
#299 = DIRECTION ( 'NONE',  ( 1.000000000000000000, 0.000000000000000000, 0.000000000000000000 ) ) ;
#300 = EDGE_CURVE ( 'NONE', #927, #1120, #313, .T. ) ;
#301 = DIRECTION ( 'NONE',  ( -0.07624797363269396333, -0.9970888859659945425, -0.000000000000000000 ) ) ;
#302 = CARTESIAN_POINT ( 'NONE',  ( 31.56936308073485264, 15.25257211660957424, 6.262070240097459717 ) ) ;
#303 = EDGE_LOOP ( 'NONE', ( #1571, #759, #1483, #1383 ) ) ;
#304 = FACE_OUTER_BOUND ( 'NONE', #1270, .T. ) ;
#305 = AXIS2_PLACEMENT_3D ( 'NONE', #410, #171, #1416 ) ;
#306 = DIRECTION ( 'NONE',  ( -0.07624797363269396333, -0.9970888859659945425, -0.000000000000000000 ) ) ;
#307 = CIRCLE ( 'NONE', #1083, 31.94999999999999929 ) ;
#308 = EDGE_CURVE ( 'NONE', #707, #1266, #1169, .T. ) ;
#309 = CIRCLE ( 'NONE', #262, 6.806041666666678758 ) ;
#310 = EDGE_CURVE ( 'NONE', #919, #716, #1051, .T. ) ;
#311 = CARTESIAN_POINT ( 'NONE',  ( 35.75340232479426561, 75.23679963192498121, 7.500000000000000000 ) ) ;
#312 = VECTOR ( 'NONE', #1095, 1000.000000000000114 ) ;
#313 = LINE ( 'NONE', #1320, #1437 ) ;
#314 = AXIS2_PLACEMENT_3D ( 'NONE', #470, #17, #622 ) ;
#315 = ORIENTED_EDGE ( 'NONE', *, *, #664, .F. ) ;
#316 = EDGE_LOOP ( 'NONE', ( #1348, #69, #1318, #981 ) ) ;
#317 = CYLINDRICAL_SURFACE ( 'NONE', #82, 9.999999999999994671 ) ;
#318 = ORIENTED_EDGE ( 'NONE', *, *, #1004, .F. ) ;
#319 = PRODUCT ( 'Part_1--Cup', 'Part_1--Cup', '', ( #193 ) ) ;
#320 = CARTESIAN_POINT ( 'NONE',  ( 3.543442625502009158E-15, 55.65457492509398207, 28.93440482569416972 ) ) ;
#321 = ORIENTED_EDGE ( 'NONE', *, *, #1072, .F. ) ;
#322 = ORIENTED_EDGE ( 'NONE', *, *, #381, .T. ) ;
#323 = FACE_BOUND ( 'NONE', #1026, .T. ) ;
#324 = EDGE_LOOP ( 'NONE', ( #77, #26, #1135, #1389 ) ) ;
#325 = ORIENTED_EDGE ( 'NONE', *, *, #952, .T. ) ;
#326 = FACE_OUTER_BOUND ( 'NONE', #154, .T. ) ;
#327 = FACE_OUTER_BOUND ( 'NONE', #587, .T. ) ;
#328 =( NAMED_UNIT ( * ) PLANE_ANGLE_UNIT ( ) SI_UNIT ( $, .RADIAN. ) );
#329 = EDGE_CURVE ( 'NONE', #213, #1109, #1189, .T. ) ;
#330 = CARTESIAN_POINT ( 'NONE',  ( 36.27836351273301574, 72.67540750188140919, -7.500000000000000000 ) ) ;
#331 = ADVANCED_FACE ( 'NONE', ( #938 ), #201, .F. ) ;
#332 = ORIENTED_EDGE ( 'NONE', *, *, #1334, .T. ) ;
#333 = CARTESIAN_POINT ( 'NONE',  ( 30.95588235294118107, 12.50000000000000000, -7.500000000000000000 ) ) ;
#334 = FACE_OUTER_BOUND ( 'NONE', #893, .T. ) ;
#335 = AXIS2_PLACEMENT_3D ( 'NONE', #1419, #666, #895 ) ;
#336 = DIRECTION ( 'NONE',  ( 0.000000000000000000, 0.000000000000000000, 1.000000000000000000 ) ) ;
#337 = AXIS2_PLACEMENT_3D ( 'NONE', #1071, #563, #1446 ) ;
#338 = CARTESIAN_POINT ( 'NONE',  ( 35.86920685207445558, 70.35306238081459185, -7.499999999999999112 ) ) ;
#339 =( GEOMETRIC_REPRESENTATION_CONTEXT ( 3 ) GLOBAL_UNCERTAINTY_ASSIGNED_CONTEXT ( ( #1211 ) ) GLOBAL_UNIT_ASSIGNED_CONTEXT ( ( #580, #328, #1064 ) ) REPRESENTATION_CONTEXT ( 'NONE', 'WORKASPACE' ) );
#340 = ORIENTED_EDGE ( 'NONE', *, *, #195, .F. ) ;
#341 = ORIENTED_EDGE ( 'NONE', *, *, #146, .F. ) ;
#342 = DIRECTION ( 'NONE',  ( -1.000000000000000000, 0.000000000000000000, 0.000000000000000000 ) ) ;
#343 = CARTESIAN_POINT ( 'NONE',  ( 0.000000000000000000, 38.65457492509398207, 0.000000000000000000 ) ) ;
#344 = CARTESIAN_POINT ( 'NONE',  ( 36.08849027653653962, 74.23527126052751157, -7.500000000000000000 ) ) ;
#345 = ORIENTED_EDGE ( 'NONE', *, *, #300, .F. ) ;
#346 = CARTESIAN_POINT ( 'NONE',  ( 0.000000000000000000, 0.000000000000000000, 0.000000000000000000 ) ) ;
#347 = EDGE_CURVE ( 'NONE', #685, #600, #1570, .T. ) ;
#348 = ORIENTED_EDGE ( 'NONE', *, *, #1102, .F. ) ;
#349 = DIRECTION ( 'NONE',  ( -1.000000000000000000, 0.000000000000000000, 0.000000000000000000 ) ) ;
#350 = ORIENTED_EDGE ( 'NONE', *, *, #1474, .T. ) ;
#351 = CARTESIAN_POINT ( 'NONE',  ( 0.000000000000000000, 76.50000000000002842, 0.000000000000000000 ) ) ;
#352 = DIRECTION ( 'NONE',  ( 0.000000000000000000, 0.000000000000000000, 1.000000000000000000 ) ) ;
#353 = VERTEX_POINT ( 'NONE', #1560 ) ;
#354 = PLANE ( 'NONE',  #1245 ) ;
#355 = PRODUCT_DEFINITION ( 'UNKNOWN', '', #1597, #586 ) ;
#356 = EDGE_LOOP ( 'NONE', ( #1341, #345, #433, #176 ) ) ;
#357 = AXIS2_PLACEMENT_3D ( 'NONE', #1460, #1070, #220 ) ;
#358 = FACE_OUTER_BOUND ( 'NONE', #1363, .T. ) ;
#359 = VERTEX_POINT ( 'NONE', #423 ) ;
#360 = APPLICATION_CONTEXT ( 'automotive_design' ) ;
#361 = EDGE_CURVE ( 'NONE', #1466, #1266, #775, .T. ) ;
#362 = CIRCLE ( 'NONE', #750, 30.00000000000000000 ) ;
#363 = CARTESIAN_POINT ( 'NONE',  ( 0.000000000000000000, 64.15457492509398207, 0.000000000000000000 ) ) ;
#364 = PRESENTATION_LAYER_ASSIGNMENT (  '', '', ( #882 ) ) ;
#365 = CARTESIAN_POINT ( 'NONE',  ( 31.29615550032746540, 15.17936636607335288, 7.500000000000000000 ) ) ;
#366 = ORIENTED_EDGE ( 'NONE', *, *, #1279, .F. ) ;
#367 = CARTESIAN_POINT ( 'NONE',  ( 35.22294117647059153, 68.30000000000001137, 7.500000000000000000 ) ) ;
#368 = ORIENTED_EDGE ( 'NONE', *, *, #149, .F. ) ;
#369 = CARTESIAN_POINT ( 'NONE',  ( 0.000000000000000000, 38.65457492509398207, -27.63440482569416190 ) ) ;
#370 = ORIENTED_EDGE ( 'NONE', *, *, #1578, .F. ) ;
#371 = DIRECTION ( 'NONE',  ( -0.000000000000000000, -0.000000000000000000, -1.000000000000000000 ) ) ;
#372 = CARTESIAN_POINT ( 'NONE',  ( 0.000000000000000000, 59.50000000000001421, -34.54999999999999716 ) ) ;
#373 = ORIENTED_EDGE ( 'NONE', *, *, #569, .T. ) ;
#374 = CARTESIAN_POINT ( 'NONE',  ( 0.000000000000000000, 8.500000000000003553, 0.000000000000000000 ) ) ;
#375 = ORIENTED_EDGE ( 'NONE', *, *, #489, .T. ) ;
#376 = CARTESIAN_POINT ( 'NONE',  ( 0.000000000000000000, 76.00000000000001421, 0.000000000000000000 ) ) ;
#377 = CARTESIAN_POINT ( 'NONE',  ( 0.000000000000000000, 4.654574925093975857, -25.03440482569416758 ) ) ;
#378 = EDGE_CURVE ( 'NONE', #464, #964, #536, .T. ) ;
#379 = CARTESIAN_POINT ( 'NONE',  ( 35.31804505800739236, 68.39510388153681220, -4.006134665758274593 ) ) ;
#380 = ORIENTED_EDGE ( 'NONE', *, *, #615, .T. ) ;
#381 = EDGE_CURVE ( 'NONE', #942, #1558, #265, .T. ) ;
#382 = CARTESIAN_POINT ( 'NONE',  ( 3.306546357697853733E-15, 0.9999999999999995559, 27.00000000000000000 ) ) ;
#383 = VERTEX_POINT ( 'NONE', #944 ) ;
#384 = CARTESIAN_POINT ( 'NONE',  ( 44.26154391693660273, 18.65343172185963283, 7.500000000000000000 ) ) ;
#385 = DIRECTION ( 'NONE',  ( -0.000000000000000000, -0.000000000000000000, -1.000000000000000000 ) ) ;
#386 = CARTESIAN_POINT ( 'NONE',  ( 35.99236263368349142, 69.06942145721291126, 1.449676154595207267 ) ) ;
#387 = VECTOR ( 'NONE', #286, 1000.000000000000114 ) ;
#388 = ADVANCED_FACE ( 'NONE', ( #327 ), #590, .T. ) ;
#389 = EDGE_LOOP ( 'NONE', ( #799, #997, #100, #954 ) ) ;
#390 = AXIS2_PLACEMENT_3D ( 'NONE', #702, #573, #1585 ) ;
#391 = CARTESIAN_POINT ( 'NONE',  ( 3.952547544248081798E-15, 25.50000000000000355, 31.94999999999999929 ) ) ;
#392 = CIRCLE ( 'NONE', #1469, 6.806041666666665435 ) ;
#393 = EDGE_LOOP ( 'NONE', ( #94, #138, #1604, #791 ) ) ;
#394 = CARTESIAN_POINT ( 'NONE',  ( 0.000000000000000000, 0.000000000000000000, -30.00000000000000000 ) ) ;
#395 =( LENGTH_UNIT ( ) NAMED_UNIT ( * ) SI_UNIT ( .MILLI., .METRE. ) );
#396 = ORIENTED_EDGE ( 'NONE', *, *, #511, .T. ) ;
#397 = CARTESIAN_POINT ( 'NONE',  ( 32.11508696273944707, 12.81060793905787953, 5.026551561213303820 ) ) ;
#398 = EDGE_CURVE ( 'NONE', #1600, #383, #429, .T. ) ;
#399 = DIRECTION ( 'NONE',  ( 0.000000000000000000, 0.000000000000000000, 1.000000000000000000 ) ) ;
#400 = DIRECTION ( 'NONE',  ( 0.000000000000000000, 0.000000000000000000, -1.000000000000000000 ) ) ;
#401 = ORIENTED_EDGE ( 'NONE', *, *, #97, .T. ) ;
#402 = DIRECTION ( 'NONE',  ( -0.000000000000000000, -1.000000000000000000, -0.000000000000000000 ) ) ;
#403 = PRODUCT_RELATED_PRODUCT_CATEGORY ( 'part', '', ( #319 ) ) ;
#404 = DIRECTION ( 'NONE',  ( 0.07624797363269396333, 0.9970888859659945425, 0.000000000000000000 ) ) ;
#405 = ADVANCED_FACE ( 'NONE', ( #1207 ), #1298, .F. ) ;
#406 = CIRCLE ( 'NONE', #652, 36.50000000000000711 ) ;
#407 = ORIENTED_EDGE ( 'NONE', *, *, #18, .F. ) ;
#408 = CARTESIAN_POINT ( 'NONE',  ( 35.77245396011982592, 70.10463706861465027, 7.499999999999998224 ) ) ;
#409 = VECTOR ( 'NONE', #1601, 1000.000000000000000 ) ;
#410 = CARTESIAN_POINT ( 'NONE',  ( 0.000000000000000000, 25.50000000000000355, 0.000000000000000000 ) ) ;
#411 = DIRECTION ( 'NONE',  ( -1.000000000000000000, 0.000000000000000000, 0.000000000000000000 ) ) ;
#412 = CIRCLE ( 'NONE', #778, 9.999999999999994671 ) ;
#413 = CARTESIAN_POINT ( 'NONE',  ( 35.28901382089411953, 69.16402688861536774, 7.500000000000000000 ) ) ;
#414 = ORIENTED_EDGE ( 'NONE', *, *, #212, .T. ) ;
#415 = DIRECTION ( 'NONE',  ( 1.000000000000000000, 7.373988615207289619E-20, 0.000000000000000000 ) ) ;
#416 = DIRECTION ( 'NONE',  ( 0.000000000000000000, 0.000000000000000000, -1.000000000000000000 ) ) ;
#417 = LINE ( 'NONE', #283, #556 ) ;
#418 = CARTESIAN_POINT ( 'NONE',  ( 35.22294117647059153, 68.30000000000001137, 7.500000000000000000 ) ) ;
#419 = LINE ( 'NONE', #517, #533 ) ;
#420 = EDGE_CURVE ( 'NONE', #582, #1055, #1251, .T. ) ;
#421 = PLANE ( 'NONE',  #1142 ) ;
#422 = CARTESIAN_POINT ( 'NONE',  ( 0.000000000000000000, 47.15457492509396786, 0.000000000000000000 ) ) ;
#423 = CARTESIAN_POINT ( 'NONE',  ( 60.83970659062720898, 42.62314830322402770, -7.500000000000000000 ) ) ;
#424 = ORIENTED_EDGE ( 'NONE', *, *, #1279, .T. ) ;
#425 = DIRECTION ( 'NONE',  ( -0.000000000000000000, -1.000000000000000000, -0.000000000000000000 ) ) ;
#426 = CIRCLE ( 'NONE', #1345, 9.999999999999987566 ) ;
#427 = PRESENTATION_STYLE_ASSIGNMENT (( #1174 ) ) ;
#428 = EDGE_CURVE ( 'NONE', #1558, #942, #1009, .T. ) ;
#429 = CIRCLE ( 'NONE', #451, 6.806041666666678758 ) ;
#430 = AXIS2_PLACEMENT_3D ( 'NONE', #95, #342, #833 ) ;
#431 = DIRECTION ( 'NONE',  ( -0.000000000000000000, -1.000000000000000000, -0.000000000000000000 ) ) ;
#432 = TOROIDAL_SURFACE ( 'NONE', #1411, 30.88440482569417611, 6.806041666666665435 ) ;
#433 = ORIENTED_EDGE ( 'NONE', *, *, #984, .F. ) ;
#434 = EDGE_LOOP ( 'NONE', ( #441, #263 ) ) ;
#435 = DIRECTION ( 'NONE',  ( 0.000000000000000000, 0.000000000000000000, 1.000000000000000000 ) ) ;
#436 = ORIENTED_EDGE ( 'NONE', *, *, #1250, .T. ) ;
#437 = DIRECTION ( 'NONE',  ( 0.9659258262890676461, 0.2588190451025227379, 0.000000000000000000 ) ) ;
#438 = CYLINDRICAL_SURFACE ( 'NONE', #1273, 36.50000000000000711 ) ;
#439 = EDGE_CURVE ( 'NONE', #1035, #1120, #488, .T. ) ;
#440 = FACE_OUTER_BOUND ( 'NONE', #240, .T. ) ;
#441 = ORIENTED_EDGE ( 'NONE', *, *, #1214, .F. ) ;
#442 = DIRECTION ( 'NONE',  ( 0.000000000000000000, 0.000000000000000000, 1.000000000000000000 ) ) ;
#443 = ADVANCED_FACE ( 'NONE', ( #1507 ), #1355, .T. ) ;
#444 = CARTESIAN_POINT ( 'NONE',  ( 0.000000000000000000, 72.65457492509398207, -30.23440482569416687 ) ) ;
#445 = PLANE ( 'NONE',  #514 ) ;
#446 = ORIENTED_EDGE ( 'NONE', *, *, #1176, .F. ) ;
#447 = FACE_OUTER_BOUND ( 'NONE', #576, .T. ) ;
#448 = VECTOR ( 'NONE', #620, 1000.000000000000000 ) ;
#449 = CIRCLE ( 'NONE', #1299, 29.10237881690745709 ) ;
#450 = DIRECTION ( 'NONE',  ( -0.000000000000000000, -0.000000000000000000, -1.000000000000000000 ) ) ;
#451 = AXIS2_PLACEMENT_3D ( 'NONE', #444, #949, #336 ) ;
#452 = VECTOR ( 'NONE', #224, 1000.000000000000000 ) ;
#453 = EDGE_CURVE ( 'NONE', #875, #1129, #803, .T. ) ;
#454 = CARTESIAN_POINT ( 'NONE',  ( 35.77245396011982592, 70.10463706861465027, -7.499999999999998224 ) ) ;
#455 = CARTESIAN_POINT ( 'NONE',  ( 52.40697558676631473, 63.50000000000001421, -7.500000000000000000 ) ) ;
#456 = ORIENTED_EDGE ( 'NONE', *, *, #1334, .F. ) ;
#457 = CARTESIAN_POINT ( 'NONE',  ( 0.000000000000000000, 13.15457492509397674, 0.000000000000000000 ) ) ;
#458 = ORIENTED_EDGE ( 'NONE', *, *, #1127, .F. ) ;
#459 = DIRECTION ( 'NONE',  ( 0.000000000000000000, 0.000000000000000000, -1.000000000000000000 ) ) ;
#460 = ORIENTED_EDGE ( 'NONE', *, *, #398, .T. ) ;
#461 = CARTESIAN_POINT ( 'NONE',  ( 0.000000000000000000, 34.00000000000000000, -32.59999999999999432 ) ) ;
#462 = CARTESIAN_POINT ( 'NONE',  ( 60.50348041593301218, 38.22634448029987198, 7.500000000000000000 ) ) ;
#463 = EDGE_CURVE ( 'NONE', #1504, #975, #982, .T. ) ;
#464 = VERTEX_POINT ( 'NONE', #628 ) ;
#465 = FACE_BOUND ( 'NONE', #1609, .T. ) ;
#466 = ORIENTED_EDGE ( 'NONE', *, *, #46, .F. ) ;
#467 = LINE ( 'NONE', #241, #1143 ) ;
#468 = ORIENTED_EDGE ( 'NONE', *, *, #1306, .T. ) ;
#469 = LINE ( 'NONE', #1481, #448 ) ;
#470 = CARTESIAN_POINT ( 'NONE',  ( 0.000000000000000000, 67.99999999999998579, 0.000000000000000000 ) ) ;
#471 = VERTEX_POINT ( 'NONE', #1124 ) ;
#472 = CARTESIAN_POINT ( 'NONE',  ( 50.13789028437120265, 53.50000000000000711, -7.500000000000000000 ) ) ;
#473 = ADVANCED_FACE ( 'NONE', ( #1087 ), #1465, .F. ) ;
#474 = ORIENTED_EDGE ( 'NONE', *, *, #453, .T. ) ;
#475 = CIRCLE ( 'NONE', #823, 6.806041666666665435 ) ;
#476 = CIRCLE ( 'NONE', #430, 6.806041666666682310 ) ;
#477 = CARTESIAN_POINT ( 'NONE',  ( 29.10237881690745709, 4.000000000000003553, 3.564013506569945481E-15 ) ) ;
#478 = ORIENTED_EDGE ( 'NONE', *, *, #1267, .T. ) ;
#479 = AXIS2_PLACEMENT_3D ( 'NONE', #525, #1024, #941 ) ;
#480 = DIRECTION ( 'NONE',  ( -0.000000000000000000, -1.000000000000000000, -0.000000000000000000 ) ) ;
#481 = AXIS2_PLACEMENT_3D ( 'NONE', #422, #63, #44 ) ;
#482 = CARTESIAN_POINT ( 'NONE',  ( 0.000000000000000000, 64.15457492509398207, 0.000000000000000000 ) ) ;
#483 = TOROIDAL_SURFACE ( 'NONE', #617, 26.98440482569417398, 6.806041666666675205 ) ;
#484 = EDGE_LOOP ( 'NONE', ( #321, #838, #1085, #1487 ) ) ;
#485 = CARTESIAN_POINT ( 'NONE',  ( 60.50348041593301218, 38.22634448029987198, -7.500000000000000000 ) ) ;
#486 = VECTOR ( 'NONE', #1186, 1000.000000000000000 ) ;
#487 = ORIENTED_EDGE ( 'NONE', *, *, #45, .F. ) ;
#488 = LINE ( 'NONE', #1224, #312 ) ;
#489 = EDGE_CURVE ( 'NONE', #818, #119, #1116, .T. ) ;
#490 = DIRECTION ( 'NONE',  ( -0.000000000000000000, -1.000000000000000000, -0.000000000000000000 ) ) ;
#491 = EDGE_CURVE ( 'NONE', #1429, #1600, #1384, .T. ) ;
#492 = FACE_OUTER_BOUND ( 'NONE', #1598, .T. ) ;
#493 = ORIENTED_EDGE ( 'NONE', *, *, #1229, .F. ) ;
#494 = CARTESIAN_POINT ( 'NONE',  ( 32.39530884920371534, 12.88569316723751079, -2.495719571397275516 ) ) ;
#495 = DIRECTION ( 'NONE',  ( 0.000000000000000000, 0.000000000000000000, -1.000000000000000000 ) ) ;
#496 = EDGE_LOOP ( 'NONE', ( #1359, #85, #501, #1480 ) ) ;
#497 = DIRECTION ( 'NONE',  ( 0.000000000000000000, -1.000000000000000000, 0.000000000000000000 ) ) ;
#498 = DIRECTION ( 'NONE',  ( 0.000000000000000000, 0.000000000000000000, 1.000000000000000000 ) ) ;
#499 = DIRECTION ( 'NONE',  ( -0.000000000000000000, -0.000000000000000000, -1.000000000000000000 ) ) ;
#500 = CARTESIAN_POINT ( 'NONE',  ( 36.06261311249627255, 69.13967193602569239, -0.7257894052784480410 ) ) ;
#501 = ORIENTED_EDGE ( 'NONE', *, *, #698, .T. ) ;
#502 = DIRECTION ( 'NONE',  ( 0.000000000000000000, 0.000000000000000000, -1.000000000000000000 ) ) ;
#503 = ORIENTED_EDGE ( 'NONE', *, *, #230, .T. ) ;
#504 = AXIS2_PLACEMENT_3D ( 'NONE', #570, #1114, #495 ) ;
#505 = LINE ( 'NONE', #1016, #1056 ) ;
#506 = AXIS2_PLACEMENT_3D ( 'NONE', #1171, #402, #1036 ) ;
#507 = CARTESIAN_POINT ( 'NONE',  ( 0.000000000000000000, 38.65457492509398207, 0.000000000000000000 ) ) ;
#508 = AXIS2_PLACEMENT_3D ( 'NONE', #343, #589, #1599 ) ;
#509 = ORIENTED_EDGE ( 'NONE', *, *, #1343, .F. ) ;
#510 = DIRECTION ( 'NONE',  ( 1.000000000000000000, 0.000000000000000000, 0.000000000000000000 ) ) ;
#511 = EDGE_CURVE ( 'NONE', #1587, #549, #930, .T. ) ;
#512 = AXIS2_PLACEMENT_3D ( 'NONE', #376, #102, #1117 ) ;
#513 = DIRECTION ( 'NONE',  ( 0.000000000000000000, 0.000000000000000000, 1.000000000000000000 ) ) ;
#514 = AXIS2_PLACEMENT_3D ( 'NONE', #703, #951, #958 ) ;
#515 = ORIENTED_EDGE ( 'NONE', *, *, #1042, .F. ) ;
#516 = DIRECTION ( 'NONE',  ( -0.000000000000000000, -1.000000000000000000, -0.000000000000000000 ) ) ;
#517 = CARTESIAN_POINT ( 'NONE',  ( 52.40697558676630763, 73.50000000000001421, 7.500000000000000000 ) ) ;
#518 = CARTESIAN_POINT ( 'NONE',  ( 32.04504993292802340, 15.38003202450483720, 2.488110391478635997 ) ) ;
#519 = VERTEX_POINT ( 'NONE', #1372 ) ;
#520 = B_SPLINE_CURVE_WITH_KNOTS ( 'NONE', 3,
 ( #185, #1420, #1528, #548, #518, #783, #302, #1550 ),
 .UNSPECIFIED., .F., .F.,
 ( 4, 2, 2, 4 ),
 ( 2.022419102191026045E-07, 0.007512077526654915675, 0.01126801516902726369, 0.01502395281139961257 ),
 .UNSPECIFIED. ) ;
#521 = DIRECTION ( 'NONE',  ( 0.000000000000000000, 0.000000000000000000, 1.000000000000000000 ) ) ;
#522 = ADVANCED_FACE ( 'NONE', ( #1470 ), #1439, .T. ) ;
#523 = CARTESIAN_POINT ( 'NONE',  ( 35.22294117647059153, 68.30000000000001137, 7.500000000000000000 ) ) ;
#524 = ORIENTED_EDGE ( 'NONE', *, *, #936, .T. ) ;
#525 = CARTESIAN_POINT ( 'NONE',  ( 0.000000000000000000, -3.673940397442055431E-16, 0.000000000000000000 ) ) ;
#526 = LINE ( 'NONE', #1049, #1053 ) ;
#527 = FACE_OUTER_BOUND ( 'NONE', #257, .T. ) ;
#528 = DIRECTION ( 'NONE',  ( -0.000000000000000000, -0.000000000000000000, -1.000000000000000000 ) ) ;
#529 = DIRECTION ( 'NONE',  ( 0.000000000000000000, 0.000000000000000000, 1.000000000000000000 ) ) ;
#530 = AXIS2_PLACEMENT_3D ( 'NONE', #1304, #497, #189 ) ;
#531 = CIRCLE ( 'NONE', #1545, 27.00000000000000000 ) ;
#532 = DIRECTION ( 'NONE',  ( -0.000000000000000000, -1.000000000000000000, -0.000000000000000000 ) ) ;
#533 = VECTOR ( 'NONE', #1290, 1000.000000000000000 ) ;
#534 = FACE_OUTER_BOUND ( 'NONE', #1607, .T. ) ;
#535 = CARTESIAN_POINT ( 'NONE',  ( 35.75340232479426561, 75.23679963192498121, -7.500000000000000000 ) ) ;
#536 = CIRCLE ( 'NONE', #210, 203.4000000000003183 ) ;
#537 = AXIS2_PLACEMENT_3D ( 'NONE', #858, #269, #636 ) ;
#538 = ADVANCED_FACE ( 'NONE', ( #607 ), #229, .F. ) ;
#539 = DIRECTION ( 'NONE',  ( -0.000000000000000000, -0.000000000000000000, -1.000000000000000000 ) ) ;
#540 = SURFACE_STYLE_USAGE ( .BOTH. , #59 ) ;
#541 = EDGE_CURVE ( 'NONE', #864, #691, #467, .T. ) ;
#542 = ORIENTED_EDGE ( 'NONE', *, *, #913, .F. ) ;
#543 = DIRECTION ( 'NONE',  ( -1.224646799147353207E-16, 0.000000000000000000, -1.000000000000000000 ) ) ;
#544 = CARTESIAN_POINT ( 'NONE',  ( 0.000000000000000000, 0.9999999999999995559, -27.00000000000000000 ) ) ;
#545 = DIRECTION ( 'NONE',  ( -0.7071067811865454633, -0.7071067811865496822, 0.000000000000000000 ) ) ;
#546 = CARTESIAN_POINT ( 'NONE',  ( 0.000000000000000000, 72.65457492509398207, 0.000000000000000000 ) ) ;
#547 = EDGE_CURVE ( 'NONE', #145, #1493, #1350, .T. ) ;
#548 = CARTESIAN_POINT ( 'NONE',  ( 32.11108258208883370, 15.39772541952156359, 1.230342396063227817 ) ) ;
#549 = VERTEX_POINT ( 'NONE', #1486 ) ;
#550 = CARTESIAN_POINT ( 'NONE',  ( 30.95588235294118107, 12.50000000000000000, 7.500000000000000000 ) ) ;
#551 = ORIENTED_EDGE ( 'NONE', *, *, #277, .T. ) ;
#552 = ORIENTED_EDGE ( 'NONE', *, *, #1336, .F. ) ;
#553 = ORIENTED_EDGE ( 'NONE', *, *, #1314, .F. ) ;
#554 = DIRECTION ( 'NONE',  ( 0.000000000000000000, 0.000000000000000000, -1.000000000000000000 ) ) ;
#555 = TOROIDAL_SURFACE ( 'NONE', #80, 30.23440482569416687, 6.806041666666680534 ) ;
#556 = VECTOR ( 'NONE', #306, 1000.000000000000114 ) ;
#557 = ADVANCED_FACE ( 'NONE', ( #358 ), #853, .F. ) ;
#558 = EDGE_LOOP ( 'NONE', ( #1309, #478, #1339, #776 ) ) ;
#559 = CARTESIAN_POINT ( 'NONE',  ( 0.000000000000000000, 30.15457492509397852, 0.000000000000000000 ) ) ;
#560 = TOROIDAL_SURFACE ( 'NONE', #902, 30.88440482569417611, 6.806041666666665435 ) ;
#561 = MECHANICAL_DESIGN_GEOMETRIC_PRESENTATION_REPRESENTATION (  '', ( #882 ), #4 ) ;
#562 = AXIS2_PLACEMENT_3D ( 'NONE', #1476, #1340, #996 ) ;
#563 = DIRECTION ( 'NONE',  ( -0.000000000000000000, -0.000000000000000000, -1.000000000000000000 ) ) ;
#564 = CIRCLE ( 'NONE', #314, 35.19999999999999574 ) ;
#565 = EDGE_LOOP ( 'NONE', ( #247, #1529, #1099 ) ) ;
#566 = DIRECTION ( 'NONE',  ( -0.000000000000000000, -0.000000000000000000, -1.000000000000000000 ) ) ;
#567 = ORIENTED_EDGE ( 'NONE', *, *, #1158, .F. ) ;
#568 = CARTESIAN_POINT ( 'NONE',  ( 35.33473175808392597, 85.50000000000000000, 0.000000000000000000 ) ) ;
#569 = EDGE_CURVE ( 'NONE', #582, #471, #1615, .T. ) ;
#570 = CARTESIAN_POINT ( 'NONE',  ( 0.000000000000000000, 85.50000000000000000, 0.000000000000000000 ) ) ;
#571 = EDGE_CURVE ( 'NONE', #648, #942, #1594, .T. ) ;
#572 = MANIFOLD_SOLID_BREP ( 'Revolve3', #1190 ) ;
#573 = DIRECTION ( 'NONE',  ( -0.000000000000000000, -1.000000000000000000, -0.000000000000000000 ) ) ;
#574 = LINE ( 'NONE', #462, #486 ) ;
#575 = ORIENTED_EDGE ( 'NONE', *, *, #1533, .F. ) ;
#576 = EDGE_LOOP ( 'NONE', ( #1104, #370, #446, #380 ) ) ;
#577 = DIRECTION ( 'NONE',  ( -1.000000000000000000, 0.000000000000000000, 0.000000000000000000 ) ) ;
#578 = B_SPLINE_CURVE_WITH_KNOTS ( 'NONE', 3,
 ( #630, #988, #1491, #845, #261, #1347, #235, #365 ),
 .UNSPECIFIED., .F., .F.,
 ( 4, 2, 2, 4 ),
 ( 0.005788630140340490435, 0.006421201353054528833, 0.007053772565768567232, 0.008318914991196644029 ),
 .UNSPECIFIED. ) ;
#579 = DIRECTION ( 'NONE',  ( 0.7071067811865453523, 0.7071067811865496822, 0.000000000000000000 ) ) ;
#580 =( LENGTH_UNIT ( ) NAMED_UNIT ( * ) SI_UNIT ( .MILLI., .METRE. ) );
#581 = DIRECTION ( 'NONE',  ( 0.000000000000000000, 0.000000000000000000, 1.000000000000000000 ) ) ;
#582 = VERTEX_POINT ( 'NONE', #657 ) ;
#583 = FACE_OUTER_BOUND ( 'NONE', #565, .T. ) ;
#584 = CIRCLE ( 'NONE', #694, 30.64999999999999503 ) ;
#585 = CARTESIAN_POINT ( 'NONE',  ( 0.000000000000000000, 55.65457492509398207, 0.000000000000000000 ) ) ;
#586 = PRODUCT_DEFINITION_CONTEXT ( 'detailed design', #1140, 'design' ) ;
#587 = EDGE_LOOP ( 'NONE', ( #1440, #1473, #762, #315 ) ) ;
#588 = CIRCLE ( 'NONE', #335, 6.806041666666678758 ) ;
#589 = DIRECTION ( 'NONE',  ( -0.000000000000000000, -1.000000000000000000, -0.000000000000000000 ) ) ;
#590 = TOROIDAL_SURFACE ( 'NONE', #390, 26.33440482569416474, 6.806041666666682310 ) ;
#591 = EDGE_CURVE ( 'NONE', #1539, #251, #52, .T. ) ;
#592 = CARTESIAN_POINT ( 'NONE',  ( 62.86116858143081743, 36.26989466922420746, 7.500000000000000000 ) ) ;
#593 = VECTOR ( 'NONE', #1160, 1000.000000000000000 ) ;
#594 = CARTESIAN_POINT ( 'NONE',  ( 40.92521309017893572, 37.94735008914346963, 7.500000000000000000 ) ) ;
#595 = ADVANCED_FACE ( 'NONE', ( #1555 ), #182, .T. ) ;
#596 = ORIENTED_EDGE ( 'NONE', *, *, #904, .F. ) ;
#597 = DIRECTION ( 'NONE',  ( 0.000000000000000000, 0.000000000000000000, -1.000000000000000000 ) ) ;
#598 = CARTESIAN_POINT ( 'NONE',  ( -29.10237881690745709, 4.000000000000003553, 0.000000000000000000 ) ) ;
#599 = CARTESIAN_POINT ( 'NONE',  ( 0.000000000000000000, 76.50000000000002842, 0.000000000000000000 ) ) ;
#600 = VERTEX_POINT ( 'NONE', #1417 ) ;
#601 = CARTESIAN_POINT ( 'NONE',  ( 31.59530367434434339, 12.67133242669322080, -7.500000000000000000 ) ) ;
#602 = DIRECTION ( 'NONE',  ( -0.000000000000000000, -1.000000000000000000, -0.000000000000000000 ) ) ;
#603 = VERTEX_POINT ( 'NONE', #802 ) ;
#604 = LINE ( 'NONE', #1390, #1567 ) ;
#605 = EDGE_CURVE ( 'NONE', #1120, #862, #412, .T. ) ;
#606 = EDGE_LOOP ( 'NONE', ( #169, #1332, #868, #332 ) ) ;
#607 = FACE_OUTER_BOUND ( 'NONE', #909, .T. ) ;
#608 = ORIENTED_EDGE ( 'NONE', *, *, #1031, .T. ) ;
#609 = CARTESIAN_POINT ( 'NONE',  ( 35.27252729420262511, 68.94843384726497959, -6.958018473247161495 ) ) ;
#610 = DIRECTION ( 'NONE',  ( -0.000000000000000000, -0.000000000000000000, -1.000000000000000000 ) ) ;
#611 = VERTEX_POINT ( 'NONE', #1312 ) ;
#612 = FACE_OUTER_BOUND ( 'NONE', #316, .T. ) ;
#613 = EDGE_CURVE ( 'NONE', #1266, #43, #1496, .T. ) ;
#614 = ORIENTED_EDGE ( 'NONE', *, *, #1062, .F. ) ;
#615 = EDGE_CURVE ( 'NONE', #1524, #73, #526, .T. ) ;
#616 = CIRCLE ( 'NONE', #771, 35.33473175808392597 ) ;
#617 = AXIS2_PLACEMENT_3D ( 'NONE', #1511, #1100, #1237 ) ;
#618 = CARTESIAN_POINT ( 'NONE',  ( -2.949595446082918255E-19, 4.000000000000003553, 0.000000000000000000 ) ) ;
#619 = CIRCLE ( 'NONE', #105, 36.50000000000000000 ) ;
#620 = DIRECTION ( 'NONE',  ( -0.000000000000000000, -0.000000000000000000, -1.000000000000000000 ) ) ;
#621 = VECTOR ( 'NONE', #579, 1000.000000000000000 ) ;
#622 = DIRECTION ( 'NONE',  ( 0.000000000000000000, 0.000000000000000000, -1.000000000000000000 ) ) ;
#623 = VERTEX_POINT ( 'NONE', #544 ) ;
#624 = CARTESIAN_POINT ( 'NONE',  ( 31.59530367434863862, 12.67133242669437188, 7.499999999982253307 ) ) ;
#625 = DIRECTION ( 'NONE',  ( 0.000000000000000000, 0.000000000000000000, -1.000000000000000000 ) ) ;
#626 = ORIENTED_EDGE ( 'NONE', *, *, #1426, .T. ) ;
#627 = ORIENTED_EDGE ( 'NONE', *, *, #71, .T. ) ;
#628 = CARTESIAN_POINT ( 'NONE',  ( -1.245465794732860212E-14, 2.799999999999997158, 0.000000000000000000 ) ) ;
#629 = DIRECTION ( 'NONE',  ( 0.07624797363269393558, 0.9970888859659945425, -0.000000000000000000 ) ) ;
#630 = CARTESIAN_POINT ( 'NONE',  ( 31.59530367434863862, 12.67133242669437188, 7.499999999982253307 ) ) ;
#631 = ORIENTED_EDGE ( 'NONE', *, *, #1000, .T. ) ;
#632 = DIRECTION ( 'NONE',  ( 0.000000000000000000, 0.000000000000000000, -1.000000000000000000 ) ) ;
#633 = ORIENTED_EDGE ( 'NONE', *, *, #1445, .T. ) ;
#634 = EDGE_CURVE ( 'NONE', #810, #919, #417, .T. ) ;
#635 = DIRECTION ( 'NONE',  ( -0.000000000000000000, -1.000000000000000000, -0.000000000000000000 ) ) ;
#636 = DIRECTION ( 'NONE',  ( -1.224646799147353454E-16, 0.000000000000000000, -1.000000000000000000 ) ) ;
#637 = DIRECTION ( 'NONE',  ( 0.000000000000000000, 0.000000000000000000, -1.000000000000000000 ) ) ;
#638 = ORIENTED_EDGE ( 'NONE', *, *, #1102, .T. ) ;
#639 = CARTESIAN_POINT ( 'NONE',  ( 55.10545109075813741, 76.00000000000001421, -7.500000000000000000 ) ) ;
#640 = CARTESIAN_POINT ( 'NONE',  ( 0.000000000000000000, 81.15457492509399628, -30.88440482569417611 ) ) ;
#641 = ORIENTED_EDGE ( 'NONE', *, *, #491, .T. ) ;
#642 = AXIS2_PLACEMENT_3D ( 'NONE', #745, #1248, #625 ) ;
#643 = AXIS2_PLACEMENT_3D ( 'NONE', #860, #1003, #3 ) ;
#644 = CARTESIAN_POINT ( 'NONE',  ( 35.25959977510926535, 68.77938167450585638, 6.404010711465463856 ) ) ;
#645 = CIRCLE ( 'NONE', #1, 36.50000000000000711 ) ;
#646 = EDGE_CURVE ( 'NONE', #1466, #648, #1278, .T. ) ;
#647 = FACE_OUTER_BOUND ( 'NONE', #1088, .T. ) ;
#648 = VERTEX_POINT ( 'NONE', #998 ) ;
#649 = CARTESIAN_POINT ( 'NONE',  ( 0.000000000000000000, 64.15457492509398207, -29.58440482569417540 ) ) ;
#650 = EDGE_CURVE ( 'NONE', #600, #1504, #1514, .T. ) ;
#651 = FACE_OUTER_BOUND ( 'NONE', #196, .T. ) ;
#652 = AXIS2_PLACEMENT_3D ( 'NONE', #248, #255, #136 ) ;
#653 = CIRCLE ( 'NONE', #110, 6.806041666666682310 ) ;
#654 = FACE_OUTER_BOUND ( 'NONE', #1115, .T. ) ;
#655 = EDGE_LOOP ( 'NONE', ( #769, #633, #841, #340 ) ) ;
#656 = CARTESIAN_POINT ( 'NONE',  ( 35.22294117647059153, 68.30000000000001137, 7.500000000000000000 ) ) ;
#657 = CARTESIAN_POINT ( 'NONE',  ( 29.10237881690745709, 4.000000000000003553, 3.945635060598362886E-15 ) ) ;
#658 = EDGE_CURVE ( 'NONE', #549, #519, #737, .T. ) ;
#659 = DIRECTION ( 'NONE',  ( -0.000000000000000000, -0.000000000000000000, -1.000000000000000000 ) ) ;
#660 = CARTESIAN_POINT ( 'NONE',  ( 0.000000000000000000, 59.50000000000001421, 0.000000000000000000 ) ) ;
#661 = ORIENTED_EDGE ( 'NONE', *, *, #1028, .F. ) ;
#662 = CARTESIAN_POINT ( 'NONE',  ( 0.000000000000000000, 55.65457492509398207, 0.000000000000000000 ) ) ;
#663 = CARTESIAN_POINT ( 'NONE',  ( 35.77934902625300850, 75.57610265100082358, -6.698599393822407322 ) ) ;
#664 = EDGE_CURVE ( 'NONE', #1493, #1018, #1490, .T. ) ;
#665 = EDGE_CURVE ( 'NONE', #1429, #710, #723, .T. ) ;
#666 = DIRECTION ( 'NONE',  ( -1.000000000000000000, 0.000000000000000000, 0.000000000000000000 ) ) ;
#667 = SURFACE_STYLE_FILL_AREA ( #288 ) ;
#668 = VECTOR ( 'NONE', #385, 1000.000000000000000 ) ;
#669 = ORIENTED_EDGE ( 'NONE', *, *, #984, .T. ) ;
#670 = CARTESIAN_POINT ( 'NONE',  ( 35.55174373512501518, 69.62410000147521316, 7.499999999999999112 ) ) ;
#671 = AXIS2_PLACEMENT_3D ( 'NONE', #1413, #425, #1150 ) ;
#672 = ORIENTED_EDGE ( 'NONE', *, *, #1602, .T. ) ;
#673 = DIRECTION ( 'NONE',  ( 1.000000000000000000, 0.000000000000000000, -1.224646799147353207E-16 ) ) ;
#674 = AXIS2_PLACEMENT_3D ( 'NONE', #842, #7, #349 ) ;
#675 = AXIS2_PLACEMENT_3D ( 'NONE', #507, #974, #9 ) ;
#676 = LINE ( 'NONE', #184, #1052 ) ;
#677 = CARTESIAN_POINT ( 'NONE',  ( 35.53199977103493268, 68.60905859456434541, 3.547598636762602009 ) ) ;
#678 = ORIENTED_EDGE ( 'NONE', *, *, #1176, .T. ) ;
#679 = ORIENTED_EDGE ( 'NONE', *, *, #71, .F. ) ;
#680 = CARTESIAN_POINT ( 'NONE',  ( 52.40697558676630763, 73.50000000000001421, -7.500000000000000000 ) ) ;
#681 = DIRECTION ( 'NONE',  ( 1.000000000000000000, 0.000000000000000000, -1.224646799147353207E-16 ) ) ;
#682 = B_SPLINE_CURVE_WITH_KNOTS ( 'NONE', 3,
 ( #785, #177, #1540, #164, #1180, #1563, #1272, #897, #50, #1048, #1019, #408, #670, #170, #1536 ),
 .UNSPECIFIED., .F., .F.,
 ( 4, 2, 1, 2, 2, 2, 2, 4 ),
 ( 0.03696917062895397482, 0.03775422769095698738, 0.03853928475295999995, 0.03932434181496301251, 0.04010939887696602507, 0.04167951300097205020, 0.04246457006297506276, 0.04324962712497807532 ),
 .UNSPECIFIED. ) ;
#683 = DIRECTION ( 'NONE',  ( 0.000000000000000000, -0.000000000000000000, 1.000000000000000000 ) ) ;
#684 = ADVANCED_FACE ( 'NONE', ( #1565 ), #932, .F. ) ;
#685 = VERTEX_POINT ( 'NONE', #1060 ) ;
#686 = EDGE_LOOP ( 'NONE', ( #436, #608, #1232, #1092 ) ) ;
#687 = DIRECTION ( 'NONE',  ( -1.224646799147353207E-16, 0.000000000000000000, -1.000000000000000000 ) ) ;
#688 = ORIENTED_EDGE ( 'NONE', *, *, #1474, .F. ) ;
#689 = DIRECTION ( 'NONE',  ( 0.7071067811865453523, 0.7071067811865496822, 0.000000000000000000 ) ) ;
#690 = CARTESIAN_POINT ( 'NONE',  ( 0.000000000000000000, 34.00000000000000000, 0.000000000000000000 ) ) ;
#691 = VERTEX_POINT ( 'NONE', #1484 ) ;
#692 = EDGE_CURVE ( 'NONE', #151, #1429, #54, .T. ) ;
#693 = CARTESIAN_POINT ( 'NONE',  ( 0.000000000000000000, 47.15457492509396786, 0.000000000000000000 ) ) ;
#694 = AXIS2_PLACEMENT_3D ( 'NONE', #293, #1163, #416 ) ;
#695 = AXIS2_PLACEMENT_3D ( 'NONE', #143, #763, #1505 ) ;
#696 = EDGE_LOOP ( 'NONE', ( #728, #225, #396, #995, #1368, #631, #989, #1450 ) ) ;
#697 = DIRECTION ( 'NONE',  ( 0.000000000000000000, 0.000000000000000000, -1.000000000000000000 ) ) ;
#698 = EDGE_CURVE ( 'NONE', #1209, #88, #531, .T. ) ;
#699 = AXIS2_PLACEMENT_3D ( 'NONE', #197, #1456, #581 ) ;
#700 = AXIS2_PLACEMENT_3D ( 'NONE', #1364, #963, #1479 ) ;
#701 = COLOUR_RGB ( '',0.5019607843137254832, 1.000000000000000000, 0.5019607843137254832 ) ;
#702 = CARTESIAN_POINT ( 'NONE',  ( 0.000000000000000000, 21.65457492509397497, 0.000000000000000000 ) ) ;
#703 = CARTESIAN_POINT ( 'NONE',  ( 35.22294117647059153, 68.30000000000001137, 7.500000000000000000 ) ) ;
#704 = EDGE_LOOP ( 'NONE', ( #575, #1184, #1210, #125 ) ) ;
#705 = CARTESIAN_POINT ( 'NONE',  ( 0.000000000000000000, 0.9999999999999995559, 0.000000000000000000 ) ) ;
#706 = DIRECTION ( 'NONE',  ( -1.000000000000000000, -0.000000000000000000, -0.000000000000000000 ) ) ;
#707 = VERTEX_POINT ( 'NONE', #205 ) ;
#708 = DIRECTION ( 'NONE',  ( 0.000000000000000000, -0.000000000000000000, 1.000000000000000000 ) ) ;
#709 = ADVANCED_FACE ( 'NONE', ( #447 ), #226, .F. ) ;
#710 = VERTEX_POINT ( 'NONE', #1452 ) ;
#711 = CARTESIAN_POINT ( 'NONE',  ( 55.10545109075813741, 66.00000000000001421, 7.500000000000000000 ) ) ;
#712 = ADVANCED_FACE ( 'NONE', ( #943 ), #81, .T. ) ;
#713 = CARTESIAN_POINT ( 'NONE',  ( 0.000000000000000000, 0.000000000000000000, 0.000000000000000000 ) ) ;
#714 = LINE ( 'NONE', #1118, #953 ) ;
#715 = CARTESIAN_POINT ( 'NONE',  ( 40.92521309017893572, 37.94735008914346963, 7.500000000000000000 ) ) ;
#716 = VERTEX_POINT ( 'NONE', #1605 ) ;
#717 = CARTESIAN_POINT ( 'NONE',  ( 44.26154391693660273, 18.65343172185963283, 7.500000000000000000 ) ) ;
#718 = CIRCLE ( 'NONE', #504, 35.33473175808392597 ) ;
#719 = VECTOR ( 'NONE', #61, 1000.000000000000227 ) ;
#720 = AXIS2_PLACEMENT_3D ( 'NONE', #320, #806, #1201 ) ;
#721 = DIRECTION ( 'NONE',  ( -0.000000000000000000, -0.000000000000000000, -1.000000000000000000 ) ) ;
#722 = ORIENTED_EDGE ( 'NONE', *, *, #788, .T. ) ;
#723 = CIRCLE ( 'NONE', #1274, 6.806041666666678758 ) ;
#724 = ADVANCED_FACE ( 'NONE', ( #1197 ), #933, .T. ) ;
#725 = CARTESIAN_POINT ( 'NONE',  ( 50.13789028437120265, 53.50000000000000711, 7.500000000000000000 ) ) ;
#726 = CIRCLE ( 'NONE', #32, 9.999999999999994671 ) ;
#727 = CARTESIAN_POINT ( 'NONE',  ( 44.26154391693660273, 18.65343172185963283, -7.500000000000000000 ) ) ;
#728 = ORIENTED_EDGE ( 'NONE', *, *, #1226, .F. ) ;
#729 = DIRECTION ( 'NONE',  ( 0.9970888859659945425, -0.07624797363269396333, 0.000000000000000000 ) ) ;
#730 = ORIENTED_EDGE ( 'NONE', *, *, #1499, .T. ) ;
#731 = CARTESIAN_POINT ( 'NONE',  ( 35.22294117647059153, 68.30000000000001137, -4.137119247793823895 ) ) ;
#732 = FACE_OUTER_BOUND ( 'NONE', #30, .T. ) ;
#733 = ORIENTED_EDGE ( 'NONE', *, *, #831, .F. ) ;
#734 = CARTESIAN_POINT ( 'NONE',  ( 32.41061432853239666, 12.88979425806340018, 2.535233551649087591 ) ) ;
#735 = ADVANCED_FACE ( 'NONE', ( #1075 ), #1319, .F. ) ;
#736 = CARTESIAN_POINT ( 'NONE',  ( 35.28901382089411953, 69.16402688861536774, -7.500000000000000000 ) ) ;
#737 = B_SPLINE_CURVE_WITH_KNOTS ( 'NONE', 3,
 ( #922, #1289, #663, #535 ),
 .UNSPECIFIED., .F., .F.,
 ( 4, 4 ),
 ( 9.410702356086507718E-07, 0.002599189892709278474 ),
 .UNSPECIFIED. ) ;
#738 = EDGE_LOOP ( 'NONE', ( #116, #373, #1106, #466 ) ) ;
#739 = CARTESIAN_POINT ( 'NONE',  ( 44.26154391693660273, 18.65343172185963283, -7.500000000000000000 ) ) ;
#740 = B_SPLINE_CURVE_WITH_KNOTS ( 'NONE', 3,
 ( #1215, #609, #1488, #1374, #1357, #731 ),
 .UNSPECIFIED., .F., .F.,
 ( 4, 2, 4 ),
 ( 2.135831020297039766E-07, 0.001736580119992276036, 0.003472946656882522094 ),
 .UNSPECIFIED. ) ;
#741 = DIRECTION ( 'NONE',  ( 1.000000000000000000, 0.000000000000000000, 0.000000000000000000 ) ) ;
#742 = DIRECTION ( 'NONE',  ( -1.224646799147353454E-16, 0.000000000000000000, -1.000000000000000000 ) ) ;
#743 = ORIENTED_EDGE ( 'NONE', *, *, #904, .T. ) ;
#744 = DIRECTION ( 'NONE',  ( -0.000000000000000000, -1.000000000000000000, -0.000000000000000000 ) ) ;
#745 = CARTESIAN_POINT ( 'NONE',  ( 0.000000000000000000, 42.50000000000000711, 0.000000000000000000 ) ) ;
#746 = ORIENTED_EDGE ( 'NONE', *, *, #215, .F. ) ;
#747 = CIRCLE ( 'NONE', #1462, 6.806041666666678758 ) ;
#748 = AXIS2_PLACEMENT_3D ( 'NONE', #346, #826, #847 ) ;
#749 = DIRECTION ( 'NONE',  ( -0.000000000000000000, -0.000000000000000000, -1.000000000000000000 ) ) ;
#750 = AXIS2_PLACEMENT_3D ( 'NONE', #155, #917, #760 ) ;
#751 = CARTESIAN_POINT ( 'NONE',  ( 31.51537218067444002, 14.36470797440865965, -7.499999999999999112 ) ) ;
#752 = AXIS2_PLACEMENT_3D ( 'NONE', #599, #957, #836 ) ;
#753 = CARTESIAN_POINT ( 'NONE',  ( 35.59038317123819439, 68.66744199476761423, -3.385955150064952512 ) ) ;
#754 = ORIENTED_EDGE ( 'NONE', *, *, #1267, .F. ) ;
#755 = CARTESIAN_POINT ( 'NONE',  ( 32.48655554946515878, 12.91014264688456947, -0.6022986134147085835 ) ) ;
#756 = CIRCLE ( 'NONE', #160, 34.54999999999999716 ) ;
#757 = ADVANCED_FACE ( 'NONE', ( #1577 ), #354, .F. ) ;
#758 = ORIENTED_EDGE ( 'NONE', *, *, #428, .F. ) ;
#759 = ORIENTED_EDGE ( 'NONE', *, *, #613, .T. ) ;
#760 = DIRECTION ( 'NONE',  ( 0.000000000000000000, 0.000000000000000000, -1.000000000000000000 ) ) ;
#761 = CARTESIAN_POINT ( 'NONE',  ( 35.94980701422143454, 69.02686583775087570, 1.809436389170334669 ) ) ;
#762 = ORIENTED_EDGE ( 'NONE', *, *, #767, .T. ) ;
#763 = DIRECTION ( 'NONE',  ( 0.9970888859659945425, -0.07624797363269396333, 0.000000000000000000 ) ) ;
#764 = VERTEX_POINT ( 'NONE', #1220 ) ;
#765 = ADVANCED_FACE ( 'NONE', ( #465, #326 ), #99, .T. ) ;
#766 = CARTESIAN_POINT ( 'NONE',  ( 35.22971848715997112, 68.38862637055351001, 4.711909165778548569 ) ) ;
#767 = EDGE_CURVE ( 'NONE', #1448, #1018, #236, .T. ) ;
#768 = CARTESIAN_POINT ( 'NONE',  ( 35.81176470588235361, 76.00000000000001421, 5.017054978964071488 ) ) ;
#769 = ORIENTED_EDGE ( 'NONE', *, *, #814, .T. ) ;
#770 = DIRECTION ( 'NONE',  ( 0.000000000000000000, 0.000000000000000000, 1.000000000000000000 ) ) ;
#771 = AXIS2_PLACEMENT_3D ( 'NONE', #1512, #1382, #877 ) ;
#772 = DIRECTION ( 'NONE',  ( 0.000000000000000000, 1.000000000000000000, 0.000000000000000000 ) ) ;
#773 = CYLINDRICAL_SURFACE ( 'NONE', #1303, 9.999999999999987566 ) ;
#774 = EDGE_CURVE ( 'NONE', #1015, #603, #1458, .T. ) ;
#775 = CIRCLE ( 'NONE', #1034, 33.89999999999999147 ) ;
#776 = ORIENTED_EDGE ( 'NONE', *, *, #491, .F. ) ;
#777 = DIRECTION ( 'NONE',  ( -0.000000000000000000, -1.000000000000000000, -0.000000000000000000 ) ) ;
#778 = AXIS2_PLACEMENT_3D ( 'NONE', #1444, #1182, #299 ) ;
#779 =( GEOMETRIC_REPRESENTATION_CONTEXT ( 3 ) GLOBAL_UNCERTAINTY_ASSIGNED_CONTEXT ( ( #835 ) ) GLOBAL_UNIT_ASSIGNED_CONTEXT ( ( #395, #296, #1146 ) ) REPRESENTATION_CONTEXT ( 'NONE', 'WORKASPACE' ) );
#780 =( LENGTH_UNIT ( ) NAMED_UNIT ( * ) SI_UNIT ( .MILLI., .METRE. ) );
#781 = CYLINDRICAL_SURFACE ( 'NONE', #24, 36.50000000000000711 ) ;
#782 = DIRECTION ( 'NONE',  ( -1.000000000000000000, 0.000000000000000000, 1.224646799147353207E-16 ) ) ;
#783 = CARTESIAN_POINT ( 'NONE',  ( 31.77337426496292139, 15.30723674867039819, 5.011739252216417917 ) ) ;
#784 = EDGE_CURVE ( 'NONE', #964, #623, #1029, .T. ) ;
#785 = CARTESIAN_POINT ( 'NONE',  ( 35.75340232479426561, 75.23679963192498121, 7.500000000000000000 ) ) ;
#786 = ORIENTED_EDGE ( 'NONE', *, *, #814, .F. ) ;
#787 = FILL_AREA_STYLE ('',( #1386 ) ) ;
#788 = EDGE_CURVE ( 'NONE', #1018, #611, #476, .T. ) ;
#789 = DIRECTION ( 'NONE',  ( 1.000000000000000000, 0.000000000000000000, 0.000000000000000000 ) ) ;
#790 = APPLICATION_PROTOCOL_DEFINITION ( 'draft international standard', 'automotive_design', 1998, #360 ) ;
#791 = ORIENTED_EDGE ( 'NONE', *, *, #79, .F. ) ;
#792 = PLANE ( 'NONE',  #1407 ) ;
#793 = ADVANCED_FACE ( 'NONE', ( #1333 ), #960, .F. ) ;
#794 = DIRECTION ( 'NONE',  ( 0.000000000000000000, 0.000000000000000000, -1.000000000000000000 ) ) ;
#795 = CARTESIAN_POINT ( 'NONE',  ( 0.000000000000000000, 17.00000000000000711, 0.000000000000000000 ) ) ;
#796 = CARTESIAN_POINT ( 'NONE',  ( -2.949595446082918255E-19, 4.000000000000003553, 0.000000000000000000 ) ) ;
#797 = CIRCLE ( 'NONE', #1005, 11.50000000000000355 ) ;
#798 = DIRECTION ( 'NONE',  ( -1.000000000000000000, 0.000000000000000000, 0.000000000000000000 ) ) ;
#799 = ORIENTED_EDGE ( 'NONE', *, *, #854, .T. ) ;
#800 = DIRECTION ( 'NONE',  ( -0.000000000000000000, -0.000000000000000000, -1.000000000000000000 ) ) ;
#801 = AXIS2_PLACEMENT_3D ( 'NONE', #523, #1538, #404 ) ;
#802 = CARTESIAN_POINT ( 'NONE',  ( 46.61923208243442929, 16.69698191078396832, -7.500000000000000000 ) ) ;
#803 = CIRCLE ( 'NONE', #700, 27.00000000000000000 ) ;
#804 = VECTOR ( 'NONE', #1618, 1000.000000000000000 ) ;
#805 = ADVANCED_FACE ( 'NONE', ( #583 ), #1530, .F. ) ;
#806 = DIRECTION ( 'NONE',  ( 1.000000000000000000, 0.000000000000000000, -1.224646799147353207E-16 ) ) ;
#807 = ORIENTED_EDGE ( 'NONE', *, *, #300, .T. ) ;
#808 = ORIENTED_EDGE ( 'NONE', *, *, #692, .T. ) ;
#809 = DIRECTION ( 'NONE',  ( 0.000000000000000000, 0.000000000000000000, -1.000000000000000000 ) ) ;
#810 = VERTEX_POINT ( 'NONE', #869 ) ;
#811 = EDGE_CURVE ( 'NONE', #927, #213, #1112, .T. ) ;
#812 = FACE_BOUND ( 'NONE', #696, .T. ) ;
#813 = ORIENTED_EDGE ( 'NONE', *, *, #308, .F. ) ;
#814 = EDGE_CURVE ( 'NONE', #926, #1179, #406, .T. ) ;
#815 = EDGE_LOOP ( 'NONE', ( #1161, #1576, #1438, #280, #551, #515 ) ) ;
#816 = LINE ( 'NONE', #106, #1282 ) ;
#817 = ORIENTED_EDGE ( 'NONE', *, *, #1050, .T. ) ;
#818 = VERTEX_POINT ( 'NONE', #1377 ) ;
#819 = DIRECTION ( 'NONE',  ( -0.000000000000000000, -1.000000000000000000, -0.000000000000000000 ) ) ;
#820 = DIRECTION ( 'NONE',  ( -0.000000000000000000, -1.000000000000000000, -0.000000000000000000 ) ) ;
#821 = DIRECTION ( 'NONE',  ( 0.000000000000000000, 0.000000000000000000, 1.000000000000000000 ) ) ;
#822 = FACE_OUTER_BOUND ( 'NONE', #303, .T. ) ;
#823 = AXIS2_PLACEMENT_3D ( 'NONE', #640, #1138, #513 ) ;
#824 = AXIS2_PLACEMENT_3D ( 'NONE', #948, #219, #1349 ) ;
#825 = ORIENTED_EDGE ( 'NONE', *, *, #277, .F. ) ;
#826 = DIRECTION ( 'NONE',  ( -0.000000000000000000, -1.000000000000000000, -0.000000000000000000 ) ) ;
#827 = VECTOR ( 'NONE', #371, 1000.000000000000000 ) ;
#828 = AXIS2_PLACEMENT_3D ( 'NONE', #546, #820, #1045 ) ;
#829 = DIRECTION ( 'NONE',  ( -0.000000000000000000, -1.000000000000000000, -0.000000000000000000 ) ) ;
#830 = CARTESIAN_POINT ( 'NONE',  ( 30.00000000000000000, -1.836970198721027715E-16, 0.000000000000000000 ) ) ;
#831 = EDGE_CURVE ( 'NONE', #912, #73, #1572, .T. ) ;
#832 = ORIENTED_EDGE ( 'NONE', *, *, #18, .T. ) ;
#833 = DIRECTION ( 'NONE',  ( 0.000000000000000000, 0.000000000000000000, 1.000000000000000000 ) ) ;
#834 = ADVANCED_FACE ( 'NONE', ( #1265 ), #483, .T. ) ;
#835 = UNCERTAINTY_MEASURE_WITH_UNIT (LENGTH_MEASURE( 1.000000000000000082E-05 ), #395, 'distance_accuracy_value', 'NONE');
#836 = DIRECTION ( 'NONE',  ( 0.000000000000000000, 0.000000000000000000, -1.000000000000000000 ) ) ;
#837 = FACE_OUTER_BOUND ( 'NONE', #1153, .T. ) ;
#838 = ORIENTED_EDGE ( 'NONE', *, *, #378, .T. ) ;
#839 = DIRECTION ( 'NONE',  ( -0.000000000000000000, -1.000000000000000000, -0.000000000000000000 ) ) ;
#840 = ADVANCED_FACE ( 'NONE', ( #1369, #1136 ), #159, .T. ) ;
#841 = ORIENTED_EDGE ( 'NONE', *, *, #889, .F. ) ;
#842 = CARTESIAN_POINT ( 'NONE',  ( 0.000000000000000000, -200.6000000000003354, 0.000000000000000000 ) ) ;
#843 = VERTEX_POINT ( 'NONE', #876 ) ;
#844 = DIRECTION ( 'NONE',  ( 1.000000000000000000, 0.000000000000000000, 0.000000000000000000 ) ) ;
#845 = CARTESIAN_POINT ( 'NONE',  ( 31.60644772018163806, 13.51671997493247090, 7.499999999999999112 ) ) ;
#846 = ORIENTED_EDGE ( 'NONE', *, *, #889, .T. ) ;
#847 = DIRECTION ( 'NONE',  ( 0.000000000000000000, 0.000000000000000000, -1.000000000000000000 ) ) ;
#848 = AXIS2_PLACEMENT_3D ( 'NONE', #418, #916, #545 ) ;
#849 = CIRCLE ( 'NONE', #1590, 6.806041666666665435 ) ;
#850 = AXIS2_PLACEMENT_3D ( 'NONE', #58, #539, #174 ) ;
#851 = ORIENTED_EDGE ( 'NONE', *, *, #1401, .F. ) ;
#852 = AXIS2_PLACEMENT_3D ( 'NONE', #250, #258, #129 ) ;
#853 = PLANE ( 'NONE',  #1058 ) ;
#854 = EDGE_CURVE ( 'NONE', #611, #111, #284, .T. ) ;
#855 = VERTEX_POINT ( 'NONE', #485 ) ;
#856 = AXIS2_PLACEMENT_3D ( 'NONE', #472, #1130, #510 ) ;
#857 = CARTESIAN_POINT ( 'NONE',  ( -27.00000000000000711, 1.000000000000000222, 0.000000000000000000 ) ) ;
#858 = CARTESIAN_POINT ( 'NONE',  ( 3.304636499668275935E-15, 30.15457492509397852, 26.98440482569417398 ) ) ;
#859 = EDGE_LOOP ( 'NONE', ( #813, #1561, #1500, #493 ) ) ;
#860 = CARTESIAN_POINT ( 'NONE',  ( 0.000000000000000000, 21.65457492509397497, 0.000000000000000000 ) ) ;
#861 = DIRECTION ( 'NONE',  ( -0.000000000000000000, -0.000000000000000000, -1.000000000000000000 ) ) ;
#862 = VERTEX_POINT ( 'NONE', #639 ) ;
#863 = DIRECTION ( 'NONE',  ( -0.000000000000000000, -1.000000000000000000, -0.000000000000000000 ) ) ;
#864 = VERTEX_POINT ( 'NONE', #117 ) ;
#865 = CARTESIAN_POINT ( 'NONE',  ( 31.29615550032746540, 15.17936636607335110, -7.500000000000000000 ) ) ;
#866 = CARTESIAN_POINT ( 'NONE',  ( 0.000000000000000000, 51.00000000000000711, -33.89999999999999147 ) ) ;
#867 = ADVANCED_FACE ( 'NONE', ( #990 ), #27, .F. ) ;
#868 = ORIENTED_EDGE ( 'NONE', *, *, #347, .F. ) ;
#869 = CARTESIAN_POINT ( 'NONE',  ( 35.28901382089411953, 69.16402688861536774, 7.500000000000000000 ) ) ;
#870 = ORIENTED_EDGE ( 'NONE', *, *, #361, .F. ) ;
#871 = CARTESIAN_POINT ( 'NONE',  ( 0.000000000000000000, 34.00000000000000000, 0.000000000000000000 ) ) ;
#872 = DIRECTION ( 'NONE',  ( -0.000000000000000000, -1.000000000000000000, -0.000000000000000000 ) ) ;
#873 = CARTESIAN_POINT ( 'NONE',  ( 31.61606346373412180, 13.09272732130133221, -7.500000000000000888 ) ) ;
#874 = CARTESIAN_POINT ( 'NONE',  ( 35.39484340516867888, 68.47190222869811294, -3.858849301537846443 ) ) ;
#875 = VERTEX_POINT ( 'NONE', #1012 ) ;
#876 = CARTESIAN_POINT ( 'NONE',  ( -35.33473175808392597, 85.50000000000000000, 0.000000000000000000 ) ) ;
#877 = DIRECTION ( 'NONE',  ( 0.000000000000000000, 0.000000000000000000, -1.000000000000000000 ) ) ;
#878 = ORIENTED_EDGE ( 'NONE', *, *, #1453, .T. ) ;
#879 = AXIS2_PLACEMENT_3D ( 'NONE', #725, #499, #140 ) ;
#880 = DIRECTION ( 'NONE',  ( -0.000000000000000000, -0.000000000000000000, -1.000000000000000000 ) ) ;
#881 = DIRECTION ( 'NONE',  ( -1.000000000000000000, 0.000000000000000000, 0.000000000000000000 ) ) ;
#882 = STYLED_ITEM ( 'NONE', ( #427 ), #572 ) ;
#883 = CARTESIAN_POINT ( 'NONE',  ( 35.82759206782390748, 68.90465089135334154, 2.525568076421699004 ) ) ;
#884 = ORIENTED_EDGE ( 'NONE', *, *, #1195, .F. ) ;
#885 = CARTESIAN_POINT ( 'NONE',  ( 32.48500929406258564, 12.90972832899815614, 1.283728246470775991 ) ) ;
#886 = EDGE_CURVE ( 'NONE', #764, #1015, #1025, .T. ) ;
#887 = LINE ( 'NONE', #272, #1216 ) ;
#888 = EDGE_LOOP ( 'NONE', ( #503, #940, #1376, #13 ) ) ;
#889 = EDGE_CURVE ( 'NONE', #1249, #151, #25, .T. ) ;
#890 = CARTESIAN_POINT ( 'NONE',  ( 49.37318440201826775, 43.50000000000000711, 7.500000000000000000 ) ) ;
#891 = CARTESIAN_POINT ( 'NONE',  ( 0.000000000000000000, 59.50000000000001421, 0.000000000000000000 ) ) ;
#892 = LINE ( 'NONE', #367, #279 ) ;
#893 = EDGE_LOOP ( 'NONE', ( #487, #832, #817, #959 ) ) ;
#894 = CARTESIAN_POINT ( 'NONE',  ( 31.89395145899767670, 12.75135485941242486, -6.266547259856762864 ) ) ;
#895 = DIRECTION ( 'NONE',  ( 0.000000000000000000, 0.000000000000000000, 1.000000000000000000 ) ) ;
#896 = CARTESIAN_POINT ( 'NONE',  ( 60.83970659062720898, 42.62314830322402770, 7.500000000000000000 ) ) ;
#897 = CARTESIAN_POINT ( 'NONE',  ( 36.27385792795703878, 72.40849426127131494, 7.500000000000000000 ) ) ;
#898 = VECTOR ( 'NONE', #292, 1000.000000000000000 ) ;
#899 = AXIS2_PLACEMENT_3D ( 'NONE', #238, #1596, #1093 ) ;
#900 = ADVANCED_FACE ( 'NONE', ( #612 ), #1346, .T. ) ;
#901 = DIRECTION ( 'NONE',  ( -0.9659258262890677571, -0.2588190451025227934, 0.000000000000000000 ) ) ;
#902 = AXIS2_PLACEMENT_3D ( 'NONE', #1549, #635, #1285 ) ;
#903 = FILL_AREA_STYLE_COLOUR ( '', #701 ) ;
#904 = EDGE_CURVE ( 'NONE', #1287, #685, #604, .T. ) ;
#905 = VECTOR ( 'NONE', #222, 1000.000000000000114 ) ;
#906 = ORIENTED_EDGE ( 'NONE', *, *, #615, .F. ) ;
#907 = CARTESIAN_POINT ( 'NONE',  ( 0.000000000000000000, 85.00000000000000000, -36.50000000000000000 ) ) ;
#908 = MECHANICAL_DESIGN_GEOMETRIC_PRESENTATION_REPRESENTATION (  '', ( #986 ), #339 ) ;
#909 = EDGE_LOOP ( 'NONE', ( #1185, #906, #1431, #325 ) ) ;
#910 = DIRECTION ( 'NONE',  ( -0.000000000000000000, -1.000000000000000000, -0.000000000000000000 ) ) ;
#911 = PLANE ( 'NONE',  #232 ) ;
#912 = VERTEX_POINT ( 'NONE', #152 ) ;
#913 = EDGE_CURVE ( 'NONE', #383, #1532, #849, .T. ) ;
#914 = DIRECTION ( 'NONE',  ( -0.000000000000000000, -0.000000000000000000, -1.000000000000000000 ) ) ;
#915 = ORIENTED_EDGE ( 'NONE', *, *, #96, .F. ) ;
#916 = DIRECTION ( 'NONE',  ( -0.7071067811865496822, 0.7071067811865454633, 0.000000000000000000 ) ) ;
#917 = DIRECTION ( 'NONE',  ( -0.000000000000000000, -1.000000000000000000, -0.000000000000000000 ) ) ;
#918 = DIRECTION ( 'NONE',  ( -0.000000000000000000, -0.000000000000000000, -1.000000000000000000 ) ) ;
#919 = VERTEX_POINT ( 'NONE', #1148 ) ;
#920 = CARTESIAN_POINT ( 'NONE',  ( 60.83970659062720898, 42.62314830322402770, 7.500000000000000000 ) ) ;
#921 = ADVANCED_FACE ( 'NONE', ( #1271 ), #1379, .T. ) ;
#922 = CARTESIAN_POINT ( 'NONE',  ( 35.81176470588235361, 76.00000000000001421, -5.017054978964071488 ) ) ;
#923 = DIRECTION ( 'NONE',  ( 0.000000000000000000, 0.000000000000000000, -1.000000000000000000 ) ) ;
#924 = VECTOR ( 'NONE', #1335, 1000.000000000000000 ) ;
#925 = AXIS2_PLACEMENT_3D ( 'NONE', #1243, #264, #1613 ) ;
#926 = VERTEX_POINT ( 'NONE', #244 ) ;
#927 = VERTEX_POINT ( 'NONE', #1126 ) ;
#928 = VECTOR ( 'NONE', #167, 1000.000000000000000 ) ;
#929 = LINE ( 'NONE', #656, #209 ) ;
#930 = CIRCLE ( 'NONE', #512, 36.16148962655478272 ) ;
#931 = EDGE_LOOP ( 'NONE', ( #1234, #1074, #947, #807 ) ) ;
#932 = CYLINDRICAL_SURFACE ( 'NONE', #748, 27.00000000000000000 ) ;
#933 = TOROIDAL_SURFACE ( 'NONE', #978, 26.98440482569417398, 6.806041666666675205 ) ;
#934 = EDGE_CURVE ( 'NONE', #1109, #1587, #114, .T. ) ;
#935 = AXIS2_PLACEMENT_3D ( 'NONE', #1291, #1402, #1022 ) ;
#936 = EDGE_CURVE ( 'NONE', #1015, #975, #1471, .T. ) ;
#937 = FACE_OUTER_BOUND ( 'NONE', #859, .T. ) ;
#938 = FACE_OUTER_BOUND ( 'NONE', #356, .T. ) ;
#939 = APPLICATION_PROTOCOL_DEFINITION ( 'draft international standard', 'automotive_design', 1998, #1140 ) ;
#940 = ORIENTED_EDGE ( 'NONE', *, *, #952, .F. ) ;
#941 = DIRECTION ( 'NONE',  ( 0.000000000000000000, 0.000000000000000000, -1.000000000000000000 ) ) ;
#942 = VERTEX_POINT ( 'NONE', #461 ) ;
#943 = FACE_OUTER_BOUND ( 'NONE', #1281, .T. ) ;
#944 = CARTESIAN_POINT ( 'NONE',  ( 0.000000000000000000, 67.99999999999998579, -35.19999999999999574 ) ) ;
#945 = CARTESIAN_POINT ( 'NONE',  ( 37.49400898833601303, 70.57106781186544708, 7.500000000000000000 ) ) ;
#946 = CARTESIAN_POINT ( 'NONE',  ( 49.37318440201826775, 43.50000000000000711, -7.500000000000000000 ) ) ;
#947 = ORIENTED_EDGE ( 'NONE', *, *, #811, .F. ) ;
#948 = CARTESIAN_POINT ( 'NONE',  ( 3.782248751335744748E-15, 81.15457492509399628, 30.88440482569417611 ) ) ;
#949 = DIRECTION ( 'NONE',  ( -1.000000000000000000, 0.000000000000000000, 0.000000000000000000 ) ) ;
#950 = ADVANCED_FACE ( 'NONE', ( #1610 ), #179, .F. ) ;
#951 = DIRECTION ( 'NONE',  ( 0.9970888859659945425, -0.07624797363269396333, 0.000000000000000000 ) ) ;
#952 = EDGE_CURVE ( 'NONE', #119, #912, #469, .T. ) ;
#953 = VECTOR ( 'NONE', #741, 1000.000000000000000 ) ;
#954 = ORIENTED_EDGE ( 'NONE', *, *, #1050, .F. ) ;
#955 = DIRECTION ( 'NONE',  ( 0.000000000000000000, 0.000000000000000000, -1.000000000000000000 ) ) ;
#956 = AXIS2_PLACEMENT_3D ( 'NONE', #122, #1227, #1107 ) ;
#957 = DIRECTION ( 'NONE',  ( -0.000000000000000000, -1.000000000000000000, -0.000000000000000000 ) ) ;
#958 = DIRECTION ( 'NONE',  ( 0.07624797363269396333, 0.9970888859659945425, 0.000000000000000000 ) ) ;
#959 = ORIENTED_EDGE ( 'NONE', *, *, #1125, .F. ) ;
#960 = SPHERICAL_SURFACE ( 'NONE', #562, 203.4000000000003183 ) ;
#961 = UNCERTAINTY_MEASURE_WITH_UNIT (LENGTH_MEASURE( 1.000000000000000082E-05 ), #780, 'distance_accuracy_value', 'NONE');
#962 = EDGE_LOOP ( 'NONE', ( #218, #969, #870, #1059 ) ) ;
#963 = DIRECTION ( 'NONE',  ( -0.000000000000000000, -1.000000000000000000, -0.000000000000000000 ) ) ;
#964 = VERTEX_POINT ( 'NONE', #857 ) ;
#965 = DIRECTION ( 'NONE',  ( 0.000000000000000000, 0.000000000000000000, -1.000000000000000000 ) ) ;
#966 = CARTESIAN_POINT ( 'NONE',  ( 4.469960816887840007E-15, 0.000000000000000000, 36.50000000000000711 ) ) ;
#967 = ORIENTED_EDGE ( 'NONE', *, *, #1323, .F. ) ;
#968 = EDGE_CURVE ( 'NONE', #864, #818, #714, .T. ) ;
#969 = ORIENTED_EDGE ( 'NONE', *, *, #308, .T. ) ;
#970 = CARTESIAN_POINT ( 'NONE',  ( 27.00000000000000711, 1.000000000000000222, -3.306546357697854917E-15 ) ) ;
#971 = DIRECTION ( 'NONE',  ( -0.000000000000000000, -0.000000000000000000, -1.000000000000000000 ) ) ;
#972 = ORIENTED_EDGE ( 'NONE', *, *, #774, .F. ) ;
#973 = CARTESIAN_POINT ( 'NONE',  ( 65.07633995041808816, 65.23752026367307622, 7.500000000000000000 ) ) ;
#974 = DIRECTION ( 'NONE',  ( -0.000000000000000000, -1.000000000000000000, -0.000000000000000000 ) ) ;
#975 = VERTEX_POINT ( 'NONE', #1344 ) ;
#976 = CARTESIAN_POINT ( 'NONE',  ( 0.000000000000000000, 13.15457492509397674, 0.000000000000000000 ) ) ;
#977 = AXIS2_PLACEMENT_3D ( 'NONE', #1381, #144, #1523 ) ;
#978 = AXIS2_PLACEMENT_3D ( 'NONE', #559, #90, #955 ) ;
#979 = AXIS2_PLACEMENT_3D ( 'NONE', #351, #987, #233 ) ;
#980 = EDGE_CURVE ( 'NONE', #119, #1524, #1297, .T. ) ;
#981 = ORIENTED_EDGE ( 'NONE', *, *, #767, .F. ) ;
#982 = LINE ( 'NONE', #739, #905 ) ;
#983 = ORIENTED_EDGE ( 'NONE', *, *, #347, .T. ) ;
#984 = EDGE_CURVE ( 'NONE', #1412, #927, #1387, .T. ) ;
#985 = AXIS2_PLACEMENT_3D ( 'NONE', #976, #1110, #126 ) ;
#986 = STYLED_ITEM ( 'NONE', ( #1039 ), #68 ) ;
#987 = DIRECTION ( 'NONE',  ( -0.000000000000000000, -1.000000000000000000, -0.000000000000000000 ) ) ;
#988 = CARTESIAN_POINT ( 'NONE',  ( 31.61068691589116142, 12.88160198061982520, 7.500000000000000000 ) ) ;
#989 = ORIENTED_EDGE ( 'NONE', *, *, #1548, .T. ) ;
#990 = FACE_OUTER_BOUND ( 'NONE', #606, .T. ) ;
#991 = ORIENTED_EDGE ( 'NONE', *, *, #1047, .F. ) ;
#992 = DIRECTION ( 'NONE',  ( -0.000000000000000000, -0.000000000000000000, -1.000000000000000000 ) ) ;
#993 = DIRECTION ( 'NONE',  ( -7.373988615207289619E-20, 1.000000000000000000, 0.000000000000000000 ) ) ;
#994 = DIRECTION ( 'NONE',  ( -0.000000000000000000, -1.000000000000000000, -0.000000000000000000 ) ) ;
#995 = ORIENTED_EDGE ( 'NONE', *, *, #658, .T. ) ;
#996 = DIRECTION ( 'NONE',  ( -1.000000000000000000, 0.000000000000000000, 0.000000000000000000 ) ) ;
#997 = ORIENTED_EDGE ( 'NONE', *, *, #45, .T. ) ;
#998 = CARTESIAN_POINT ( 'NONE',  ( 0.000000000000000000, 42.50000000000000711, -33.24999999999999289 ) ) ;
#999 = DIRECTION ( 'NONE',  ( 0.000000000000000000, 0.000000000000000000, -1.000000000000000000 ) ) ;
#1000 = EDGE_CURVE ( 'NONE', #204, #353, #740, .T. ) ;
#1001 = CARTESIAN_POINT ( 'NONE',  ( 36.06249896980307312, 69.13955779333250007, 0.3651410327599841632 ) ) ;
#1002 = ORIENTED_EDGE ( 'NONE', *, *, #1226, .T. ) ;
#1003 = DIRECTION ( 'NONE',  ( -0.000000000000000000, -1.000000000000000000, -0.000000000000000000 ) ) ;
#1004 = EDGE_CURVE ( 'NONE', #691, #1260, #104, .T. ) ;
#1005 = AXIS2_PLACEMENT_3D ( 'NONE', #946, #1079, #93 ) ;
#1006 = ORIENTED_EDGE ( 'NONE', *, *, #1042, .T. ) ;
#1007 = CARTESIAN_POINT ( 'NONE',  ( 31.29615550032746540, 15.17936636607335288, 7.500000000000000000 ) ) ;
#1008 = CARTESIAN_POINT ( 'NONE',  ( 35.81176470588235361, 76.00000000000001421, 7.500000000000000000 ) ) ;
#1009 = CIRCLE ( 'NONE', #1547, 32.59999999999999432 ) ;
#1010 = LINE ( 'NONE', #133, #804 ) ;
#1011 = ORIENTED_EDGE ( 'NONE', *, *, #1069, .F. ) ;
#1012 = CARTESIAN_POINT ( 'NONE',  ( 3.306546357697853733E-15, -3.673940397442055431E-16, 27.00000000000000000 ) ) ;
#1013 = AXIS2_PLACEMENT_3D ( 'NONE', #693, #1482, #809 ) ;
#1014 = FACE_OUTER_BOUND ( 'NONE', #135, .T. ) ;
#1015 = VERTEX_POINT ( 'NONE', #1240 ) ;
#1016 = CARTESIAN_POINT ( 'NONE',  ( 44.26154391693660273, 18.65343172185963283, 7.500000000000000000 ) ) ;
#1017 = PLANE ( 'NONE',  #935 ) ;
#1018 = VERTEX_POINT ( 'NONE', #1235 ) ;
#1019 = CARTESIAN_POINT ( 'NONE',  ( 35.86920685207445558, 70.35306238081459185, 7.499999999999999112 ) ) ;
#1020 = DIRECTION ( 'NONE',  ( -0.000000000000000000, -0.000000000000000000, -1.000000000000000000 ) ) ;
#1021 = CARTESIAN_POINT ( 'NONE',  ( 4.469960816887840007E-15, 85.50000000000000000, 36.50000000000000711 ) ) ;
#1022 = DIRECTION ( 'NONE',  ( -0.9659258262890682012, -0.2588190451025211836, 0.000000000000000000 ) ) ;
#1023 = ORIENTED_EDGE ( 'NONE', *, *, #127, .F. ) ;
#1024 = DIRECTION ( 'NONE',  ( -0.000000000000000000, -1.000000000000000000, -0.000000000000000000 ) ) ;
#1025 = B_SPLINE_CURVE_WITH_KNOTS ( 'NONE', 3,
 ( #624, #1121, #397, #734, #885, #755, #11, #494, #1519, #1258, #894, #1494 ),
 .UNSPECIFIED., .F., .F.,
 ( 4, 2, 2, 2, 2, 4 ),
 ( 2.032575600038626800E-07, 0.003761378918573042400, 0.007522554579586080391, 0.009403142410092600254, 0.01128373024059911925, 0.01504490590161215724 ),
 .UNSPECIFIED. ) ;
#1026 = EDGE_LOOP ( 'NONE', ( #553, #237 ) ) ;
#1027 = SURFACE_SIDE_STYLE ('',( #172 ) ) ;
#1028 = EDGE_CURVE ( 'NONE', #1600, #1429, #1247, .T. ) ;
#1029 = CIRCLE ( 'NONE', #1145, 27.00000000000000000 ) ;
#1030 = FACE_OUTER_BOUND ( 'NONE', #324, .T. ) ;
#1031 = EDGE_CURVE ( 'NONE', #43, #1558, #134, .T. ) ;
#1032 = CIRCLE ( 'NONE', #850, 9.999999999999994671 ) ;
#1033 = CARTESIAN_POINT ( 'NONE',  ( 0.000000000000000000, 76.50000000000002842, -35.85000000000000142 ) ) ;
#1034 = AXIS2_PLACEMENT_3D ( 'NONE', #1063, #829, #923 ) ;
#1035 = VERTEX_POINT ( 'NONE', #1616 ) ;
#1036 = DIRECTION ( 'NONE',  ( 0.000000000000000000, 0.000000000000000000, -1.000000000000000000 ) ) ;
#1037 = CARTESIAN_POINT ( 'NONE',  ( 0.000000000000000000, 4.654574925093975857, 0.000000000000000000 ) ) ;
#1038 = CARTESIAN_POINT ( 'NONE',  ( 0.000000000000000000, -200.6000000000003354, 0.000000000000000000 ) ) ;
#1039 = PRESENTATION_STYLE_ASSIGNMENT (( #540 ) ) ;
#1040 = EDGE_CURVE ( 'NONE', #1412, #1035, #1501, .T. ) ;
#1041 = DIRECTION ( 'NONE',  ( 0.000000000000000000, 0.000000000000000000, -1.000000000000000000 ) ) ;
#1042 = EDGE_CURVE ( 'NONE', #549, #1293, #1089, .T. ) ;
#1043 = ORIENTED_EDGE ( 'NONE', *, *, #634, .T. ) ;
#1044 = DIRECTION ( 'NONE',  ( -1.000000000000000000, 0.000000000000000000, 0.000000000000000000 ) ) ;
#1045 = DIRECTION ( 'NONE',  ( 0.000000000000000000, 0.000000000000000000, -1.000000000000000000 ) ) ;
#1046 = ORIENTED_EDGE ( 'NONE', *, *, #420, .T. ) ;
#1047 = EDGE_CURVE ( 'NONE', #1179, #926, #645, .T. ) ;
#1048 = CARTESIAN_POINT ( 'NONE',  ( 36.11239212324418446, 71.10658487926052373, 7.500000000000000888 ) ) ;
#1049 = CARTESIAN_POINT ( 'NONE',  ( 60.07450682187143087, 47.71090233398354741, 7.500000000000000000 ) ) ;
#1050 = EDGE_CURVE ( 'NONE', #611, #1170, #309, .T. ) ;
#1051 = LINE ( 'NONE', #192, #621 ) ;
#1052 = VECTOR ( 'NONE', #706, 1000.000000000000000 ) ;
#1053 = VECTOR ( 'NONE', #1425, 1000.000000000000000 ) ;
#1054 = ORIENTED_EDGE ( 'NONE', *, *, #1502, .T. ) ;
#1055 = VERTEX_POINT ( 'NONE', #1133 ) ;
#1056 = VECTOR ( 'NONE', #901, 1000.000000000000114 ) ;
#1057 = DIRECTION ( 'NONE',  ( -0.07624797363269161798, -0.9970888859659946535, 0.000000000000000000 ) ) ;
#1058 = AXIS2_PLACEMENT_3D ( 'NONE', #1105, #729, #1233 ) ;
#1059 = ORIENTED_EDGE ( 'NONE', *, *, #1090, .F. ) ;
#1060 = CARTESIAN_POINT ( 'NONE',  ( 60.50348041593301218, 38.22634448029987198, 7.500000000000000000 ) ) ;
#1061 = CIRCLE ( 'NONE', #285, 22.00000000000000711 ) ;
#1062 = EDGE_CURVE ( 'NONE', #1448, #145, #307, .T. ) ;
#1063 = CARTESIAN_POINT ( 'NONE',  ( 0.000000000000000000, 51.00000000000000711, 0.000000000000000000 ) ) ;
#1064 =( NAMED_UNIT ( * ) SI_UNIT ( $, .STERADIAN. ) SOLID_ANGLE_UNIT ( ) );
#1065 = CARTESIAN_POINT ( 'NONE',  ( 3.145432415779119532E-15, 13.15457492509397674, 25.68440482569416616 ) ) ;
#1066 = ORIENTED_EDGE ( 'NONE', *, *, #886, .F. ) ;
#1067 = ORIENTED_EDGE ( 'NONE', *, *, #310, .F. ) ;
#1068 = DIRECTION ( 'NONE',  ( 0.000000000000000000, 1.000000000000000000, 0.000000000000000000 ) ) ;
#1069 = EDGE_CURVE ( 'NONE', #251, #691, #1032, .T. ) ;
#1070 = DIRECTION ( 'NONE',  ( -0.000000000000000000, -1.000000000000000000, -0.000000000000000000 ) ) ;
#1071 = CARTESIAN_POINT ( 'NONE',  ( 38.56752492468113047, 39.90379990021911993, 7.500000000000000000 ) ) ;
#1072 = EDGE_CURVE ( 'NONE', #464, #1209, #1568, .T. ) ;
#1073 = DIRECTION ( 'NONE',  ( 1.000000000000000000, 0.000000000000000000, -1.224646799147353207E-16 ) ) ;
#1074 = ORIENTED_EDGE ( 'NONE', *, *, #1155, .F. ) ;
#1075 = FACE_OUTER_BOUND ( 'NONE', #1316, .T. ) ;
#1076 = EDGE_CURVE ( 'NONE', #818, #1260, #419, .T. ) ;
#1077 = DIRECTION ( 'NONE',  ( -0.07624797363269393558, -0.9970888859659945425, 0.000000000000000000 ) ) ;
#1078 = CARTESIAN_POINT ( 'NONE',  ( 35.75340232479426561, 75.23679963192498121, -7.500000000000000000 ) ) ;
#1079 = DIRECTION ( 'NONE',  ( -0.000000000000000000, -0.000000000000000000, -1.000000000000000000 ) ) ;
#1080 = VECTOR ( 'NONE', #629, 1000.000000000000114 ) ;
#1081 = EDGE_LOOP ( 'NONE', ( #846, #808, #661, #368 ) ) ;
#1082 = CARTESIAN_POINT ( 'NONE',  ( 0.000000000000000000, 0.9999999999999995559, 0.000000000000000000 ) ) ;
#1083 = AXIS2_PLACEMENT_3D ( 'NONE', #22, #1166, #268 ) ;
#1084 = TOROIDAL_SURFACE ( 'NONE', #828, 30.23440482569416687, 6.806041666666680534 ) ;
#1085 = ORIENTED_EDGE ( 'NONE', *, *, #784, .T. ) ;
#1086 = TOROIDAL_SURFACE ( 'NONE', #186, 29.58440482569417540, 6.806041666666667211 ) ;
#1087 = FACE_OUTER_BOUND ( 'NONE', #1196, .T. ) ;
#1088 = EDGE_LOOP ( 'NONE', ( #366, #67, #187, #1403 ) ) ;
#1089 = LINE ( 'NONE', #259, #409 ) ;
#1090 = EDGE_CURVE ( 'NONE', #1532, #1466, #588, .T. ) ;
#1091 = CARTESIAN_POINT ( 'NONE',  ( 35.85501803402507193, 74.99427208277278112, -7.499999999999999112 ) ) ;
#1092 = ORIENTED_EDGE ( 'NONE', *, *, #571, .F. ) ;
#1093 = DIRECTION ( 'NONE',  ( -1.000000000000000000, 0.000000000000000000, 0.000000000000000000 ) ) ;
#1094 = ORIENTED_EDGE ( 'NONE', *, *, #1477, .F. ) ;
#1095 = DIRECTION ( 'NONE',  ( 0.07624797363269393558, 0.9970888859659945425, -0.000000000000000000 ) ) ;
#1096 = ORIENTED_EDGE ( 'NONE', *, *, #658, .F. ) ;
#1097 = CARTESIAN_POINT ( 'NONE',  ( 31.61068691589111879, 12.88160198061843964, -7.500000000000001776 ) ) ;
#1098 = DIRECTION ( 'NONE',  ( 0.000000000000000000, 0.000000000000000000, -1.000000000000000000 ) ) ;
#1099 = ORIENTED_EDGE ( 'NONE', *, *, #212, .F. ) ;
#1100 = DIRECTION ( 'NONE',  ( -0.000000000000000000, -1.000000000000000000, -0.000000000000000000 ) ) ;
#1101 = CARTESIAN_POINT ( 'NONE',  ( 4.469960816887838430E-15, 85.00000000000000000, 36.50000000000000000 ) ) ;
#1102 = EDGE_CURVE ( 'NONE', #600, #249, #505, .T. ) ;
#1103 = CARTESIAN_POINT ( 'NONE',  ( 35.79768761520555387, 75.81591496807260455, 5.866441232725333244 ) ) ;
#1104 = ORIENTED_EDGE ( 'NONE', *, *, #215, .T. ) ;
#1105 = CARTESIAN_POINT ( 'NONE',  ( 35.22294117647059153, 68.30000000000001137, 7.500000000000000000 ) ) ;
#1106 = ORIENTED_EDGE ( 'NONE', *, *, #97, .F. ) ;
#1107 = DIRECTION ( 'NONE',  ( -1.224646799147352714E-16, 0.000000000000000000, -1.000000000000000000 ) ) ;
#1108 = FACE_OUTER_BOUND ( 'NONE', #558, .T. ) ;
#1109 = VERTEX_POINT ( 'NONE', #1008 ) ;
#1110 = DIRECTION ( 'NONE',  ( -0.000000000000000000, -1.000000000000000000, -0.000000000000000000 ) ) ;
#1111 = TOROIDAL_SURFACE ( 'NONE', #357, 25.03440482569416758, 6.806041666666678758 ) ;
#1112 = CIRCLE ( 'NONE', #1351, 9.999999999999994671 ) ;
#1113 = CIRCLE ( 'NONE', #1218, 11.50000000000000355 ) ;
#1114 = DIRECTION ( 'NONE',  ( -0.000000000000000000, -1.000000000000000000, -0.000000000000000000 ) ) ;
#1115 = EDGE_LOOP ( 'NONE', ( #74, #341, #1230 ) ) ;
#1116 = CIRCLE ( 'NONE', #137, 9.999999999999987566 ) ;
#1117 = DIRECTION ( 'NONE',  ( 0.000000000000000000, 0.000000000000000000, -1.000000000000000000 ) ) ;
#1118 = CARTESIAN_POINT ( 'NONE',  ( 44.56507680020157380, 73.50000000000001421, 7.500000000000000000 ) ) ;
#1119 = CARTESIAN_POINT ( 'NONE',  ( 40.92521309017893572, 37.94735008914346963, -7.500000000000000000 ) ) ;
#1120 = VERTEX_POINT ( 'NONE', #1534 ) ;
#1121 = CARTESIAN_POINT ( 'NONE',  ( 31.89399498628128171, 12.75136652251291380, 6.266367486722778324 ) ) ;
#1122 = ORIENTED_EDGE ( 'NONE', *, *, #163, .T. ) ;
#1123 = FACE_OUTER_BOUND ( 'NONE', #815, .T. ) ;
#1124 = CARTESIAN_POINT ( 'NONE',  ( 35.33473175808392597, 85.50000000000000000, 4.327256614626781080E-15 ) ) ;
#1125 = EDGE_CURVE ( 'NONE', #1212, #1170, #362, .T. ) ;
#1126 = CARTESIAN_POINT ( 'NONE',  ( 65.07633995041808816, 65.23752026367307622, 7.500000000000000000 ) ) ;
#1127 = EDGE_CURVE ( 'NONE', #1293, #519, #295, .T. ) ;
#1128 = CARTESIAN_POINT ( 'NONE',  ( 36.00909081751069607, 69.08614964104012302, -1.464932456378687853 ) ) ;
#1129 = VERTEX_POINT ( 'NONE', #1262 ) ;
#1130 = DIRECTION ( 'NONE',  ( -0.000000000000000000, -0.000000000000000000, -1.000000000000000000 ) ) ;
#1131 = ORIENTED_EDGE ( 'NONE', *, *, #1578, .T. ) ;
#1132 = EDGE_CURVE ( 'NONE', #88, #964, #55, .T. ) ;
#1133 = CARTESIAN_POINT ( 'NONE',  ( -29.10237881690745709, 4.000000000000003553, 0.000000000000000000 ) ) ;
#1134 = CARTESIAN_POINT ( 'NONE',  ( 46.61923208243442929, 16.69698191078396832, 7.500000000000000000 ) ) ;
#1135 = ORIENTED_EDGE ( 'NONE', *, *, #968, .F. ) ;
#1136 = FACE_OUTER_BOUND ( 'NONE', #60, .T. ) ;
#1137 = CIRCLE ( 'NONE', #1517, 30.00000000000000000 ) ;
#1138 = DIRECTION ( 'NONE',  ( -1.000000000000000000, 0.000000000000000000, 0.000000000000000000 ) ) ;
#1139 = AXIS2_PLACEMENT_3D ( 'NONE', #1327, #1588, #78 ) ;
#1140 = APPLICATION_CONTEXT ( 'automotive_design' ) ;
#1141 = ORIENTED_EDGE ( 'NONE', *, *, #605, .F. ) ;
#1142 = AXIS2_PLACEMENT_3D ( 'NONE', #70, #1553, #415 ) ;
#1143 = VECTOR ( 'NONE', #971, 1000.000000000000000 ) ;
#1144 = FACE_OUTER_BOUND ( 'NONE', #1081, .T. ) ;
#1145 = AXIS2_PLACEMENT_3D ( 'NONE', #705, #839, #1204 ) ;
#1146 =( NAMED_UNIT ( * ) SI_UNIT ( $, .STERADIAN. ) SOLID_ANGLE_UNIT ( ) );
#1147 = ORIENTED_EDGE ( 'NONE', *, *, #591, .F. ) ;
#1148 = CARTESIAN_POINT ( 'NONE',  ( 35.22294117647059153, 68.30000000000001137, 7.500000000000000000 ) ) ;
#1149 = ADVANCED_FACE ( 'NONE', ( #1144 ), #560, .T. ) ;
#1150 = DIRECTION ( 'NONE',  ( 0.000000000000000000, 0.000000000000000000, -1.000000000000000000 ) ) ;
#1151 = PLANE ( 'NONE',  #801 ) ;
#1152 = CARTESIAN_POINT ( 'NONE',  ( 35.74923707503113945, 68.82629589856057351, 2.877144115740642771 ) ) ;
#1153 = EDGE_LOOP ( 'NONE', ( #1385, #49, #1261, #1541, #142 ) ) ;
#1154 = DIRECTION ( 'NONE',  ( -0.000000000000000000, -1.000000000000000000, -0.000000000000000000 ) ) ;
#1155 = EDGE_CURVE ( 'NONE', #213, #862, #1277, .T. ) ;
#1156 = EDGE_LOOP ( 'NONE', ( #1066, #730, #1264, #1219 ) ) ;
#1157 = CARTESIAN_POINT ( 'NONE',  ( 35.22294117647059153, 68.30000000000001137, -7.500000000000000000 ) ) ;
#1158 = EDGE_CURVE ( 'NONE', #855, #1504, #1167, .T. ) ;
#1159 = CARTESIAN_POINT ( 'NONE',  ( 35.22294117647059153, 68.30000000000001137, -7.500000000000000000 ) ) ;
#1160 = DIRECTION ( 'NONE',  ( -0.000000000000000000, -0.000000000000000000, -1.000000000000000000 ) ) ;
#1161 = ORIENTED_EDGE ( 'NONE', *, *, #511, .F. ) ;
#1162 = CARTESIAN_POINT ( 'NONE',  ( 4.191353670081815021E-15, 51.00000000000000711, 33.89999999999999147 ) ) ;
#1163 = DIRECTION ( 'NONE',  ( -0.000000000000000000, -1.000000000000000000, -0.000000000000000000 ) ) ;
#1164 =( NAMED_UNIT ( * ) PLANE_ANGLE_UNIT ( ) SI_UNIT ( $, .RADIAN. ) );
#1165 = AXIS2_PLACEMENT_3D ( 'NONE', #252, #993, #881 ) ;
#1166 = DIRECTION ( 'NONE',  ( -0.000000000000000000, -1.000000000000000000, -0.000000000000000000 ) ) ;
#1167 = CIRCLE ( 'NONE', #1522, 22.00000000000000000 ) ;
#1168 = CARTESIAN_POINT ( 'NONE',  ( 35.31739233885721063, 68.39445116238665889, 4.007033642160432230 ) ) ;
#1169 = CIRCLE ( 'NONE', #720, 6.806041666666678758 ) ;
#1170 = VERTEX_POINT ( 'NONE', #394 ) ;
#1171 = CARTESIAN_POINT ( 'NONE',  ( 0.000000000000000000, 51.00000000000000711, 0.000000000000000000 ) ) ;
#1172 = VECTOR ( 'NONE', #115, 1000.000000000000000 ) ;
#1173 = CARTESIAN_POINT ( 'NONE',  ( 3.065830373834541528E-15, 4.654574925093975857, 25.03440482569416758 ) ) ;
#1174 = SURFACE_STYLE_USAGE ( .BOTH. , #1027 ) ;
#1175 = CARTESIAN_POINT ( 'NONE',  ( 0.000000000000000000, 0.9999999999999995559, 0.000000000000000000 ) ) ;
#1176 = EDGE_CURVE ( 'NONE', #1524, #1287, #1113, .T. ) ;
#1177 = FACE_OUTER_BOUND ( 'NONE', #1225, .T. ) ;
#1178 = LINE ( 'NONE', #896, #593 ) ;
#1179 = VERTEX_POINT ( 'NONE', #1021 ) ;
#1180 = CARTESIAN_POINT ( 'NONE',  ( 36.20254798532594265, 73.72314078950839189, 7.500000000000000000 ) ) ;
#1181 = EDGE_LOOP ( 'NONE', ( #322, #1054, #614, #967 ) ) ;
#1182 = DIRECTION ( 'NONE',  ( 0.000000000000000000, 0.000000000000000000, 1.000000000000000000 ) ) ;
#1183 = DIRECTION ( 'NONE',  ( 1.000000000000000000, 0.000000000000000000, 0.000000000000000000 ) ) ;
#1184 = ORIENTED_EDGE ( 'NONE', *, *, #127, .T. ) ;
#1185 = ORIENTED_EDGE ( 'NONE', *, *, #831, .T. ) ;
#1186 = DIRECTION ( 'NONE',  ( -0.000000000000000000, -0.000000000000000000, -1.000000000000000000 ) ) ;
#1187 = ORIENTED_EDGE ( 'NONE', *, *, #1502, .F. ) ;
#1188 = DIRECTION ( 'NONE',  ( -1.224646799147353207E-16, 0.000000000000000000, -1.000000000000000000 ) ) ;
#1189 = LINE ( 'NONE', #1330, #57 ) ;
#1190 = CLOSED_SHELL ( 'NONE', ( #950, #267, #684, #793, #66, #840, #900, #724, #522, #1367, #1455, #290, #1149, #1259, #256, #1531, #28, #921, #595, #1468, #834, #388, #712, #166, #405, #1415, #1393, #1205, #805, #1399, #757, #1614, #1579, #1296, #557, #246, #1295, #1200, #1551, #538, #709, #735, #867, #1422, #331, #443, #23, #765, #124, #1283, #473 ) ) ;
#1191 = VECTOR ( 'NONE', #214, 1000.000000000000227 ) ;
#1192 = ORIENTED_EDGE ( 'NONE', *, *, #1401, .T. ) ;
#1193 = CIRCLE ( 'NONE', #479, 27.00000000000000000 ) ;
#1194 = DIRECTION ( 'NONE',  ( -1.000000000000000000, 0.000000000000000000, 0.000000000000000000 ) ) ;
#1195 = EDGE_CURVE ( 'NONE', #273, #810, #1606, .T. ) ;
#1196 = EDGE_LOOP ( 'NONE', ( #1612, #1046, #221, #679 ) ) ;
#1197 = FACE_OUTER_BOUND ( 'NONE', #1181, .T. ) ;
#1198 = AXIS2_PLACEMENT_3D ( 'NONE', #1542, #681, #1188 ) ;
#1199 = DIRECTION ( 'NONE',  ( -0.000000000000000000, -1.000000000000000000, -0.000000000000000000 ) ) ;
#1200 = ADVANCED_FACE ( 'NONE', ( #1030 ), #911, .F. ) ;
#1201 = DIRECTION ( 'NONE',  ( -1.224646799147353207E-16, 0.000000000000000000, -1.000000000000000000 ) ) ;
#1202 = CARTESIAN_POINT ( 'NONE',  ( 4.430159795915549033E-15, 76.50000000000002842, 35.85000000000000142 ) ) ;
#1203 = ORIENTED_EDGE ( 'NONE', *, *, #146, .T. ) ;
#1204 = DIRECTION ( 'NONE',  ( 0.000000000000000000, 0.000000000000000000, -1.000000000000000000 ) ) ;
#1205 = ADVANCED_FACE ( 'NONE', ( #654 ), #1151, .F. ) ;
#1206 = CARTESIAN_POINT ( 'NONE',  ( 35.77934902625300850, 75.57610265100080937, 6.698599393822445514 ) ) ;
#1207 = FACE_OUTER_BOUND ( 'NONE', #484, .T. ) ;
#1208 = CARTESIAN_POINT ( 'NONE',  ( 36.20254798532594265, 73.72314078950839189, -7.500000000000000000 ) ) ;
#1209 = VERTEX_POINT ( 'NONE', #970 ) ;
#1210 = ORIENTED_EDGE ( 'NONE', *, *, #913, .T. ) ;
#1211 = UNCERTAINTY_MEASURE_WITH_UNIT (LENGTH_MEASURE( 1.000000000000000082E-05 ), #580, 'distance_accuracy_value', 'NONE');
#1212 = VERTEX_POINT ( 'NONE', #281 ) ;
#1213 = DIRECTION ( 'NONE',  ( -7.373988615207289619E-20, 1.000000000000000000, 0.000000000000000000 ) ) ;
#1214 = EDGE_CURVE ( 'NONE', #1055, #582, #449, .T. ) ;
#1215 = CARTESIAN_POINT ( 'NONE',  ( 35.28901382089411953, 69.16402688861536774, -7.500000000000000000 ) ) ;
#1216 = VECTOR ( 'NONE', #153, 1000.000000000000114 ) ;
#1217 = LINE ( 'NONE', #966, #1172 ) ;
#1218 = AXIS2_PLACEMENT_3D ( 'NONE', #890, #528, #789 ) ;
#1219 = ORIENTED_EDGE ( 'NONE', *, *, #936, .F. ) ;
#1220 = CARTESIAN_POINT ( 'NONE',  ( 31.59530367434863862, 12.67133242669437188, 7.499999999982253307 ) ) ;
#1221 = AXIS2_PLACEMENT_3D ( 'NONE', #711, #749, #139 ) ;
#1222 = ORIENTED_EDGE ( 'NONE', *, *, #329, .T. ) ;
#1223 = VECTOR ( 'NONE', #610, 1000.000000000000000 ) ;
#1224 = CARTESIAN_POINT ( 'NONE',  ( 65.07633995041808816, 65.23752026367307622, -7.500000000000000000 ) ) ;
#1225 = EDGE_LOOP ( 'NONE', ( #1443, #1365, #688, #275 ) ) ;
#1226 = EDGE_CURVE ( 'NONE', #254, #810, #682, .T. ) ;
#1227 = DIRECTION ( 'NONE',  ( 1.000000000000000000, 0.000000000000000000, -1.224646799147353207E-16 ) ) ;
#1228 = CARTESIAN_POINT ( 'NONE',  ( 60.07450682187143087, 47.71090233398354741, 7.500000000000000000 ) ) ;
#1229 = EDGE_CURVE ( 'NONE', #1266, #1466, #1322, .T. ) ;
#1230 = ORIENTED_EDGE ( 'NONE', *, *, #934, .T. ) ;
#1231 = CARTESIAN_POINT ( 'NONE',  ( 55.10545109075813741, 66.00000000000001421, 7.500000000000000000 ) ) ;
#1232 = ORIENTED_EDGE ( 'NONE', *, *, #381, .F. ) ;
#1233 = DIRECTION ( 'NONE',  ( 0.07624797363269396333, 0.9970888859659945425, 0.000000000000000000 ) ) ;
#1234 = ORIENTED_EDGE ( 'NONE', *, *, #605, .T. ) ;
#1235 = CARTESIAN_POINT ( 'NONE',  ( 0.000000000000000000, 17.00000000000000711, -31.29999999999999361 ) ) ;
#1236 = ORIENTED_EDGE ( 'NONE', *, *, #784, .F. ) ;
#1237 = DIRECTION ( 'NONE',  ( 0.000000000000000000, 0.000000000000000000, -1.000000000000000000 ) ) ;
#1238 = EDGE_LOOP ( 'NONE', ( #1096, #1006, #1582 ) ) ;
#1239 = DIRECTION ( 'NONE',  ( 1.000000000000000000, 0.000000000000000000, 0.000000000000000000 ) ) ;
#1240 = CARTESIAN_POINT ( 'NONE',  ( 31.59530367434434339, 12.67133242669322080, -7.500000000000000000 ) ) ;
#1241 = DIRECTION ( 'NONE',  ( 1.000000000000000000, 0.000000000000000000, -1.224646799147353207E-16 ) ) ;
#1242 = EDGE_LOOP ( 'NONE', ( #1342, #76, #851, #21 ) ) ;
#1243 = CARTESIAN_POINT ( 'NONE',  ( 38.56752492468113047, 39.90379990021911993, 7.500000000000000000 ) ) ;
#1244 = CIRCLE ( 'NONE', #305, 31.94999999999999929 ) ;
#1245 = AXIS2_PLACEMENT_3D ( 'NONE', #717, #1467, #437 ) ;
#1246 = EDGE_CURVE ( 'NONE', #919, #273, #929, .T. ) ;
#1247 = CIRCLE ( 'NONE', #979, 35.85000000000000142 ) ;
#1248 = DIRECTION ( 'NONE',  ( -0.000000000000000000, -1.000000000000000000, -0.000000000000000000 ) ) ;
#1249 = VERTEX_POINT ( 'NONE', #907 ) ;
#1250 = EDGE_CURVE ( 'NONE', #648, #43, #1380, .T. ) ;
#1251 = CIRCLE ( 'NONE', #1525, 29.10237881690745709 ) ;
#1252 = B_SPLINE_CURVE_WITH_KNOTS ( 'NONE', 3,
 ( #1509, #379, #874, #1375, #753, #1256, #141, #1128, #500, #1001, #1516, #386, #761, #883, #1152, #1410, #677, #35, #1168, #168 ),
 .UNSPECIFIED., .F., .F.,
 ( 4, 2, 2, 2, 2, 2, 2, 2, 2, 4 ),
 ( 3.837486137095518532E-07, 0.0005479033387418328445, 0.001095422928869956188, 0.002190462109126214800, 0.004380540469638732892, 0.005475579649894992372, 0.006570618830151250984, 0.007665658010407509597, 0.008213177600535637168, 0.008760697190663767342 ),
 .UNSPECIFIED. ) ;
#1253 = DIRECTION ( 'NONE',  ( 7.373988615207289619E-20, -1.000000000000000000, -0.000000000000000000 ) ) ;
#1254 = CIRCLE ( 'NONE', #537, 6.806041666666675205 ) ;
#1255 = CARTESIAN_POINT ( 'NONE',  ( 31.42507166732812962, 14.77704527309946414, -7.500000000000000000 ) ) ;
#1256 = CARTESIAN_POINT ( 'NONE',  ( 35.74862678673292038, 68.82568561026234022, -2.879849379942557075 ) ) ;
#1257 = EDGE_LOOP ( 'NONE', ( #1203, #1002, #1043, #1457, #1451, #1552, #375, #1394, #678, #743, #983, #638, #121, #424, #1192, #669, #1506, #1222 ) ) ;
#1258 = CARTESIAN_POINT ( 'NONE',  ( 32.11672641819870933, 12.81104722982421684, -5.019772629979958545 ) ) ;
#1259 = ADVANCED_FACE ( 'NONE', ( #1441 ), #180, .T. ) ;
#1260 = VERTEX_POINT ( 'NONE', #680 ) ;
#1261 = ORIENTED_EDGE ( 'NONE', *, *, #191, .F. ) ;
#1262 = CARTESIAN_POINT ( 'NONE',  ( 0.000000000000000000, -3.673940397442055431E-16, -27.00000000000000000 ) ) ;
#1263 = CARTESIAN_POINT ( 'NONE',  ( 35.22294117647059153, 68.30000000000001137, -7.500000000000000000 ) ) ;
#1264 = ORIENTED_EDGE ( 'NONE', *, *, #1602, .F. ) ;
#1265 = FACE_OUTER_BOUND ( 'NONE', #289, .T. ) ;
#1266 = VERTEX_POINT ( 'NONE', #1162 ) ;
#1267 = EDGE_CURVE ( 'NONE', #151, #1249, #619, .T. ) ;
#1268 = CARTESIAN_POINT ( 'NONE',  ( 35.23816895397518323, 68.49913247505996594, 5.281045325429300163 ) ) ;
#1269 = DIRECTION ( 'NONE',  ( -0.000000000000000000, -0.000000000000000000, -1.000000000000000000 ) ) ;
#1270 = EDGE_LOOP ( 'NONE', ( #1356, #1447, #128, #626 ) ) ;
#1271 = FACE_OUTER_BOUND ( 'NONE', #704, .T. ) ;
#1272 = CARTESIAN_POINT ( 'NONE',  ( 36.27836351273301574, 72.67540750188140919, 7.500000000000000000 ) ) ;
#1273 = AXIS2_PLACEMENT_3D ( 'NONE', #1461, #431, #1454 ) ;
#1274 = AXIS2_PLACEMENT_3D ( 'NONE', #178, #673, #1432 ) ;
#1275 = AXIS2_PLACEMENT_3D ( 'NONE', #1409, #1395, #47 ) ;
#1276 = AXIS2_PLACEMENT_3D ( 'NONE', #369, #1044, #1305 ) ;
#1277 = LINE ( 'NONE', #148, #928 ) ;
#1278 = CIRCLE ( 'NONE', #157, 6.806041666666685863 ) ;
#1279 = EDGE_CURVE ( 'NONE', #764, #1510, #42, .T. ) ;
#1280 = CARTESIAN_POINT ( 'NONE',  ( 55.10545109075813741, 66.00000000000001421, 7.500000000000000000 ) ) ;
#1281 = EDGE_LOOP ( 'NONE', ( #552, #1595, #722, #407 ) ) ;
#1282 = VECTOR ( 'NONE', #1057, 1000.000000000000227 ) ;
#1283 = ADVANCED_FACE ( 'NONE', ( #1430 ), #421, .F. ) ;
#1284 = DIRECTION ( 'NONE',  ( 0.000000000000000000, 0.000000000000000000, -1.000000000000000000 ) ) ;
#1285 = DIRECTION ( 'NONE',  ( 0.000000000000000000, 0.000000000000000000, -1.000000000000000000 ) ) ;
#1286 = CARTESIAN_POINT ( 'NONE',  ( 52.40697558676631473, 63.50000000000001421, 7.500000000000000000 ) ) ;
#1287 = VERTEX_POINT ( 'NONE', #920 ) ;
#1288 = CARTESIAN_POINT ( 'NONE',  ( 0.000000000000000000, 85.00000000000000000, 0.000000000000000000 ) ) ;
#1289 = CARTESIAN_POINT ( 'NONE',  ( 35.79768761520555387, 75.81591496807261876, -5.866441232725298605 ) ) ;
#1290 = DIRECTION ( 'NONE',  ( -0.000000000000000000, -0.000000000000000000, -1.000000000000000000 ) ) ;
#1291 = CARTESIAN_POINT ( 'NONE',  ( 30.95588235294118107, 12.50000000000000000, 7.500000000000000000 ) ) ;
#1292 = DIRECTION ( 'NONE',  ( 1.000000000000000000, 0.000000000000000000, 0.000000000000000000 ) ) ;
#1293 = VERTEX_POINT ( 'NONE', #297 ) ;
#1294 = DIRECTION ( 'NONE',  ( 0.000000000000000000, 0.000000000000000000, -1.000000000000000000 ) ) ;
#1295 = ADVANCED_FACE ( 'NONE', ( #304 ), #317, .F. ) ;
#1296 = ADVANCED_FACE ( 'NONE', ( #651 ), #792, .F. ) ;
#1297 = CIRCLE ( 'NONE', #879, 11.50000000000000355 ) ;
#1298 = SPHERICAL_SURFACE ( 'NONE', #674, 203.4000000000003183 ) ;
#1299 = AXIS2_PLACEMENT_3D ( 'NONE', #1302, #291, #1292 ) ;
#1300 = AXIS2_PLACEMENT_3D ( 'NONE', #618, #1213, #14 ) ;
#1301 = ORIENTED_EDGE ( 'NONE', *, *, #1426, .F. ) ;
#1302 = CARTESIAN_POINT ( 'NONE',  ( -2.949595446082918255E-19, 4.000000000000003553, 0.000000000000000000 ) ) ;
#1303 = AXIS2_PLACEMENT_3D ( 'NONE', #1286, #918, #274 ) ;
#1304 = CARTESIAN_POINT ( 'NONE',  ( 35.81176470588235361, 76.00000000000001421, 7.500000000000000000 ) ) ;
#1305 = DIRECTION ( 'NONE',  ( 0.000000000000000000, 0.000000000000000000, 1.000000000000000000 ) ) ;
#1306 = EDGE_CURVE ( 'NONE', #1018, #1493, #1492, .T. ) ;
#1307 = CARTESIAN_POINT ( 'NONE',  ( 65.07633995041808816, 65.23752026367307622, 7.500000000000000000 ) ) ;
#1308 = ORIENTED_EDGE ( 'NONE', *, *, #1125, .T. ) ;
#1309 = ORIENTED_EDGE ( 'NONE', *, *, #692, .F. ) ;
#1310 = DIRECTION ( 'NONE',  ( 0.000000000000000000, -1.000000000000000000, -0.000000000000000000 ) ) ;
#1311 = ORIENTED_EDGE ( 'NONE', *, *, #1548, .F. ) ;
#1312 = CARTESIAN_POINT ( 'NONE',  ( 0.000000000000000000, 8.500000000000003553, -30.64999999999999503 ) ) ;
#1313 = CARTESIAN_POINT ( 'NONE',  ( 35.22294117647059153, 68.30000000000001137, -7.500000000000000000 ) ) ;
#1314 = EDGE_CURVE ( 'NONE', #1129, #875, #1193, .T. ) ;
#1315 = ORIENTED_EDGE ( 'NONE', *, *, #181, .F. ) ;
#1316 = EDGE_LOOP ( 'NONE', ( #1353, #456, #596, #1131 ) ) ;
#1317 = CARTESIAN_POINT ( 'NONE',  ( 0.000000000000000000, 0.000000000000000000, 0.000000000000000000 ) ) ;
#1318 = ORIENTED_EDGE ( 'NONE', *, *, #1306, .F. ) ;
#1319 = PLANE ( 'NONE',  #1139 ) ;
#1320 = CARTESIAN_POINT ( 'NONE',  ( 65.07633995041808816, 65.23752026367307622, 7.500000000000000000 ) ) ;
#1321 = VECTOR ( 'NONE', #516, 1000.000000000000000 ) ;
#1322 = CIRCLE ( 'NONE', #506, 33.89999999999999147 ) ;
#1323 = EDGE_CURVE ( 'NONE', #942, #1448, #1546, .T. ) ;
#1324 = PLANE ( 'NONE',  #1575 ) ;
#1325 = VECTOR ( 'NONE', #689, 1000.000000000000000 ) ;
#1326 = ORIENTED_EDGE ( 'NONE', *, *, #230, .F. ) ;
#1327 = CARTESIAN_POINT ( 'NONE',  ( 60.83970659062720898, 42.62314830322402770, 7.500000000000000000 ) ) ;
#1328 = TOROIDAL_SURFACE ( 'NONE', #1013, 28.28440482569416403, 6.806041666666684087 ) ;
#1329 = AXIS2_PLACEMENT_3D ( 'NONE', #713, #821, #103 ) ;
#1330 = CARTESIAN_POINT ( 'NONE',  ( 35.81176470588235361, 76.00000000000001421, 7.500000000000000000 ) ) ;
#1331 = CYLINDRICAL_SURFACE ( 'NONE', #1354, 27.00000000000000000 ) ;
#1332 = ORIENTED_EDGE ( 'NONE', *, *, #650, .F. ) ;
#1333 = FACE_OUTER_BOUND ( 'NONE', #496, .T. ) ;
#1334 = EDGE_CURVE ( 'NONE', #685, #855, #574, .T. ) ;
#1335 = DIRECTION ( 'NONE',  ( -0.07624797363269367190, 0.9970888859659945425, 0.000000000000000000 ) ) ;
#1336 = EDGE_CURVE ( 'NONE', #1493, #111, #653, .T. ) ;
#1337 = CARTESIAN_POINT ( 'NONE',  ( 50.13789028437120265, 53.50000000000000711, 7.500000000000000000 ) ) ;
#1338 = LINE ( 'NONE', #945, #452 ) ;
#1339 = ORIENTED_EDGE ( 'NONE', *, *, #149, .T. ) ;
#1340 = DIRECTION ( 'NONE',  ( 0.000000000000000000, 0.000000000000000000, -1.000000000000000000 ) ) ;
#1341 = ORIENTED_EDGE ( 'NONE', *, *, #439, .T. ) ;
#1342 = ORIENTED_EDGE ( 'NONE', *, *, #1477, .T. ) ;
#1343 = EDGE_CURVE ( 'NONE', #359, #855, #816, .T. ) ;
#1344 = CARTESIAN_POINT ( 'NONE',  ( 31.29615550032746540, 15.17936636607335110, -7.500000000000000000 ) ) ;
#1345 = AXIS2_PLACEMENT_3D ( 'NONE', #455, #1020, #1392 ) ;
#1346 = TOROIDAL_SURFACE ( 'NONE', #643, 26.33440482569416474, 6.806041666666682310 ) ;
#1347 = CARTESIAN_POINT ( 'NONE',  ( 31.51537218067432988, 14.36470797440916058, 7.500000000000000000 ) ) ;
#1348 = ORIENTED_EDGE ( 'NONE', *, *, #1062, .T. ) ;
#1349 = DIRECTION ( 'NONE',  ( -1.224646799147353454E-16, 0.000000000000000000, -1.000000000000000000 ) ) ;
#1350 = CIRCLE ( 'NONE', #852, 6.806041666666682310 ) ;
#1351 = AXIS2_PLACEMENT_3D ( 'NONE', #1231, #276, #1360 ) ;
#1352 = FACE_OUTER_BOUND ( 'NONE', #389, .T. ) ;
#1353 = ORIENTED_EDGE ( 'NONE', *, *, #1343, .T. ) ;
#1354 = AXIS2_PLACEMENT_3D ( 'NONE', #1317, #203, #1581 ) ;
#1355 = CYLINDRICAL_SURFACE ( 'NONE', #1221, 10.00000000000000178 ) ;
#1356 = ORIENTED_EDGE ( 'NONE', *, *, #1069, .T. ) ;
#1357 = CARTESIAN_POINT ( 'NONE',  ( 35.22971848715981480, 68.38862637055134996, -4.711909165767018237 ) ) ;
#1358 = DIRECTION ( 'NONE',  ( -1.000000000000000000, 0.000000000000000000, 0.000000000000000000 ) ) ;
#1359 = ORIENTED_EDGE ( 'NONE', *, *, #378, .F. ) ;
#1360 = DIRECTION ( 'NONE',  ( 1.000000000000000000, 0.000000000000000000, 0.000000000000000000 ) ) ;
#1361 = CARTESIAN_POINT ( 'NONE',  ( 55.10545109075813741, 76.00000000000001421, 7.500000000000000000 ) ) ;
#1362 = CARTESIAN_POINT ( 'NONE',  ( 60.07450682187143087, 47.71090233398354741, -7.500000000000000000 ) ) ;
#1363 = EDGE_LOOP ( 'NONE', ( #884, #202, #194 ) ) ;
#1364 = CARTESIAN_POINT ( 'NONE',  ( 0.000000000000000000, -3.673940397442055431E-16, 0.000000000000000000 ) ) ;
#1365 = ORIENTED_EDGE ( 'NONE', *, *, #665, .T. ) ;
#1366 = CARTESIAN_POINT ( 'NONE',  ( 35.81176470588235361, 76.00000000000001421, 7.500000000000000000 ) ) ;
#1367 = ADVANCED_FACE ( 'NONE', ( #822 ), #1328, .T. ) ;
#1368 = ORIENTED_EDGE ( 'NONE', *, *, #1370, .T. ) ;
#1369 = FACE_BOUND ( 'NONE', #1156, .T. ) ;
#1370 = EDGE_CURVE ( 'NONE', #519, #204, #1391, .T. ) ;
#1371 = ORIENTED_EDGE ( 'NONE', *, *, #287, .F. ) ;
#1372 = CARTESIAN_POINT ( 'NONE',  ( 35.75340232479426561, 75.23679963192498121, -7.500000000000000000 ) ) ;
#1373 = LINE ( 'NONE', #147, #1321 ) ;
#1374 = CARTESIAN_POINT ( 'NONE',  ( 35.23816895397501270, 68.49913247505794800, -5.281045325420154590 ) ) ;
#1375 = CARTESIAN_POINT ( 'NONE',  ( 35.53137009518086842, 68.60842891871028826, -3.549078010444651099 ) ) ;
#1376 = ORIENTED_EDGE ( 'NONE', *, *, #489, .F. ) ;
#1377 = CARTESIAN_POINT ( 'NONE',  ( 52.40697558676630763, 73.50000000000001421, 7.500000000000000000 ) ) ;
#1378 = CARTESIAN_POINT ( 'NONE',  ( 0.000000000000000000, 0.000000000000000000, 0.000000000000000000 ) ) ;
#1379 = TOROIDAL_SURFACE ( 'NONE', #260, 29.58440482569417540, 6.806041666666667211 ) ;
#1380 = CIRCLE ( 'NONE', #671, 33.24999999999999289 ) ;
#1381 = CARTESIAN_POINT ( 'NONE',  ( 0.000000000000000000, 67.99999999999998579, 0.000000000000000000 ) ) ;
#1382 = DIRECTION ( 'NONE',  ( -0.000000000000000000, -1.000000000000000000, -0.000000000000000000 ) ) ;
#1383 = ORIENTED_EDGE ( 'NONE', *, *, #646, .F. ) ;
#1384 = CIRCLE ( 'NONE', #752, 35.85000000000000142 ) ;
#1385 = ORIENTED_EDGE ( 'NONE', *, *, #1453, .F. ) ;
#1386 = FILL_AREA_STYLE_COLOUR ( '', #1408 ) ;
#1387 = LINE ( 'NONE', #973, #1080 ) ;
#1388 = DIRECTION ( 'NONE',  ( 0.000000000000000000, 0.000000000000000000, -1.000000000000000000 ) ) ;
#1389 = ORIENTED_EDGE ( 'NONE', *, *, #541, .T. ) ;
#1390 = CARTESIAN_POINT ( 'NONE',  ( 60.83970659062720898, 42.62314830322402770, 7.500000000000000000 ) ) ;
#1391 = B_SPLINE_CURVE_WITH_KNOTS ( 'NONE', 3,
 ( #1078, #1091, #1592, #344, #1208, #211, #330, #92, #75, #1464, #338, #454, #217, #1574, #1449 ),
 .UNSPECIFIED., .F., .F.,
 ( 4, 2, 1, 2, 2, 2, 2, 4 ),
 ( 0.03696917062895397482, 0.03775422769095698738, 0.03853928475295999995, 0.03932434181496301251, 0.04010939887696602507, 0.04167951300097205020, 0.04246457006297506276, 0.04324962712497807532 ),
 .UNSPECIFIED. ) ;
#1392 = DIRECTION ( 'NONE',  ( -1.000000000000000000, 0.000000000000000000, 0.000000000000000000 ) ) ;
#1393 = ADVANCED_FACE ( 'NONE', ( #440, #323 ), #1324, .T. ) ;
#1394 = ORIENTED_EDGE ( 'NONE', *, *, #980, .T. ) ;
#1395 = DIRECTION ( 'NONE',  ( -0.000000000000000000, -1.000000000000000000, -0.000000000000000000 ) ) ;
#1396 = DIRECTION ( 'NONE',  ( -0.000000000000000000, -1.000000000000000000, -0.000000000000000000 ) ) ;
#1397 = ORIENTED_EDGE ( 'NONE', *, *, #1132, .F. ) ;
#1398 = CARTESIAN_POINT ( 'NONE',  ( 0.000000000000000000, 85.00000000000000000, 0.000000000000000000 ) ) ;
#1399 = ADVANCED_FACE ( 'NONE', ( #1586 ), #445, .F. ) ;
#1400 = CARTESIAN_POINT ( 'NONE',  ( 38.56752492468113047, 39.90379990021911993, -7.500000000000000000 ) ) ;
#1401 = EDGE_CURVE ( 'NONE', #1510, #1412, #1061, .T. ) ;
#1402 = DIRECTION ( 'NONE',  ( -0.2588190451025211836, 0.9659258262890682012, 0.000000000000000000 ) ) ;
#1403 = ORIENTED_EDGE ( 'NONE', *, *, #1520, .F. ) ;
#1404 = DIRECTION ( 'NONE',  ( 1.000000000000000000, 0.000000000000000000, -0.000000000000000000 ) ) ;
#1405 = TOROIDAL_SURFACE ( 'NONE', #131, 28.93440482569416972, 6.806041666666680534 ) ;
#1406 = AXIS2_PLACEMENT_3D ( 'NONE', #568, #1068, #708 ) ;
#1407 = AXIS2_PLACEMENT_3D ( 'NONE', #38, #521, #1404 ) ;
#1408 = COLOUR_RGB ( '',0.5019607843137254832, 1.000000000000000000, 0.5019607843137254832 ) ;
#1409 = CARTESIAN_POINT ( 'NONE',  ( 0.000000000000000000, 0.9999999999999995559, 0.000000000000000000 ) ) ;
#1410 = CARTESIAN_POINT ( 'NONE',  ( 35.59176354636623074, 68.66882236989569321, 3.381911024204321770 ) ) ;
#1411 = AXIS2_PLACEMENT_3D ( 'NONE', #253, #994, #1388 ) ;
#1412 = VERTEX_POINT ( 'NONE', #1603 ) ;
#1413 = CARTESIAN_POINT ( 'NONE',  ( 0.000000000000000000, 42.50000000000000711, 0.000000000000000000 ) ) ;
#1414 = LINE ( 'NONE', #12, #898 ) ;
#1415 = ADVANCED_FACE ( 'NONE', ( #837 ), #1331, .F. ) ;
#1416 = DIRECTION ( 'NONE',  ( 0.000000000000000000, 0.000000000000000000, -1.000000000000000000 ) ) ;
#1417 = CARTESIAN_POINT ( 'NONE',  ( 44.26154391693660273, 18.65343172185963283, 7.500000000000000000 ) ) ;
#1418 = DIRECTION ( 'NONE',  ( 0.000000000000000000, 0.000000000000000000, -1.000000000000000000 ) ) ;
#1419 = CARTESIAN_POINT ( 'NONE',  ( 0.000000000000000000, 55.65457492509398207, -28.93440482569416972 ) ) ;
#1420 = CARTESIAN_POINT ( 'NONE',  ( 31.84264619437512778, 15.32579810621454541, -5.023798231869554876 ) ) ;
#1421 = ORIENTED_EDGE ( 'NONE', *, *, #788, .F. ) ;
#1422 = ADVANCED_FACE ( 'NONE', ( #98 ), #87, .T. ) ;
#1423 = CARTESIAN_POINT ( 'NONE',  ( 0.000000000000000000, 17.00000000000000711, 0.000000000000000000 ) ) ;
#1424 = CARTESIAN_POINT ( 'NONE',  ( 0.000000000000000000, 72.65457492509398207, 0.000000000000000000 ) ) ;
#1425 = DIRECTION ( 'NONE',  ( -0.000000000000000000, -0.000000000000000000, -1.000000000000000000 ) ) ;
#1426 = EDGE_CURVE ( 'NONE', #716, #251, #1338, .T. ) ;
#1427 = DIRECTION ( 'NONE',  ( -0.000000000000000000, -1.000000000000000000, -0.000000000000000000 ) ) ;
#1428 = FACE_OUTER_BOUND ( 'NONE', #655, .T. ) ;
#1429 = VERTEX_POINT ( 'NONE', #1202 ) ;
#1430 = FACE_OUTER_BOUND ( 'NONE', #434, .T. ) ;
#1431 = ORIENTED_EDGE ( 'NONE', *, *, #980, .F. ) ;
#1432 = DIRECTION ( 'NONE',  ( -1.224646799147353207E-16, 0.000000000000000000, -1.000000000000000000 ) ) ;
#1433 = TOROIDAL_SURFACE ( 'NONE', #227, 25.03440482569416758, 6.806041666666678758 ) ;
#1434 = AXIS2_PLACEMENT_3D ( 'NONE', #374, #744, #632 ) ;
#1435 = AXIS2_PLACEMENT_3D ( 'NONE', #662, #1154, #1041 ) ;
#1436 = LINE ( 'NONE', #1313, #1489 ) ;
#1437 = VECTOR ( 'NONE', #450, 1000.000000000000000 ) ;
#1438 = ORIENTED_EDGE ( 'NONE', *, *, #329, .F. ) ;
#1439 = TOROIDAL_SURFACE ( 'NONE', #508, 27.63440482569416190, 6.806041666666680534 ) ;
#1440 = ORIENTED_EDGE ( 'NONE', *, *, #547, .F. ) ;
#1441 = FACE_OUTER_BOUND ( 'NONE', #962, .T. ) ;
#1442 = TOROIDAL_SURFACE ( 'NONE', #675, 27.63440482569416190, 6.806041666666680534 ) ;
#1443 = ORIENTED_EDGE ( 'NONE', *, *, #1028, .T. ) ;
#1444 = CARTESIAN_POINT ( 'NONE',  ( 55.10545109075813741, 66.00000000000001421, -7.500000000000000000 ) ) ;
#1445 = EDGE_CURVE ( 'NONE', #1179, #151, #1217, .T. ) ;
#1446 = DIRECTION ( 'NONE',  ( -1.000000000000000000, 0.000000000000000000, 0.000000000000000000 ) ) ;
#1447 = ORIENTED_EDGE ( 'NONE', *, *, #541, .F. ) ;
#1448 = VERTEX_POINT ( 'NONE', #150 ) ;
#1449 = CARTESIAN_POINT ( 'NONE',  ( 35.28901382089411953, 69.16402688861536774, -7.500000000000000000 ) ) ;
#1450 = ORIENTED_EDGE ( 'NONE', *, *, #1195, .T. ) ;
#1451 = ORIENTED_EDGE ( 'NONE', *, *, #1593, .T. ) ;
#1452 = CARTESIAN_POINT ( 'NONE',  ( 4.350557753970971029E-15, 67.99999999999998579, 35.19999999999999574 ) ) ;
#1453 = EDGE_CURVE ( 'NONE', #88, #875, #1010, .T. ) ;
#1454 = DIRECTION ( 'NONE',  ( 0.000000000000000000, 0.000000000000000000, -1.000000000000000000 ) ) ;
#1455 = ADVANCED_FACE ( 'NONE', ( #492 ), #1086, .T. ) ;
#1456 = DIRECTION ( 'NONE',  ( -1.000000000000000000, 0.000000000000000000, 0.000000000000000000 ) ) ;
#1457 = ORIENTED_EDGE ( 'NONE', *, *, #310, .T. ) ;
#1458 = LINE ( 'NONE', #333, #1191 ) ;
#1459 = PRODUCT_DEFINITION_SHAPE ( 'NONE', 'NONE',  #355 ) ;
#1460 = CARTESIAN_POINT ( 'NONE',  ( 0.000000000000000000, 4.654574925093975857, 0.000000000000000000 ) ) ;
#1461 = CARTESIAN_POINT ( 'NONE',  ( 0.000000000000000000, 0.000000000000000000, 0.000000000000000000 ) ) ;
#1462 = AXIS2_PLACEMENT_3D ( 'NONE', #1173, #62, #543 ) ;
#1463 = AXIS2_PLACEMENT_3D ( 'NONE', #1038, #1556, #782 ) ;
#1464 = CARTESIAN_POINT ( 'NONE',  ( 36.11239212324418446, 71.10658487926052373, -7.500000000000000888 ) ) ;
#1465 = CONICAL_SURFACE ( 'NONE', #1300, 29.10237881690745709, 0.07632204874501542780 ) ;
#1466 = VERTEX_POINT ( 'NONE', #866 ) ;
#1467 = DIRECTION ( 'NONE',  ( 0.2588190451025227934, -0.9659258262890677571, 0.000000000000000000 ) ) ;
#1468 = ADVANCED_FACE ( 'NONE', ( #732 ), #1442, .T. ) ;
#1469 = AXIS2_PLACEMENT_3D ( 'NONE', #1611, #1241, #742 ) ;
#1470 = FACE_OUTER_BOUND ( 'NONE', #686, .T. ) ;
#1471 = B_SPLINE_CURVE_WITH_KNOTS ( 'NONE', 3,
 ( #601, #1097, #873, #1515, #130, #751, #1255, #865 ),
 .UNSPECIFIED., .F., .F.,
 ( 4, 2, 2, 4 ),
 ( 0.005788630140338977756, 0.006421201353053394324, 0.007053772565767810893, 0.008318914991196642295 ),
 .UNSPECIFIED. ) ;
#1472 = DIRECTION ( 'NONE',  ( -1.000000000000000000, 0.000000000000000000, 0.000000000000000000 ) ) ;
#1473 = ORIENTED_EDGE ( 'NONE', *, *, #15, .T. ) ;
#1474 = EDGE_CURVE ( 'NONE', #383, #710, #564, .T. ) ;
#1475 = ORIENTED_EDGE ( 'NONE', *, *, #1323, .T. ) ;
#1476 = CARTESIAN_POINT ( 'NONE',  ( 0.000000000000000000, -200.6000000000003354, 0.000000000000000000 ) ) ;
#1477 = EDGE_CURVE ( 'NONE', #603, #1035, #239, .T. ) ;
#1478 = ORIENTED_EDGE ( 'NONE', *, *, #79, .T. ) ;
#1479 = DIRECTION ( 'NONE',  ( 0.000000000000000000, 0.000000000000000000, -1.000000000000000000 ) ) ;
#1480 = ORIENTED_EDGE ( 'NONE', *, *, #1132, .T. ) ;
#1481 = CARTESIAN_POINT ( 'NONE',  ( 60.73561562774138878, 57.96522312393115328, 7.500000000000000000 ) ) ;
#1482 = DIRECTION ( 'NONE',  ( -0.000000000000000000, -1.000000000000000000, -0.000000000000000000 ) ) ;
#1483 = ORIENTED_EDGE ( 'NONE', *, *, #1250, .F. ) ;
#1484 = CARTESIAN_POINT ( 'NONE',  ( 44.56507680020157380, 73.50000000000001421, -7.500000000000000000 ) ) ;
#1485 = ORIENTED_EDGE ( 'NONE', *, *, #439, .F. ) ;
#1486 = CARTESIAN_POINT ( 'NONE',  ( 35.81176470588235361, 76.00000000000001421, -5.017054978964071488 ) ) ;
#1487 = ORIENTED_EDGE ( 'NONE', *, *, #191, .T. ) ;
#1488 = CARTESIAN_POINT ( 'NONE',  ( 35.25959977510917298, 68.77938167450447793, -6.404010711460986549 ) ) ;
#1489 = VECTOR ( 'NONE', #301, 1000.000000000000114 ) ;
#1490 = CIRCLE ( 'NONE', #207, 31.29999999999999361 ) ;
#1491 = CARTESIAN_POINT ( 'NONE',  ( 31.61606346373412890, 13.09272732130260231, 7.500000000000000888 ) ) ;
#1492 = CIRCLE ( 'NONE', #282, 31.29999999999999361 ) ;
#1493 = VERTEX_POINT ( 'NONE', #245 ) ;
#1494 = CARTESIAN_POINT ( 'NONE',  ( 31.59530367434434339, 12.67133242669322080, -7.500000000000000000 ) ) ;
#1495 = VECTOR ( 'NONE', #1498, 1000.000000000000000 ) ;
#1496 = CIRCLE ( 'NONE', #1198, 6.806041666666685863 ) ;
#1497 = AXIS2_PLACEMENT_3D ( 'NONE', #715, #566, #1472 ) ;
#1498 = DIRECTION ( 'NONE',  ( 0.07624797363269367190, 0.9970888859659945425, 9.337683685075008625E-18 ) ) ;
#1499 = EDGE_CURVE ( 'NONE', #764, #249, #578, .T. ) ;
#1500 = ORIENTED_EDGE ( 'NONE', *, *, #1090, .T. ) ;
#1501 = LINE ( 'NONE', #592, #827 ) ;
#1502 = EDGE_CURVE ( 'NONE', #1558, #145, #1254, .T. ) ;
#1503 = CARTESIAN_POINT ( 'NONE',  ( 46.61923208243442929, 16.69698191078396832, 7.500000000000000000 ) ) ;
#1504 = VERTEX_POINT ( 'NONE', #727 ) ;
#1505 = DIRECTION ( 'NONE',  ( 0.07624797363269396333, 0.9970888859659945425, 0.000000000000000000 ) ) ;
#1506 = ORIENTED_EDGE ( 'NONE', *, *, #811, .T. ) ;
#1507 = FACE_OUTER_BOUND ( 'NONE', #931, .T. ) ;
#1508 = CARTESIAN_POINT ( 'NONE',  ( 44.56507680020157380, 73.50000000000001421, -7.500000000000000000 ) ) ;
#1509 = CARTESIAN_POINT ( 'NONE',  ( 35.22294117647059153, 68.30000000000001137, -4.137119247793823895 ) ) ;
#1510 = VERTEX_POINT ( 'NONE', #1134 ) ;
#1511 = CARTESIAN_POINT ( 'NONE',  ( 0.000000000000000000, 30.15457492509397852, 0.000000000000000000 ) ) ;
#1512 = CARTESIAN_POINT ( 'NONE',  ( 0.000000000000000000, 85.50000000000000000, 0.000000000000000000 ) ) ;
#1513 = ORIENTED_EDGE ( 'NONE', *, *, #571, .T. ) ;
#1514 = LINE ( 'NONE', #384, #84 ) ;
#1515 = CARTESIAN_POINT ( 'NONE',  ( 31.60644772018170201, 13.51671997493145483, -7.500000000000000000 ) ) ;
#1516 = CARTESIAN_POINT ( 'NONE',  ( 36.04879538794612870, 69.12585421147556985, 0.7275364019197695375 ) ) ;
#1517 = AXIS2_PLACEMENT_3D ( 'NONE', #1378, #1199, #200 ) ;
#1518 = ORIENTED_EDGE ( 'NONE', *, *, #650, .T. ) ;
#1519 = CARTESIAN_POINT ( 'NONE',  ( 32.33962440079006484, 12.87077256425409644, -3.130074668045828012 ) ) ;
#1520 = EDGE_CURVE ( 'NONE', #1510, #603, #123, .T. ) ;
#1521 = PLANE ( 'NONE',  #848 ) ;
#1522 = AXIS2_PLACEMENT_3D ( 'NONE', #1400, #659, #1527 ) ;
#1523 = DIRECTION ( 'NONE',  ( 0.000000000000000000, 0.000000000000000000, -1.000000000000000000 ) ) ;
#1524 = VERTEX_POINT ( 'NONE', #1228 ) ;
#1525 = AXIS2_PLACEMENT_3D ( 'NONE', #796, #1253, #1239 ) ;
#1526 = AXIS2_PLACEMENT_3D ( 'NONE', #1119, #352, #1358 ) ;
#1527 = DIRECTION ( 'NONE',  ( -1.000000000000000000, 0.000000000000000000, 0.000000000000000000 ) ) ;
#1528 = CARTESIAN_POINT ( 'NONE',  ( 32.10855978409720279, 15.39704943783704394, -2.531332098778404482 ) ) ;
#1529 = ORIENTED_EDGE ( 'NONE', *, *, #287, .T. ) ;
#1530 = PLANE ( 'NONE',  #695 ) ;
#1531 = ADVANCED_FACE ( 'NONE', ( #1108 ), #432, .T. ) ;
#1532 = VERTEX_POINT ( 'NONE', #372 ) ;
#1533 = EDGE_CURVE ( 'NONE', #710, #707, #392, .T. ) ;
#1534 = CARTESIAN_POINT ( 'NONE',  ( 65.07633995041808816, 65.23752026367307622, -7.500000000000000000 ) ) ;
#1535 = CARTESIAN_POINT ( 'NONE',  ( 4.032149586192660591E-15, 34.00000000000000000, 32.59999999999999432 ) ) ;
#1536 = CARTESIAN_POINT ( 'NONE',  ( 35.28901382089411953, 69.16402688861536774, 7.500000000000000000 ) ) ;
#1537 = CARTESIAN_POINT ( 'NONE',  ( 60.73561562774138878, 57.96522312393115328, 7.500000000000000000 ) ) ;
#1538 = DIRECTION ( 'NONE',  ( 0.9970888859659945425, -0.07624797363269396333, 0.000000000000000000 ) ) ;
#1539 = VERTEX_POINT ( 'NONE', #1263 ) ;
#1540 = CARTESIAN_POINT ( 'NONE',  ( 35.94344642507971344, 74.74262617032769640, 7.500000000000000000 ) ) ;
#1541 = ORIENTED_EDGE ( 'NONE', *, *, #96, .T. ) ;
#1542 = CARTESIAN_POINT ( 'NONE',  ( 3.463840583557430759E-15, 47.15457492509396786, 28.28440482569416403 ) ) ;
#1543 = CIRCLE ( 'NONE', #977, 35.19999999999999574 ) ;
#1544 = CARTESIAN_POINT ( 'NONE',  ( 0.000000000000000000, 0.000000000000000000, 0.000000000000000000 ) ) ;
#1545 = AXIS2_PLACEMENT_3D ( 'NONE', #1082, #109, #597 ) ;
#1546 = CIRCLE ( 'NONE', #699, 6.806041666666675205 ) ;
#1547 = AXIS2_PLACEMENT_3D ( 'NONE', #871, #863, #459 ) ;
#1548 = EDGE_CURVE ( 'NONE', #353, #273, #1252, .T. ) ;
#1549 = CARTESIAN_POINT ( 'NONE',  ( 0.000000000000000000, 81.15457492509399628, 0.000000000000000000 ) ) ;
#1550 = CARTESIAN_POINT ( 'NONE',  ( 31.29615550032746540, 15.17936636607335288, 7.500000000000000000 ) ) ;
#1551 = ADVANCED_FACE ( 'NONE', ( #175 ), #773, .F. ) ;
#1552 = ORIENTED_EDGE ( 'NONE', *, *, #968, .T. ) ;
#1553 = DIRECTION ( 'NONE',  ( 7.373988615207289619E-20, -1.000000000000000000, -0.000000000000000000 ) ) ;
#1554 = CARTESIAN_POINT ( 'NONE',  ( 4.111751628137237806E-15, 42.50000000000000711, 33.24999999999999289 ) ) ;
#1555 = FACE_OUTER_BOUND ( 'NONE', #393, .T. ) ;
#1556 = DIRECTION ( 'NONE',  ( -1.224646799147353207E-16, 0.000000000000000000, -1.000000000000000000 ) ) ;
#1557 = FACE_OUTER_BOUND ( 'NONE', #1257, .T. ) ;
#1558 = VERTEX_POINT ( 'NONE', #1535 ) ;
#1559 = DIRECTION ( 'NONE',  ( 0.000000000000000000, 0.000000000000000000, -1.000000000000000000 ) ) ;
#1560 = CARTESIAN_POINT ( 'NONE',  ( 35.22294117647059153, 68.30000000000001137, -4.137119247793823895 ) ) ;
#1561 = ORIENTED_EDGE ( 'NONE', *, *, #1564, .T. ) ;
#1562 = ORIENTED_EDGE ( 'NONE', *, *, #195, .T. ) ;
#1563 = CARTESIAN_POINT ( 'NONE',  ( 36.25592348039634061, 73.20165802092758156, 7.500000000000000888 ) ) ;
#1564 = EDGE_CURVE ( 'NONE', #707, #1532, #756, .T. ) ;
#1565 = FACE_OUTER_BOUND ( 'NONE', #242, .T. ) ;
#1566 = AXIS2_PLACEMENT_3D ( 'NONE', #891, #1427, #183 ) ;
#1567 = VECTOR ( 'NONE', #271, 1000.000000000000227 ) ;
#1568 = CIRCLE ( 'NONE', #1463, 203.4000000000003183 ) ;
#1569 = DIRECTION ( 'NONE',  ( -1.000000000000000000, -0.000000000000000000, -0.000000000000000000 ) ) ;
#1570 = CIRCLE ( 'NONE', #337, 22.00000000000000000 ) ;
#1571 = ORIENTED_EDGE ( 'NONE', *, *, #361, .T. ) ;
#1572 = CIRCLE ( 'NONE', #856, 11.50000000000000355 ) ;
#1573 = EDGE_LOOP ( 'NONE', ( #266, #672, #348, #1518 ) ) ;
#1574 = CARTESIAN_POINT ( 'NONE',  ( 35.42741626358758111, 69.39063612833423633, -7.500000000000000000 ) ) ;
#1575 = AXIS2_PLACEMENT_3D ( 'NONE', #830, #1310, #554 ) ;
#1576 = ORIENTED_EDGE ( 'NONE', *, *, #934, .F. ) ;
#1577 = FACE_OUTER_BOUND ( 'NONE', #1573, .T. ) ;
#1578 = EDGE_CURVE ( 'NONE', #1287, #359, #1178, .T. ) ;
#1579 = ADVANCED_FACE ( 'NONE', ( #1557 ), #48, .T. ) ;
#1580 = DIRECTION ( 'NONE',  ( -0.000000000000000000, -1.000000000000000000, -0.000000000000000000 ) ) ;
#1581 = DIRECTION ( 'NONE',  ( 0.000000000000000000, 0.000000000000000000, -1.000000000000000000 ) ) ;
#1582 = ORIENTED_EDGE ( 'NONE', *, *, #1127, .T. ) ;
#1583 = CARTESIAN_POINT ( 'NONE',  ( 0.000000000000000000, 21.65457492509397497, -26.33440482569416474 ) ) ;
#1584 = CARTESIAN_POINT ( 'NONE',  ( 35.75340232479426561, 75.23679963192498121, 7.500000000000000000 ) ) ;
#1585 = DIRECTION ( 'NONE',  ( 0.000000000000000000, 0.000000000000000000, -1.000000000000000000 ) ) ;
#1586 = FACE_OUTER_BOUND ( 'NONE', #1238, .T. ) ;
#1587 = VERTEX_POINT ( 'NONE', #768 ) ;
#1588 = DIRECTION ( 'NONE',  ( 0.9970888859659947645, -0.07624797363269163186, 0.000000000000000000 ) ) ;
#1589 = CARTESIAN_POINT ( 'NONE',  ( 0.000000000000000000, -200.6000000000003354, 0.000000000000000000 ) ) ;
#1590 = AXIS2_PLACEMENT_3D ( 'NONE', #649, #36, #770 ) ;
#1591 = VECTOR ( 'NONE', #844, 1000.000000000000000 ) ;
#1592 = CARTESIAN_POINT ( 'NONE',  ( 35.94344642507971344, 74.74262617032769640, -7.500000000000000000 ) ) ;
#1593 = EDGE_CURVE ( 'NONE', #716, #864, #726, .T. ) ;
#1594 = CIRCLE ( 'NONE', #1276, 6.806041666666682310 ) ;
#1595 = ORIENTED_EDGE ( 'NONE', *, *, #664, .T. ) ;
#1596 = DIRECTION ( 'NONE',  ( -0.000000000000000000, -0.000000000000000000, -1.000000000000000000 ) ) ;
#1597 = PRODUCT_DEFINITION_FORMATION_WITH_SPECIFIED_SOURCE ( 'ANY', '', #319, .NOT_KNOWN. ) ;
#1598 = EDGE_LOOP ( 'NONE', ( #350, #89, #1315, #542 ) ) ;
#1599 = DIRECTION ( 'NONE',  ( 0.000000000000000000, 0.000000000000000000, -1.000000000000000000 ) ) ;
#1600 = VERTEX_POINT ( 'NONE', #1033 ) ;
#1601 = DIRECTION ( 'NONE',  ( -0.000000000000000000, -0.000000000000000000, -1.000000000000000000 ) ) ;
#1602 = EDGE_CURVE ( 'NONE', #975, #249, #520, .T. ) ;
#1603 = CARTESIAN_POINT ( 'NONE',  ( 62.86116858143081743, 36.26989466922420746, 7.500000000000000000 ) ) ;
#1604 = ORIENTED_EDGE ( 'NONE', *, *, #646, .T. ) ;
#1605 = CARTESIAN_POINT ( 'NONE',  ( 37.49400898833601303, 70.57106781186544708, 7.500000000000000000 ) ) ;
#1606 = B_SPLINE_CURVE_WITH_KNOTS ( 'NONE', 3,
 ( #40, #766, #1268, #644, #34, #413 ),
 .UNSPECIFIED., .F., .F.,
 ( 4, 2, 4 ),
 ( 1.306379868536101684E-06, 0.001737672916751761745, 0.003474039453634987160 ),
 .UNSPECIFIED. ) ;
#1607 = EDGE_LOOP ( 'NONE', ( #113, #641, #460, #1023 ) ) ;
#1608 = DIRECTION ( 'NONE',  ( -1.000000000000000000, 0.000000000000000000, 0.000000000000000000 ) ) ;
#1609 = EDGE_LOOP ( 'NONE', ( #401, #627 ) ) ;
#1610 = FACE_OUTER_BOUND ( 'NONE', #738, .T. ) ;
#1611 = CARTESIAN_POINT ( 'NONE',  ( 3.623044667446588740E-15, 64.15457492509398207, 29.58440482569417540 ) ) ;
#1612 = ORIENTED_EDGE ( 'NONE', *, *, #569, .F. ) ;
#1613 = DIRECTION ( 'NONE',  ( -1.000000000000000000, 0.000000000000000000, 0.000000000000000000 ) ) ;
#1614 = ADVANCED_FACE ( 'NONE', ( #647 ), #1017, .F. ) ;
#1615 = LINE ( 'NONE', #477, #1495 ) ;
#1616 = CARTESIAN_POINT ( 'NONE',  ( 62.86116858143081743, 36.26989466922420746, -7.500000000000000000 ) ) ;
#1617 = CIRCLE ( 'NONE', #642, 33.24999999999999289 ) ;
#1618 = DIRECTION ( 'NONE',  ( -0.000000000000000000, -1.000000000000000000, -0.000000000000000000 ) ) ;
ENDSEC;
END-ISO-10303-21;
