ISO-10303-21;
HEADER;
FILE_DESCRIPTION (( 'STEP AP214' ),
    '1' );
FILE_NAME ('Cup.STEP',
    '2026-08-27T02:34:28',
    ( '' ),
    ( '' ),
    'SwSTEP 2.0',
    'SolidWorks 2021',
    '' );
FILE_SCHEMA (( 'AUTOMOTIVE_DESIGN' ));
ENDSEC;

DATA;
#1 = AXIS2_PLACEMENT_3D ( 'NONE', #57, #547, #2642 ) ;
#2 = DIRECTION ( 'NONE',  ( 0.000000000000000000, 0.000000000000000000, 1.000000000000000000 ) ) ;
#3 = CARTESIAN_POINT ( 'NONE',  ( 35.82673175469038540, 68.90379057821981235, -2.529150117541290044 ) ) ;
#4 = DIRECTION ( 'NONE',  ( 0.000000000000000000, 0.000000000000000000, -1.000000000000000000 ) ) ;
#5 = ORIENTED_EDGE ( 'NONE', *, *, #1971, .F. ) ;
#6 = CARTESIAN_POINT ( 'NONE',  ( 5.265625000000016875, 0.7999999999999951594, 5.340710941379916754 ) ) ;
#7 = DIRECTION ( 'NONE',  ( 0.000000000000000000, -1.000000000000000000, 0.000000000000000000 ) ) ;
#8 = DIRECTION ( 'NONE',  ( 0.000000000000000000, 0.000000000000000000, -1.000000000000000000 ) ) ;
#9 = CARTESIAN_POINT ( 'NONE',  ( -2.500000000000006661, 0.5000000000000004441, -7.599342076785342570 ) ) ;
#10 = EDGE_CURVE ( 'NONE', #719, #633, #1986, .T. ) ;
#11 = ORIENTED_EDGE ( 'NONE', *, *, #2773, .F. ) ;
#12 = ADVANCED_FACE ( 'NONE', ( #1332 ), #2954, .T. ) ;
#13 = CARTESIAN_POINT ( 'NONE',  ( 0.000000000000000000, 0.1000000000000028644, 0.000000000000000000 ) ) ;
#14 = CARTESIAN_POINT ( 'NONE',  ( 0.000000000000000000, 17.00000000000000711, 0.000000000000000000 ) ) ;
#15 = ORIENTED_EDGE ( 'NONE', *, *, #873, .F. ) ;
#16 = DIRECTION ( 'NONE',  ( 0.000000000000000000, 0.000000000000000000, -1.000000000000000000 ) ) ;
#17 = CYLINDRICAL_SURFACE ( 'NONE', #138, 11.50000000000000355 ) ;
#18 = DIRECTION ( 'NONE',  ( 0.000000000000000000, 0.000000000000000000, -1.000000000000000000 ) ) ;
#19 = FACE_OUTER_BOUND ( 'NONE', #1256, .T. ) ;
#20 = ORIENTED_EDGE ( 'NONE', *, *, #1843, .T. ) ;
#21 = CIRCLE ( 'NONE', #1720, 6.806041666666665435 ) ;
#22 = CARTESIAN_POINT ( 'NONE',  ( 0.000000000000000000, -3.673940397442055431E-16, -27.00000000000000000 ) ) ;
#23 = EDGE_CURVE ( 'NONE', #2859, #633, #185, .T. ) ;
#24 = AXIS2_PLACEMENT_3D ( 'NONE', #2818, #2572, #1194 ) ;
#25 = CARTESIAN_POINT ( 'NONE',  ( 2.500000000000005773, 0.000000000000000000, 7.599342076785342570 ) ) ;
#26 = VERTEX_POINT ( 'NONE', #1362 ) ;
#27 = CARTESIAN_POINT ( 'NONE',  ( 3.793343460358926578E-15, 8.500000000000003553, 30.64999999999999503 ) ) ;
#28 = DIRECTION ( 'NONE',  ( 0.000000000000000000, 0.000000000000000000, -1.000000000000000000 ) ) ;
#29 = DIRECTION ( 'NONE',  ( 0.000000000000000000, -1.000000000000000000, 0.000000000000000000 ) ) ;
#30 = DIRECTION ( 'NONE',  ( -0.000000000000000000, 1.000000000000000000, -0.000000000000000000 ) ) ;
#31 = ORIENTED_EDGE ( 'NONE', *, *, #1294, .T. ) ;
#32 = VECTOR ( 'NONE', #347, 1000.000000000000000 ) ;
#33 = PRODUCT_DEFINITION_CONTEXT ( 'detailed design', #246, 'design' ) ;
#34 = ORIENTED_EDGE ( 'NONE', *, *, #2811, .T. ) ;
#35 = PLANE ( 'NONE',  #2630 ) ;
#36 = AXIS2_PLACEMENT_3D ( 'NONE', #2813, #491, #230 ) ;
#37 = AXIS2_PLACEMENT_3D ( 'NONE', #2882, #1036, #1479 ) ;
#38 = VECTOR ( 'NONE', #2196, 1000.000000000000000 ) ;
#39 = CYLINDRICAL_SURFACE ( 'NONE', #1814, 36.50000000000000000 ) ;
#40 = ADVANCED_FACE ( 'NONE', ( #2495 ), #1824, .T. ) ;
#41 = EDGE_LOOP ( 'NONE', ( #1420, #1460, #1241, #2371, #587 ) ) ;
#42 = CARTESIAN_POINT ( 'NONE',  ( 4.469960816887838430E-15, 85.00000000000000000, 36.50000000000000000 ) ) ;
#43 = DIRECTION ( 'NONE',  ( -0.000000000000000000, -1.000000000000000000, -0.000000000000000000 ) ) ;
#44 = ADVANCED_FACE ( 'NONE', ( #676 ), #912, .T. ) ;
#45 = VERTEX_POINT ( 'NONE', #1320 ) ;
#46 = CARTESIAN_POINT ( 'NONE',  ( 35.25959977510926535, 68.77938167450585638, 6.404010711465463856 ) ) ;
#47 = DIRECTION ( 'NONE',  ( 0.000000000000000000, 0.000000000000000000, -1.000000000000000000 ) ) ;
#48 = VERTEX_POINT ( 'NONE', #1893 ) ;
#49 = PRODUCT_DEFINITION_SHAPE ( 'NONE', 'NONE',  #2121 ) ;
#50 = EDGE_LOOP ( 'NONE', ( #59, #1882, #143, #2925 ) ) ;
#51 = LINE ( 'NONE', #1649, #2295 ) ;
#52 = CARTESIAN_POINT ( 'NONE',  ( 60.83970659062720898, 42.62314830322402770, -7.500000000000000000 ) ) ;
#53 = EDGE_LOOP ( 'NONE', ( #2052, #1181, #64, #1433 ) ) ;
#54 = B_SPLINE_CURVE_WITH_KNOTS ( 'NONE', 3,
 ( #1245, #1700, #297, #1282, #2405, #2176, #735, #103 ),
 .UNSPECIFIED., .F., .F.,
 ( 4, 2, 2, 4 ),
 ( 2.022419102191026045E-07, 0.007512077526654915675, 0.01126801516902726369, 0.01502395281139961257 ),
 .UNSPECIFIED. ) ;
#55 = EDGE_CURVE ( 'NONE', #1827, #455, #1276, .T. ) ;
#56 = LINE ( 'NONE', #2446, #427 ) ;
#57 = CARTESIAN_POINT ( 'NONE',  ( 0.000000000000000000, -3.673940397442055431E-16, 0.000000000000000000 ) ) ;
#58 = ORIENTED_EDGE ( 'NONE', *, *, #2872, .T. ) ;
#59 = ORIENTED_EDGE ( 'NONE', *, *, #457, .T. ) ;
#60 = ADVANCED_FACE ( 'NONE', ( #502 ), #61, .F. ) ;
#61 = PLANE ( 'NONE',  #1155 ) ;
#62 =( NAMED_UNIT ( * ) SI_UNIT ( $, .STERADIAN. ) SOLID_ANGLE_UNIT ( ) );
#63 = DIRECTION ( 'NONE',  ( -1.000000000000000000, 0.000000000000000000, 0.000000000000000000 ) ) ;
#64 = ORIENTED_EDGE ( 'NONE', *, *, #1466, .T. ) ;
#65 = EDGE_LOOP ( 'NONE', ( #1887, #20 ) ) ;
#66 = FILL_AREA_STYLE_COLOUR ( '', #796 ) ;
#67 = DIRECTION ( 'NONE',  ( 0.000000000000000000, 0.000000000000000000, -1.000000000000000000 ) ) ;
#68 = ORIENTED_EDGE ( 'NONE', *, *, #2828, .F. ) ;
#69 = DIRECTION ( 'NONE',  ( 8.673617379884048291E-16, 1.000000000000000000, -7.703719777548943412E-34 ) ) ;
#70 = CIRCLE ( 'NONE', #1527, 0.6999999999999999556 ) ;
#71 = DIRECTION ( 'NONE',  ( -1.000000000000000000, -0.000000000000000000, -0.000000000000000000 ) ) ;
#72 = DIRECTION ( 'NONE',  ( 1.000000000000000000, 0.000000000000000000, 0.000000000000000000 ) ) ;
#73 = ORIENTED_EDGE ( 'NONE', *, *, #599, .F. ) ;
#74 = DIRECTION ( 'NONE',  ( -0.000000000000000000, 1.000000000000000000, -0.000000000000000000 ) ) ;
#75 = CARTESIAN_POINT ( 'NONE',  ( 32.11508696273944707, 12.81060793905787953, 5.026551561213303820 ) ) ;
#76 = CARTESIAN_POINT ( 'NONE',  ( 35.77934902625300850, 75.57610265100080937, 6.698599393822445514 ) ) ;
#77 = EDGE_CURVE ( 'NONE', #1707, #562, #82, .T. ) ;
#78 = ORIENTED_EDGE ( 'NONE', *, *, #807, .T. ) ;
#79 = CARTESIAN_POINT ( 'NONE',  ( 0.000000000000000000, 1.500000000000001332, 17.65764939443949189 ) ) ;
#80 = CIRCLE ( 'NONE', #1435, 35.19999999999999574 ) ;
#81 = AXIS2_PLACEMENT_3D ( 'NONE', #284, #1214, #2596 ) ;
#82 = CIRCLE ( 'NONE', #2593, 32.59999999999999432 ) ;
#83 = CARTESIAN_POINT ( 'NONE',  ( 8.009664216553983917E-18, 0.7999999999999951594, 0.6999999999999997335 ) ) ;
#84 = VECTOR ( 'NONE', #1606, 1000.000000000000000 ) ;
#85 = ORIENTED_EDGE ( 'NONE', *, *, #471, .F. ) ;
#86 = DIRECTION ( 'NONE',  ( 0.000000000000000000, -1.000000000000000000, 0.000000000000000000 ) ) ;
#87 = AXIS2_PLACEMENT_3D ( 'NONE', #1959, #1977, #97 ) ;
#88 = AXIS2_PLACEMENT_3D ( 'NONE', #2968, #367, #847 ) ;
#89 = CARTESIAN_POINT ( 'NONE',  ( 0.000000000000000000, 1.500000000000001332, 0.000000000000000000 ) ) ;
#90 = AXIS2_PLACEMENT_3D ( 'NONE', #106, #806, #1458 ) ;
#91 = DIRECTION ( 'NONE',  ( 0.000000000000000000, 0.000000000000000000, -1.000000000000000000 ) ) ;
#92 = ORIENTED_EDGE ( 'NONE', *, *, #1062, .F. ) ;
#93 = CARTESIAN_POINT ( 'NONE',  ( 0.000000000000000000, -200.6000000000003354, 0.000000000000000000 ) ) ;
#94 = ORIENTED_EDGE ( 'NONE', *, *, #1159, .T. ) ;
#95 = EDGE_CURVE ( 'NONE', #2273, #1577, #1057, .T. ) ;
#96 = FILL_AREA_STYLE ('',( #66 ) ) ;
#97 = DIRECTION ( 'NONE',  ( 0.000000000000000000, 0.000000000000000000, -1.000000000000000000 ) ) ;
#98 = EDGE_CURVE ( 'NONE', #2740, #2060, #1638, .T. ) ;
#99 = ORIENTED_EDGE ( 'NONE', *, *, #2671, .F. ) ;
#100 = FACE_OUTER_BOUND ( 'NONE', #736, .T. ) ;
#101 = PRODUCT ( 'Part_1--Cup', 'Part_1--Cup', '', ( #1600 ) ) ;
#102 = DIRECTION ( 'NONE',  ( -0.000000000000000000, -1.000000000000000000, -0.000000000000000000 ) ) ;
#103 = CARTESIAN_POINT ( 'NONE',  ( 31.29615550032746540, 15.17936636607335288, 7.500000000000000000 ) ) ;
#104 = EDGE_LOOP ( 'NONE', ( #31, #2177, #788, #766 ) ) ;
#105 = CARTESIAN_POINT ( 'NONE',  ( 55.10545109075813741, 66.00000000000001421, 7.500000000000000000 ) ) ;
#106 = CARTESIAN_POINT ( 'NONE',  ( -2.500000000000004885, 0.5000000000000004441, -15.00000000000001954 ) ) ;
#107 = LINE ( 'NONE', #2661, #1008 ) ;
#108 = ORIENTED_EDGE ( 'NONE', *, *, #2027, .T. ) ;
#109 = ORIENTED_EDGE ( 'NONE', *, *, #1857, .F. ) ;
#110 = DIRECTION ( 'NONE',  ( -0.000000000000000000, -1.000000000000000000, -0.000000000000000000 ) ) ;
#111 = DIRECTION ( 'NONE',  ( -0.000000000000000000, -0.000000000000000000, -1.000000000000000000 ) ) ;
#112 = DIRECTION ( 'NONE',  ( 1.000000000000000000, 0.000000000000000000, -1.224646799147353207E-16 ) ) ;
#113 = ORIENTED_EDGE ( 'NONE', *, *, #821, .F. ) ;
#114 = FILL_AREA_STYLE_COLOUR ( '', #1425 ) ;
#115 = EDGE_CURVE ( 'NONE', #1388, #1792, #716, .T. ) ;
#116 = FACE_OUTER_BOUND ( 'NONE', #2824, .T. ) ;
#117 = DIRECTION ( 'NONE',  ( 0.000000000000000000, 0.000000000000000000, -1.000000000000000000 ) ) ;
#118 = VERTEX_POINT ( 'NONE', #966 ) ;
#119 = FACE_OUTER_BOUND ( 'NONE', #968, .T. ) ;
#120 = DIRECTION ( 'NONE',  ( 0.000000000000000000, -1.000000000000000000, 0.000000000000000000 ) ) ;
#121 = DIRECTION ( 'NONE',  ( 0.000000000000000000, 0.000000000000000000, 1.000000000000000000 ) ) ;
#122 = VERTEX_POINT ( 'NONE', #979 ) ;
#123 = CYLINDRICAL_SURFACE ( 'NONE', #233, 6.000000000000018652 ) ;
#124 = ORIENTED_EDGE ( 'NONE', *, *, #2986, .F. ) ;
#125 = VERTEX_POINT ( 'NONE', #2116 ) ;
#126 = DIRECTION ( 'NONE',  ( 0.000000000000000000, 1.000000000000000000, 0.000000000000000000 ) ) ;
#127 = CIRCLE ( 'NONE', #2157, 36.50000000000000000 ) ;
#128 = CIRCLE ( 'NONE', #2211, 11.50000000000000355 ) ;
#129 = DIRECTION ( 'NONE',  ( 0.000000000000000000, 0.000000000000000000, -1.000000000000000000 ) ) ;
#130 = AXIS2_PLACEMENT_3D ( 'NONE', #2455, #387, #643 ) ;
#131 = EDGE_CURVE ( 'NONE', #1797, #540, #2305, .T. ) ;
#132 = CIRCLE ( 'NONE', #857, 31.29999999999999361 ) ;
#133 = DIRECTION ( 'NONE',  ( 0.000000000000000000, -1.000000000000000000, 0.000000000000000000 ) ) ;
#134 = CIRCLE ( 'NONE', #434, 22.00000000000000000 ) ;
#135 = DIRECTION ( 'NONE',  ( -0.000000000000000000, -1.000000000000000000, -0.000000000000000000 ) ) ;
#136 = DIRECTION ( 'NONE',  ( 0.000000000000000000, -1.000000000000000000, 0.000000000000000000 ) ) ;
#137 = EDGE_CURVE ( 'NONE', #2973, #1898, #623, .T. ) ;
#138 = AXIS2_PLACEMENT_3D ( 'NONE', #1183, #459, #2099 ) ;
#139 = CARTESIAN_POINT ( 'NONE',  ( 36.27385792795703878, 72.40849426127131494, 7.500000000000000000 ) ) ;
#140 = ORIENTED_EDGE ( 'NONE', *, *, #1086, .T. ) ;
#141 = DIRECTION ( 'NONE',  ( 0.000000000000000000, 0.000000000000000000, -1.000000000000000000 ) ) ;
#142 = FACE_OUTER_BOUND ( 'NONE', #1020, .T. ) ;
#143 = ORIENTED_EDGE ( 'NONE', *, *, #657, .T. ) ;
#144 = CARTESIAN_POINT ( 'NONE',  ( 35.22294117647059153, 68.30000000000001137, 7.500000000000000000 ) ) ;
#145 = DIRECTION ( 'NONE',  ( 0.000000000000000000, 0.000000000000000000, -1.000000000000000000 ) ) ;
#146 = PLANE ( 'NONE',  #181 ) ;
#147 = DIRECTION ( 'NONE',  ( 1.000000000000000000, 0.000000000000000000, 0.000000000000000000 ) ) ;
#148 = EDGE_CURVE ( 'NONE', #2662, #2684, #2891, .T. ) ;
#149 = DIRECTION ( 'NONE',  ( -0.000000000000000000, -0.000000000000000000, -1.000000000000000000 ) ) ;
#150 = DIRECTION ( 'NONE',  ( 0.000000000000000000, -1.000000000000000000, 0.000000000000000000 ) ) ;
#151 = EDGE_CURVE ( 'NONE', #2859, #2803, #737, .T. ) ;
#152 = DIRECTION ( 'NONE',  ( -0.000000000000000000, -1.000000000000000000, -0.000000000000000000 ) ) ;
#153 = DIRECTION ( 'NONE',  ( -4.440892098500626162E-15, 0.000000000000000000, -1.000000000000000000 ) ) ;
#154 = UNCERTAINTY_MEASURE_WITH_UNIT (LENGTH_MEASURE( 1.000000000000000082E-05 ), #1219, 'distance_accuracy_value', 'NONE');
#155 = PRESENTATION_STYLE_ASSIGNMENT (( #170 ) ) ;
#156 = EDGE_LOOP ( 'NONE', ( #85, #2619, #2477, #1027 ) ) ;
#157 = CARTESIAN_POINT ( 'NONE',  ( 46.61923208243442929, 16.69698191078396832, 7.500000000000000000 ) ) ;
#158 = ORIENTED_EDGE ( 'NONE', *, *, #2240, .T. ) ;
#159 = CARTESIAN_POINT ( 'NONE',  ( 35.50000000000007816, 1.000000000000000888, -3.794707603699265519E-16 ) ) ;
#160 = CARTESIAN_POINT ( 'NONE',  ( 60.50348041593301218, 38.22634448029987198, 7.500000000000000000 ) ) ;
#161 = ORIENTED_EDGE ( 'NONE', *, *, #918, .F. ) ;
#162 = DIRECTION ( 'NONE',  ( 0.000000000000000000, -1.000000000000000000, 0.000000000000000000 ) ) ;
#163 = DIRECTION ( 'NONE',  ( 0.000000000000000000, 0.000000000000000000, -1.000000000000000000 ) ) ;
#164 = DIRECTION ( 'NONE',  ( 0.000000000000000000, -1.000000000000000000, 0.000000000000000000 ) ) ;
#165 = PRODUCT_RELATED_PRODUCT_CATEGORY ( 'part', '', ( #564 ) ) ;
#166 = AXIS2_PLACEMENT_3D ( 'NONE', #2511, #1126, #2722 ) ;
#167 = ORIENTED_EDGE ( 'NONE', *, *, #2961, .F. ) ;
#168 = CARTESIAN_POINT ( 'NONE',  ( 0.000000000000000000, 38.65457492509398207, 0.000000000000000000 ) ) ;
#169 = EDGE_CURVE ( 'NONE', #1089, #2740, #2524, .T. ) ;
#170 = SURFACE_STYLE_USAGE ( .BOTH. , #2700 ) ;
#171 = VERTEX_POINT ( 'NONE', #1628 ) ;
#172 = ORIENTED_EDGE ( 'NONE', *, *, #1448, .T. ) ;
#173 = CARTESIAN_POINT ( 'NONE',  ( -2.949595446082918255E-19, 4.000000000000003553, 0.000000000000000000 ) ) ;
#174 = DIRECTION ( 'NONE',  ( 0.000000000000000000, 0.000000000000000000, -1.000000000000000000 ) ) ;
#175 = PLANE ( 'NONE',  #813 ) ;
#176 = VERTEX_POINT ( 'NONE', #2345 ) ;
#177 =( NAMED_UNIT ( * ) PLANE_ANGLE_UNIT ( ) SI_UNIT ( $, .RADIAN. ) );
#178 = TOROIDAL_SURFACE ( 'NONE', #1915, 29.58440482569417540, 6.806041666666667211 ) ;
#179 = CIRCLE ( 'NONE', #1872, 35.33473175808392597 ) ;
#180 = DIRECTION ( 'NONE',  ( -0.000000000000000000, -0.000000000000000000, -1.000000000000000000 ) ) ;
#181 = AXIS2_PLACEMENT_3D ( 'NONE', #1112, #2272, #595 ) ;
#182 = TOROIDAL_SURFACE ( 'NONE', #1876, 30.88440482569417611, 6.806041666666665435 ) ;
#183 = CARTESIAN_POINT ( 'NONE',  ( 35.86920685207445558, 70.35306238081459185, 7.499999999999999112 ) ) ;
#184 = AXIS2_PLACEMENT_3D ( 'NONE', #105, #1938, #1233 ) ;
#185 = LINE ( 'NONE', #1117, #758 ) ;
#186 = DIRECTION ( 'NONE',  ( -0.000000000000000000, -1.000000000000000000, -0.000000000000000000 ) ) ;
#187 = EDGE_CURVE ( 'NONE', #2803, #2684, #2534, .T. ) ;
#188 = ORIENTED_EDGE ( 'NONE', *, *, #1971, .T. ) ;
#189 = EDGE_LOOP ( 'NONE', ( #2733, #2538, #1227, #2254 ) ) ;
#190 = DIRECTION ( 'NONE',  ( -0.000000000000000000, -1.000000000000000000, -0.000000000000000000 ) ) ;
#191 = EDGE_CURVE ( 'NONE', #545, #1683, #2751, .T. ) ;
#192 = CARTESIAN_POINT ( 'NONE',  ( 9.184850993605147944E-16, 0.000000000000000000, 7.500000000000000000 ) ) ;
#193 = CARTESIAN_POINT ( 'NONE',  ( 55.10545109075813741, 66.00000000000001421, 7.500000000000000000 ) ) ;
#194 = EDGE_LOOP ( 'NONE', ( #815, #2570 ) ) ;
#195 = APPLICATION_PROTOCOL_DEFINITION ( 'draft international standard', 'automotive_design', 1998, #1179 ) ;
#196 = ORIENTED_EDGE ( 'NONE', *, *, #1641, .T. ) ;
#197 = DIRECTION ( 'NONE',  ( 0.000000000000000000, -1.000000000000000000, 0.000000000000000000 ) ) ;
#198 = PLANE ( 'NONE',  #275 ) ;
#199 = VERTEX_POINT ( 'NONE', #2582 ) ;
#200 = LINE ( 'NONE', #1132, #2111 ) ;
#201 = B_SPLINE_CURVE_WITH_KNOTS ( 'NONE', 3,
 ( #1878, #934, #2799, #2561, #2514, #965 ),
 .UNSPECIFIED., .F., .F.,
 ( 4, 2, 4 ),
 ( 2.135831020297039766E-07, 0.001736580119992276036, 0.003472946656882522094 ),
 .UNSPECIFIED. ) ;
#202 = ORIENTED_EDGE ( 'NONE', *, *, #222, .T. ) ;
#203 = FACE_OUTER_BOUND ( 'NONE', #2975, .T. ) ;
#204 = ADVANCED_FACE ( 'NONE', ( #1402 ), #242, .F. ) ;
#205 = CARTESIAN_POINT ( 'NONE',  ( 35.74923707503113945, 68.82629589856057351, 2.877144115740642771 ) ) ;
#206 = FACE_OUTER_BOUND ( 'NONE', #41, .T. ) ;
#207 = ADVANCED_FACE ( 'NONE', ( #1656 ), #182, .T. ) ;
#208 = ORIENTED_EDGE ( 'NONE', *, *, #1156, .F. ) ;
#209 = EDGE_LOOP ( 'NONE', ( #1376, #245, #642 ) ) ;
#210 = DIRECTION ( 'NONE',  ( -1.000000000000000000, 0.000000000000000000, 0.000000000000000000 ) ) ;
#211 = CARTESIAN_POINT ( 'NONE',  ( 0.000000000000000000, 0.000000000000000000, 0.000000000000000000 ) ) ;
#212 = ORIENTED_EDGE ( 'NONE', *, *, #217, .F. ) ;
#213 = CARTESIAN_POINT ( 'NONE',  ( 31.61068691589116142, 12.88160198061982520, 7.500000000000000000 ) ) ;
#214 = CARTESIAN_POINT ( 'NONE',  ( 0.000000000000000000, 72.65457492509398207, 0.000000000000000000 ) ) ;
#215 = AXIS2_PLACEMENT_3D ( 'NONE', #991, #2840, #1963 ) ;
#216 = ORIENTED_EDGE ( 'NONE', *, *, #355, .F. ) ;
#217 = EDGE_CURVE ( 'NONE', #1278, #2049, #1542, .T. ) ;
#218 = DIRECTION ( 'NONE',  ( -1.000000000000000000, 0.000000000000000000, 0.000000000000000000 ) ) ;
#219 = CARTESIAN_POINT ( 'NONE',  ( 62.86116858143081743, 36.26989466922420746, -7.500000000000000000 ) ) ;
#220 = CARTESIAN_POINT ( 'NONE',  ( 0.000000000000000000, 0.000000000000000000, 0.000000000000000000 ) ) ;
#221 = ORIENTED_EDGE ( 'NONE', *, *, #1062, .T. ) ;
#222 = EDGE_CURVE ( 'NONE', #1564, #1974, #822, .T. ) ;
#223 = DIRECTION ( 'NONE',  ( -0.000000000000000000, -1.000000000000000000, -0.000000000000000000 ) ) ;
#224 = AXIS2_PLACEMENT_3D ( 'NONE', #2741, #1408, #1861 ) ;
#225 = AXIS2_PLACEMENT_3D ( 'NONE', #655, #2710, #1317 ) ;
#226 = AXIS2_PLACEMENT_3D ( 'NONE', #2403, #2821, #747 ) ;
#227 = AXIS2_PLACEMENT_3D ( 'NONE', #1454, #2389, #1436 ) ;
#228 = EDGE_CURVE ( 'NONE', #848, #2526, #575, .T. ) ;
#229 = DIRECTION ( 'NONE',  ( -0.000000000000000000, 1.000000000000000000, -0.000000000000000000 ) ) ;
#230 = DIRECTION ( 'NONE',  ( 0.000000000000000000, 0.000000000000000000, 1.000000000000000000 ) ) ;
#231 = VECTOR ( 'NONE', #805, 1000.000000000000000 ) ;
#232 = AXIS2_PLACEMENT_3D ( 'NONE', #2066, #2802, #1657 ) ;
#233 = AXIS2_PLACEMENT_3D ( 'NONE', #1946, #601, #1055 ) ;
#234 = AXIS2_PLACEMENT_3D ( 'NONE', #2848, #823, #1510 ) ;
#235 = ORIENTED_EDGE ( 'NONE', *, *, #10, .T. ) ;
#236 = CARTESIAN_POINT ( 'NONE',  ( 44.26154391693660273, 18.65343172185963283, 7.500000000000000000 ) ) ;
#237 = DIRECTION ( 'NONE',  ( 0.000000000000000000, 0.000000000000000000, -1.000000000000000000 ) ) ;
#238 = ORIENTED_EDGE ( 'NONE', *, *, #1275, .T. ) ;
#239 = CARTESIAN_POINT ( 'NONE',  ( -2.500000000000006661, 1.500000000000001332, -7.599342076785342570 ) ) ;
#240 = DIRECTION ( 'NONE',  ( 0.000000000000000000, 0.000000000000000000, -1.000000000000000000 ) ) ;
#241 = EDGE_CURVE ( 'NONE', #809, #2091, #955, .T. ) ;
#242 = PLANE ( 'NONE',  #1688 ) ;
#243 = LINE ( 'NONE', #738, #956 ) ;
#244 = EDGE_CURVE ( 'NONE', #1236, #1271, #2626, .T. ) ;
#245 = ORIENTED_EDGE ( 'NONE', *, *, #971, .F. ) ;
#246 = APPLICATION_CONTEXT ( 'automotive_design' ) ;
#247 = DIRECTION ( 'NONE',  ( 1.000000000000000000, 0.000000000000000000, -1.224646799147353207E-16 ) ) ;
#248 = CARTESIAN_POINT ( 'NONE',  ( -27.00000000000000711, 1.000000000000000222, 0.000000000000000000 ) ) ;
#249 = ORIENTED_EDGE ( 'NONE', *, *, #2910, .F. ) ;
#250 = CARTESIAN_POINT ( 'NONE',  ( 4.531193156845206793E-15, 0.000000000000000000, 37.00000000000000000 ) ) ;
#251 = DIRECTION ( 'NONE',  ( 0.000000000000000000, 0.000000000000000000, -1.000000000000000000 ) ) ;
#252 = DIRECTION ( 'NONE',  ( 0.000000000000000000, -1.000000000000000000, 0.000000000000000000 ) ) ;
#253 = CARTESIAN_POINT ( 'NONE',  ( 52.40697558676630763, 73.50000000000001421, 7.500000000000000000 ) ) ;
#254 = EDGE_CURVE ( 'NONE', #1957, #1154, #2890, .T. ) ;
#255 = ORIENTED_EDGE ( 'NONE', *, *, #708, .T. ) ;
#256 = CIRCLE ( 'NONE', #612, 7.500000000000021316 ) ;
#257 = ADVANCED_FACE ( 'NONE', ( #1520 ), #566, .T. ) ;
#258 = DIRECTION ( 'NONE',  ( -0.000000000000000000, -1.000000000000000000, -0.000000000000000000 ) ) ;
#259 = ADVANCED_FACE ( 'NONE', ( #536 ), #2846, .T. ) ;
#260 = AXIS2_PLACEMENT_3D ( 'NONE', #294, #1226, #69 ) ;
#261 = DIRECTION ( 'NONE',  ( 0.000000000000000000, -1.000000000000000000, 0.000000000000000000 ) ) ;
#262 = ORIENTED_EDGE ( 'NONE', *, *, #1988, .T. ) ;
#263 = DIRECTION ( 'NONE',  ( 0.000000000000000000, -1.000000000000000000, 0.000000000000000000 ) ) ;
#264 = CARTESIAN_POINT ( 'NONE',  ( 35.22294117647059153, 68.30000000000001137, 4.137119247808319855 ) ) ;
#265 = VERTEX_POINT ( 'NONE', #2381 ) ;
#266 = CARTESIAN_POINT ( 'NONE',  ( 35.23816895397518323, 68.49913247505996594, 5.281045325429300163 ) ) ;
#267 = CARTESIAN_POINT ( 'NONE',  ( 5.265625000000015099, 1.500000000000001332, 5.340710941379915866 ) ) ;
#268 = AXIS2_PLACEMENT_3D ( 'NONE', #1552, #635, #174 ) ;
#269 = ORIENTED_EDGE ( 'NONE', *, *, #589, .T. ) ;
#270 = CIRCLE ( 'NONE', #36, 32.50000000000000000 ) ;
#271 = AXIS2_PLACEMENT_3D ( 'NONE', #379, #162, #649 ) ;
#272 = AXIS2_PLACEMENT_3D ( 'NONE', #350, #1266, #1718 ) ;
#273 = EDGE_LOOP ( 'NONE', ( #2168, #854, #2849, #1941 ) ) ;
#274 = DIRECTION ( 'NONE',  ( 1.000000000000000000, 0.000000000000000000, -1.224646799147353207E-16 ) ) ;
#275 = AXIS2_PLACEMENT_3D ( 'NONE', #1556, #835, #2470 ) ;
#276 = ADVANCED_FACE ( 'NONE', ( #299 ), #1594, .T. ) ;
#277 = AXIS2_PLACEMENT_3D ( 'NONE', #1049, #1954, #1469 ) ;
#278 = AXIS2_PLACEMENT_3D ( 'NONE', #770, #2608, #72 ) ;
#279 = CARTESIAN_POINT ( 'NONE',  ( 0.000000000000000000, 2.000000000000001776, 0.000000000000000000 ) ) ;
#280 = ORIENTED_EDGE ( 'NONE', *, *, #1873, .F. ) ;
#281 = EDGE_CURVE ( 'NONE', #756, #774, #2071, .T. ) ;
#282 = ORIENTED_EDGE ( 'NONE', *, *, #2190, .F. ) ;
#283 = FACE_OUTER_BOUND ( 'NONE', #1859, .T. ) ;
#284 = CARTESIAN_POINT ( 'NONE',  ( 0.000000000000000000, 0.5000000000000004441, 0.000000000000000000 ) ) ;
#285 = ORIENTED_EDGE ( 'NONE', *, *, #1175, .T. ) ;
#286 = DIRECTION ( 'NONE',  ( 0.9970888859659945425, -0.07624797363269396333, 0.000000000000000000 ) ) ;
#287 = CARTESIAN_POINT ( 'NONE',  ( 0.000000000000000000, 47.15457492509396786, -28.28440482569416403 ) ) ;
#288 = ORIENTED_EDGE ( 'NONE', *, *, #2464, .F. ) ;
#289 = ORIENTED_EDGE ( 'NONE', *, *, #1270, .F. ) ;
#290 = ADVANCED_FACE ( 'NONE', ( #1066 ), #2113, .T. ) ;
#291 = LINE ( 'NONE', #2590, #2693 ) ;
#292 = ORIENTED_EDGE ( 'NONE', *, *, #2469, .T. ) ;
#293 = EDGE_CURVE ( 'NONE', #658, #1468, #1837, .T. ) ;
#294 = CARTESIAN_POINT ( 'NONE',  ( 2.500000000000004885, 0.5000000000000004441, -15.00000000000001954 ) ) ;
#295 = LINE ( 'NONE', #2377, #32 ) ;
#296 = EDGE_CURVE ( 'NONE', #907, #1564, #2313, .T. ) ;
#297 = CARTESIAN_POINT ( 'NONE',  ( 32.10855978409720279, 15.39704943783704394, -2.531332098778404482 ) ) ;
#298 = ORIENTED_EDGE ( 'NONE', *, *, #2663, .F. ) ;
#299 = FACE_OUTER_BOUND ( 'NONE', #1191, .T. ) ;
#300 = CARTESIAN_POINT ( 'NONE',  ( 8.572527594031471957E-17, 1.299999999999995604, 0.6999999999999999556 ) ) ;
#301 = ORIENTED_EDGE ( 'NONE', *, *, #2407, .T. ) ;
#302 = UNCERTAINTY_MEASURE_WITH_UNIT (LENGTH_MEASURE( 1.000000000000000082E-05 ), #2219, 'distance_accuracy_value', 'NONE');
#303 = ORIENTED_EDGE ( 'NONE', *, *, #1927, .T. ) ;
#304 = CARTESIAN_POINT ( 'NONE',  ( 35.81176470588235361, 76.00000000000001421, 5.017054978964071488 ) ) ;
#305 = CARTESIAN_POINT ( 'NONE',  ( 4.469960816887840007E-15, 85.50000000000000000, 36.50000000000000711 ) ) ;
#306 = EDGE_LOOP ( 'NONE', ( #2492, #2133, #109, #2275 ) ) ;
#307 = AXIS2_PLACEMENT_3D ( 'NONE', #2487, #2010, #2026 ) ;
#308 = DIRECTION ( 'NONE',  ( -0.000000000000000000, -0.000000000000000000, -1.000000000000000000 ) ) ;
#309 = DIRECTION ( 'NONE',  ( -0.000000000000000000, -1.000000000000000000, -0.000000000000000000 ) ) ;
#310 = EDGE_LOOP ( 'NONE', ( #2643, #1040 ) ) ;
#311 = ADVANCED_FACE ( 'NONE', ( #119 ), #2826, .T. ) ;
#312 = PRODUCT_DEFINITION_SHAPE ( 'NONE', 'NONE',  #2993 ) ;
#313 = CARTESIAN_POINT ( 'NONE',  ( 0.000000000000000000, 81.15457492509399628, 0.000000000000000000 ) ) ;
#314 = CARTESIAN_POINT ( 'NONE',  ( 0.000000000000000000, 0.000000000000000000, 0.000000000000000000 ) ) ;
#315 = DIRECTION ( 'NONE',  ( 0.000000000000000000, 1.000000000000000000, 0.000000000000000000 ) ) ;
#316 = ORIENTED_EDGE ( 'NONE', *, *, #1478, .F. ) ;
#317 = EDGE_CURVE ( 'NONE', #2406, #2234, #772, .T. ) ;
#318 = EDGE_LOOP ( 'NONE', ( #2431, #1785, #2950, #78, #1607, #2396, #1668, #1507 ) ) ;
#319 = CIRCLE ( 'NONE', #224, 9.999999999999994671 ) ;
#320 = ORIENTED_EDGE ( 'NONE', *, *, #726, .T. ) ;
#321 = VERTEX_POINT ( 'NONE', #2610 ) ;
#322 = CIRCLE ( 'NONE', #425, 8.000000000000000000 ) ;
#323 = DIRECTION ( 'NONE',  ( -1.000000000000000000, 0.000000000000000000, 0.000000000000000000 ) ) ;
#324 = CIRCLE ( 'NONE', #620, 33.00000000000000711 ) ;
#325 = DIRECTION ( 'NONE',  ( -0.000000000000000000, -1.000000000000000000, -0.000000000000000000 ) ) ;
#326 = VECTOR ( 'NONE', #1871, 1000.000000000000000 ) ;
#327 = AXIS2_PLACEMENT_3D ( 'NONE', #1669, #1411, #476 ) ;
#328 = DIRECTION ( 'NONE',  ( 0.000000000000000000, 0.000000000000000000, -1.000000000000000000 ) ) ;
#329 = VECTOR ( 'NONE', #1796, 1000.000000000000000 ) ;
#330 = ORIENTED_EDGE ( 'NONE', *, *, #2166, .T. ) ;
#331 = PLANE ( 'NONE',  #260 ) ;
#332 = MECHANICAL_DESIGN_GEOMETRIC_PRESENTATION_REPRESENTATION (  '', ( #2456 ), #2842 ) ;
#333 = DIRECTION ( 'NONE',  ( 0.000000000000000000, 0.5735764363510462704, 0.8191520442889916875 ) ) ;
#334 = DIRECTION ( 'NONE',  ( 0.000000000000000000, 0.000000000000000000, -1.000000000000000000 ) ) ;
#335 = ORIENTED_EDGE ( 'NONE', *, *, #1452, .F. ) ;
#336 = DIRECTION ( 'NONE',  ( 0.000000000000000000, 1.000000000000000000, 0.000000000000000000 ) ) ;
#337 = CARTESIAN_POINT ( 'NONE',  ( 37.49400898833601303, 70.57106781186544708, -7.500000000000000000 ) ) ;
#338 =( LENGTH_UNIT ( ) NAMED_UNIT ( * ) SI_UNIT ( .MILLI., .METRE. ) );
#339 = VERTEX_POINT ( 'NONE', #550 ) ;
#340 = EDGE_CURVE ( 'NONE', #923, #118, #817, .T. ) ;
#341 = LINE ( 'NONE', #2654, #2675 ) ;
#342 = LINE ( 'NONE', #2201, #1642 ) ;
#343 = DIRECTION ( 'NONE',  ( -1.000000000000000000, 0.000000000000000000, 0.000000000000000000 ) ) ;
#344 = VERTEX_POINT ( 'NONE', #1762 ) ;
#345 = ORIENTED_EDGE ( 'NONE', *, *, #1039, .F. ) ;
#346 = DIRECTION ( 'NONE',  ( 0.000000000000000000, 1.000000000000000000, 0.000000000000000000 ) ) ;
#347 = DIRECTION ( 'NONE',  ( 1.003171929053524623E-16, 0.5735764363510462704, -0.8191520442889916875 ) ) ;
#348 = CARTESIAN_POINT ( 'NONE',  ( 0.000000000000000000, 0.000000000000000000, 0.000000000000000000 ) ) ;
#349 = EDGE_LOOP ( 'NONE', ( #1322, #2614, #777, #2485 ) ) ;
#350 = CARTESIAN_POINT ( 'NONE',  ( 0.000000000000000000, 30.15457492509397852, 0.000000000000000000 ) ) ;
#351 = DIRECTION ( 'NONE',  ( 1.110223024625153212E-16, 0.000000000000000000, -1.000000000000000000 ) ) ;
#352 = DIRECTION ( 'NONE',  ( 0.07624797363269367190, 0.9970888859659945425, 9.337683685075008625E-18 ) ) ;
#353 = EDGE_LOOP ( 'NONE', ( #285, #749, #1138, #1989 ) ) ;
#354 = CARTESIAN_POINT ( 'NONE',  ( 0.000000000000000000, 3.000000000000002665, 18.92814800674211284 ) ) ;
#355 = EDGE_CURVE ( 'NONE', #1707, #848, #2411, .T. ) ;
#356 = FACE_OUTER_BOUND ( 'NONE', #2065, .T. ) ;
#357 = ORIENTED_EDGE ( 'NONE', *, *, #1039, .T. ) ;
#358 = SURFACE_STYLE_USAGE ( .BOTH. , #1041 ) ;
#359 = EDGE_CURVE ( 'NONE', #1683, #782, #833, .T. ) ;
#360 = DIRECTION ( 'NONE',  ( 0.000000000000000000, 0.000000000000000000, -1.000000000000000000 ) ) ;
#361 = COLOUR_RGB ( '',0.5019607843137254832, 1.000000000000000000, 0.5019607843137254832 ) ;
#362 = LINE ( 'NONE', #832, #475 ) ;
#363 = DIRECTION ( 'NONE',  ( 0.07624797363269393558, 0.9970888859659945425, -0.000000000000000000 ) ) ;
#364 = CARTESIAN_POINT ( 'NONE',  ( 31.89395145899767670, 12.75135485941242486, -6.266547259856762864 ) ) ;
#365 =( GEOMETRIC_REPRESENTATION_CONTEXT ( 3 ) GLOBAL_UNCERTAINTY_ASSIGNED_CONTEXT ( ( #2005 ) ) GLOBAL_UNIT_ASSIGNED_CONTEXT ( ( #436, #2941, #2036 ) ) REPRESENTATION_CONTEXT ( 'NONE', 'WORKASPACE' ) );
#366 = AXIS2_PLACEMENT_3D ( 'NONE', #1293, #1517, #2375 ) ;
#367 = DIRECTION ( 'NONE',  ( 0.000000000000000000, -1.000000000000000000, 0.000000000000000000 ) ) ;
#368 = ORIENTED_EDGE ( 'NONE', *, *, #2707, .T. ) ;
#369 = FILL_AREA_STYLE_COLOUR ( '', #509 ) ;
#370 = DIRECTION ( 'NONE',  ( 0.000000000000000000, -1.000000000000000000, 0.000000000000000000 ) ) ;
#371 = ADVANCED_FACE ( 'NONE', ( #1769 ), #2221, .F. ) ;
#372 = ORIENTED_EDGE ( 'NONE', *, *, #801, .T. ) ;
#373 = DIRECTION ( 'NONE',  ( 1.000000000000000000, 0.000000000000000000, 0.000000000000000000 ) ) ;
#374 = AXIS2_PLACEMENT_3D ( 'NONE', #2508, #1847, #440 ) ;
#375 = VECTOR ( 'NONE', #1751, 1000.000000000000000 ) ;
#376 = AXIS2_PLACEMENT_3D ( 'NONE', #1182, #1418, #1395 ) ;
#377 = DIRECTION ( 'NONE',  ( 0.000000000000000000, 0.000000000000000000, -1.000000000000000000 ) ) ;
#378 = TOROIDAL_SURFACE ( 'NONE', #1644, 30.23440482569416687, 6.806041666666680534 ) ;
#379 = CARTESIAN_POINT ( 'NONE',  ( 0.000000000000000000, -29.69715421864641769, 0.000000000000000000 ) ) ;
#380 = EDGE_CURVE ( 'NONE', #265, #1512, #2853, .T. ) ;
#381 = AXIS2_PLACEMENT_3D ( 'NONE', #2647, #1752, #1488 ) ;
#382 = AXIS2_PLACEMENT_3D ( 'NONE', #688, #7, #1419 ) ;
#383 = DIRECTION ( 'NONE',  ( 0.000000000000000000, -1.000000000000000000, 0.000000000000000000 ) ) ;
#384 = AXIS2_PLACEMENT_3D ( 'NONE', #1172, #1161, #2087 ) ;
#385 = CARTESIAN_POINT ( 'NONE',  ( 36.25592348039634061, 73.20165802092758156, 7.500000000000000888 ) ) ;
#386 = CARTESIAN_POINT ( 'NONE',  ( 0.000000000000000000, 0.000000000000000000, 0.000000000000000000 ) ) ;
#387 = DIRECTION ( 'NONE',  ( 0.000000000000000000, -1.000000000000000000, 0.000000000000000000 ) ) ;
#388 = FILL_AREA_STYLE ('',( #2501 ) ) ;
#389 = EDGE_LOOP ( 'NONE', ( #1921, #2559, #733, #2580 ) ) ;
#390 = CARTESIAN_POINT ( 'NONE',  ( 44.26154391693660273, 18.65343172185963283, 7.500000000000000000 ) ) ;
#391 = ORIENTED_EDGE ( 'NONE', *, *, #692, .F. ) ;
#392 = FACE_OUTER_BOUND ( 'NONE', #2473, .T. ) ;
#393 = FACE_BOUND ( 'NONE', #1356, .T. ) ;
#394 = EDGE_CURVE ( 'NONE', #2193, #1089, #527, .T. ) ;
#395 = CARTESIAN_POINT ( 'NONE',  ( 31.29615550032746540, 15.17936636607335288, 7.500000000000000000 ) ) ;
#396 = FACE_OUTER_BOUND ( 'NONE', #469, .T. ) ;
#397 = ORIENTED_EDGE ( 'NONE', *, *, #1127, .F. ) ;
#398 = DIRECTION ( 'NONE',  ( 0.000000000000000000, -1.000000000000000000, 0.000000000000000000 ) ) ;
#399 = ORIENTED_EDGE ( 'NONE', *, *, #2148, .T. ) ;
#400 = ORIENTED_EDGE ( 'NONE', *, *, #2852, .T. ) ;
#401 = ORIENTED_EDGE ( 'NONE', *, *, #589, .F. ) ;
#402 = DIRECTION ( 'NONE',  ( 0.000000000000000000, 0.000000000000000000, 1.000000000000000000 ) ) ;
#403 = EDGE_CURVE ( 'NONE', #793, #1810, #795, .T. ) ;
#404 = DIRECTION ( 'NONE',  ( -0.000000000000000000, -1.000000000000000000, -0.000000000000000000 ) ) ;
#405 = CYLINDRICAL_SURFACE ( 'NONE', #2357, 36.50000000000000711 ) ;
#406 = VERTEX_POINT ( 'NONE', #555 ) ;
#407 = CARTESIAN_POINT ( 'NONE',  ( 30.95588235294118107, 12.50000000000000000, -7.500000000000000000 ) ) ;
#408 = CARTESIAN_POINT ( 'NONE',  ( 36.20254798532594265, 73.72314078950839189, 7.500000000000000000 ) ) ;
#409 =( GEOMETRIC_REPRESENTATION_CONTEXT ( 3 ) GLOBAL_UNCERTAINTY_ASSIGNED_CONTEXT ( ( #1190 ) ) GLOBAL_UNIT_ASSIGNED_CONTEXT ( ( #1745, #1498, #778 ) ) REPRESENTATION_CONTEXT ( 'NONE', 'WORKASPACE' ) );
#410 = ADVANCED_FACE ( 'NONE', ( #2899 ), #1515, .T. ) ;
#411 = ORIENTED_EDGE ( 'NONE', *, *, #757, .T. ) ;
#412 = LINE ( 'NONE', #1085, #479 ) ;
#413 = CONICAL_SURFACE ( 'NONE', #1187, 17.65764939443949189, 0.9599310885968810325 ) ;
#414 = EDGE_CURVE ( 'NONE', #2832, #793, #1160, .T. ) ;
#415 = AXIS2_PLACEMENT_3D ( 'NONE', #173, #2959, #884 ) ;
#416 = ORIENTED_EDGE ( 'NONE', *, *, #2469, .F. ) ;
#417 = ORIENTED_EDGE ( 'NONE', *, *, #1892, .T. ) ;
#418 = EDGE_LOOP ( 'NONE', ( #2082, #1559, #196, #1417 ) ) ;
#419 = DIRECTION ( 'NONE',  ( -1.000000000000000000, 0.000000000000000000, 0.000000000000000000 ) ) ;
#420 = CARTESIAN_POINT ( 'NONE',  ( -2.500000000000003997, 1.500000000000001332, 7.599342076785342570 ) ) ;
#421 = DIRECTION ( 'NONE',  ( 0.7071067811865453523, 0.7071067811865496822, 0.000000000000000000 ) ) ;
#422 = VECTOR ( 'NONE', #1790, 1000.000000000000000 ) ;
#423 = ORIENTED_EDGE ( 'NONE', *, *, #586, .T. ) ;
#424 =( NAMED_UNIT ( * ) PLANE_ANGLE_UNIT ( ) SI_UNIT ( $, .RADIAN. ) );
#425 = AXIS2_PLACEMENT_3D ( 'NONE', #1301, #383, #1067 ) ;
#426 = VERTEX_POINT ( 'NONE', #780 ) ;
#427 = VECTOR ( 'NONE', #859, 1000.000000000000000 ) ;
#428 = DIRECTION ( 'NONE',  ( -1.224646799147353454E-16, 0.000000000000000000, -1.000000000000000000 ) ) ;
#429 = AXIS2_PLACEMENT_3D ( 'NONE', #1932, #2854, #328 ) ;
#430 = CARTESIAN_POINT ( 'NONE',  ( 8.572527594031471957E-17, 0.5000000000000004441, 0.6999999999999999556 ) ) ;
#431 = CIRCLE ( 'NONE', #1111, 6.806041666666678758 ) ;
#432 = EDGE_LOOP ( 'NONE', ( #2103, #2123, #399, #977, #282, #255, #2384, #1472 ) ) ;
#433 = CARTESIAN_POINT ( 'NONE',  ( 2.500000000000004885, 0.5000000000000004441, -15.00000000000001954 ) ) ;
#434 = AXIS2_PLACEMENT_3D ( 'NONE', #753, #2132, #63 ) ;
#435 = ADVANCED_FACE ( 'NONE', ( #1747 ), #1259, .T. ) ;
#436 =( LENGTH_UNIT ( ) NAMED_UNIT ( * ) SI_UNIT ( .MILLI., .METRE. ) );
#437 = ORIENTED_EDGE ( 'NONE', *, *, #763, .T. ) ;
#438 = ADVANCED_FACE ( 'NONE', ( #142 ), #2418, .F. ) ;
#439 = FACE_OUTER_BOUND ( 'NONE', #1237, .T. ) ;
#440 = DIRECTION ( 'NONE',  ( 0.000000000000000000, 0.000000000000000000, -1.000000000000000000 ) ) ;
#441 = CARTESIAN_POINT ( 'NONE',  ( 0.000000000000000000, 51.00000000000000711, -33.89999999999999147 ) ) ;
#442 = ORIENTED_EDGE ( 'NONE', *, *, #2482, .F. ) ;
#443 = CARTESIAN_POINT ( 'NONE',  ( -1.422700023317635810E-15, 85.50000000000000000, 4.009988219590996950E-17 ) ) ;
#444 = EDGE_LOOP ( 'NONE', ( #1216, #570, #345, #1795 ) ) ;
#445 = DIRECTION ( 'NONE',  ( -0.000000000000000000, -0.000000000000000000, -1.000000000000000000 ) ) ;
#446 = DIRECTION ( 'NONE',  ( 0.000000000000000000, 1.000000000000000000, 0.000000000000000000 ) ) ;
#447 = CARTESIAN_POINT ( 'NONE',  ( 0.000000000000000000, 55.65457492509398207, 0.000000000000000000 ) ) ;
#448 = CARTESIAN_POINT ( 'NONE',  ( 2.318029587024407983E-15, 3.000000000000002665, -18.92814800674211284 ) ) ;
#449 = ORIENTED_EDGE ( 'NONE', *, *, #1931, .T. ) ;
#450 = ORIENTED_EDGE ( 'NONE', *, *, #2283, .F. ) ;
#451 = PLANE ( 'NONE',  #1902 ) ;
#452 = EDGE_CURVE ( 'NONE', #125, #632, #2457, .T. ) ;
#453 = PLANE ( 'NONE',  #1639 ) ;
#454 = FACE_OUTER_BOUND ( 'NONE', #825, .T. ) ;
#455 = VERTEX_POINT ( 'NONE', #2655 ) ;
#456 = EDGE_CURVE ( 'NONE', #26, #2832, #627, .T. ) ;
#457 = EDGE_CURVE ( 'NONE', #1883, #1974, #2171, .T. ) ;
#458 = LINE ( 'NONE', #933, #2830 ) ;
#459 = DIRECTION ( 'NONE',  ( -0.000000000000000000, -0.000000000000000000, -1.000000000000000000 ) ) ;
#460 = CARTESIAN_POINT ( 'NONE',  ( 0.000000000000000000, 0.000000000000000000, -27.00000000000000000 ) ) ;
#461 = DIRECTION ( 'NONE',  ( 0.000000000000000000, -1.000000000000000000, 0.000000000000000000 ) ) ;
#462 = AXIS2_PLACEMENT_3D ( 'NONE', #960, #2764, #694 ) ;
#463 = AXIS2_PLACEMENT_3D ( 'NONE', #1038, #112, #1277 ) ;
#464 = ORIENTED_EDGE ( 'NONE', *, *, #191, .F. ) ;
#465 = APPLICATION_CONTEXT ( 'automotive_design' ) ;
#466 = DIRECTION ( 'NONE',  ( -0.000000000000000000, -0.000000000000000000, -1.000000000000000000 ) ) ;
#467 = ADVANCED_FACE ( 'NONE', ( #356 ), #123, .F. ) ;
#468 = CARTESIAN_POINT ( 'NONE',  ( 0.000000000000000000, 85.00000000000000000, 0.000000000000000000 ) ) ;
#469 = EDGE_LOOP ( 'NONE', ( #2232, #1341, #99, #2521, #2922, #553, #2958, #512, #2567, #2927, #1742, #416, #298, #828, #1916, #1701, #113, #1962 ) ) ;
#470 = DIRECTION ( 'NONE',  ( 0.000000000000000000, -1.000000000000000000, 0.000000000000000000 ) ) ;
#471 = EDGE_CURVE ( 'NONE', #774, #1787, #1786, .T. ) ;
#472 = DIRECTION ( 'NONE',  ( 1.110223024625153212E-16, 0.000000000000000000, -1.000000000000000000 ) ) ;
#473 = VECTOR ( 'NONE', #834, 1000.000000000000227 ) ;
#474 = CIRCLE ( 'NONE', #810, 7.500000000000000000 ) ;
#475 = VECTOR ( 'NONE', #721, 1000.000000000000000 ) ;
#476 = DIRECTION ( 'NONE',  ( 0.000000000000000000, 0.000000000000000000, -1.000000000000000000 ) ) ;
#477 = CARTESIAN_POINT ( 'NONE',  ( 0.000000000000000000, 85.50000000000000000, 0.000000000000000000 ) ) ;
#478 = VECTOR ( 'NONE', #1386, 1000.000000000000000 ) ;
#479 = VECTOR ( 'NONE', #2279, 1000.000000000000000 ) ;
#480 = CIRCLE ( 'NONE', #1255, 11.50000000000000355 ) ;
#481 = AXIS2_PLACEMENT_3D ( 'NONE', #2239, #164, #1987 ) ;
#482 = VERTEX_POINT ( 'NONE', #157 ) ;
#483 = CIRCLE ( 'NONE', #1399, 6.806041666666678758 ) ;
#484 = DIRECTION ( 'NONE',  ( 0.000000000000000000, 1.000000000000000000, 0.000000000000000000 ) ) ;
#485 = CARTESIAN_POINT ( 'NONE',  ( 35.85501803402507193, 74.99427208277278112, -7.499999999999999112 ) ) ;
#486 = EDGE_LOOP ( 'NONE', ( #450, #1901, #238, #1475 ) ) ;
#487 = CARTESIAN_POINT ( 'NONE',  ( 3.952547544248081798E-15, 25.50000000000000355, 31.94999999999999929 ) ) ;
#488 = FACE_OUTER_BOUND ( 'NONE', #2439, .T. ) ;
#489 = EDGE_CURVE ( 'NONE', #1978, #2483, #480, .T. ) ;
#490 = CARTESIAN_POINT ( 'NONE',  ( 44.26154391693660273, 18.65343172185963283, -7.500000000000000000 ) ) ;
#491 = DIRECTION ( 'NONE',  ( -1.000000000000000000, -0.000000000000000000, -0.000000000000000000 ) ) ;
#492 = ORIENTED_EDGE ( 'NONE', *, *, #503, .T. ) ;
#493 = EDGE_LOOP ( 'NONE', ( #1548, #2339, #554, #140 ) ) ;
#494 = DIRECTION ( 'NONE',  ( 0.000000000000000000, -1.000000000000000000, 0.000000000000000000 ) ) ;
#495 = ORIENTED_EDGE ( 'NONE', *, *, #1965, .F. ) ;
#496 = ADVANCED_BREP_SHAPE_REPRESENTATION ( '', ( #563, #2097 ), #409 ) ;
#497 = DIRECTION ( 'NONE',  ( -7.373988615207289619E-20, 1.000000000000000000, 0.000000000000000000 ) ) ;
#498 = EDGE_LOOP ( 'NONE', ( #729, #1602, #870, #1717 ) ) ;
#499 = CYLINDRICAL_SURFACE ( 'NONE', #1153, 7.500000000000021316 ) ;
#500 = CARTESIAN_POINT ( 'NONE',  ( 8.326672684688649401E-16, 1.500000000000001332, -7.500000000000000000 ) ) ;
#501 = EDGE_LOOP ( 'NONE', ( #2862, #531, #1798, #2512 ) ) ;
#502 = FACE_OUTER_BOUND ( 'NONE', #209, .T. ) ;
#503 = EDGE_CURVE ( 'NONE', #1867, #665, #342, .T. ) ;
#504 = ORIENTED_EDGE ( 'NONE', *, *, #1046, .T. ) ;
#505 = CIRCLE ( 'NONE', #1382, 7.500000000000021316 ) ;
#506 = EDGE_CURVE ( 'NONE', #1455, #1855, #483, .T. ) ;
#507 = EDGE_LOOP ( 'NONE', ( #442, #750 ) ) ;
#508 = DIRECTION ( 'NONE',  ( 0.000000000000000000, 0.000000000000000000, -1.000000000000000000 ) ) ;
#509 = COLOUR_RGB ( '',1.000000000000000000, 1.000000000000000000, 1.000000000000000000 ) ;
#510 = VECTOR ( 'NONE', #1713, 1000.000000000000114 ) ;
#511 = DIRECTION ( 'NONE',  ( 0.000000000000000000, 0.000000000000000000, 1.000000000000000000 ) ) ;
#512 = ORIENTED_EDGE ( 'NONE', *, *, #148, .T. ) ;
#513 = DIRECTION ( 'NONE',  ( -0.000000000000000000, -1.000000000000000000, -0.000000000000000000 ) ) ;
#514 = DIRECTION ( 'NONE',  ( 0.000000000000000000, 0.000000000000000000, -1.000000000000000000 ) ) ;
#515 = ORIENTED_EDGE ( 'NONE', *, *, #858, .F. ) ;
#516 = DIRECTION ( 'NONE',  ( 0.000000000000000000, 0.000000000000000000, -1.000000000000000000 ) ) ;
#517 = FACE_OUTER_BOUND ( 'NONE', #1446, .T. ) ;
#518 = AXIS2_PLACEMENT_3D ( 'NONE', #1078, #2705, #129 ) ;
#519 = CIRCLE ( 'NONE', #713, 6.806041666666665435 ) ;
#520 = ORIENTED_EDGE ( 'NONE', *, *, #1270, .T. ) ;
#521 = AXIS2_PLACEMENT_3D ( 'NONE', #168, #1570, #1375 ) ;
#522 = VECTOR ( 'NONE', #1848, 1000.000000000000000 ) ;
#523 = AXIS2_PLACEMENT_3D ( 'NONE', #2801, #1203, #2322 ) ;
#524 = LINE ( 'NONE', #794, #1093 ) ;
#525 = CIRCLE ( 'NONE', #2360, 33.00000000000000711 ) ;
#526 = ADVANCED_FACE ( 'NONE', ( #1930, #790 ), #752, .T. ) ;
#527 = CIRCLE ( 'NONE', #87, 27.00000000000000000 ) ;
#528 = ADVANCED_FACE ( 'NONE', ( #1489 ), #2164, .F. ) ;
#529 = AXIS2_PLACEMENT_3D ( 'NONE', #1397, #43, #251 ) ;
#530 = LINE ( 'NONE', #765, #1919 ) ;
#531 = ORIENTED_EDGE ( 'NONE', *, *, #2986, .T. ) ;
#532 = FACE_BOUND ( 'NONE', #2149, .T. ) ;
#533 = CARTESIAN_POINT ( 'NONE',  ( 0.000000000000000000, 67.99999999999998579, 0.000000000000000000 ) ) ;
#534 = CARTESIAN_POINT ( 'NONE',  ( 2.500000000000007105, 0.5000000000000004441, 7.071067811865486163 ) ) ;
#535 = ORIENTED_EDGE ( 'NONE', *, *, #1448, .F. ) ;
#536 = FACE_OUTER_BOUND ( 'NONE', #2762, .T. ) ;
#537 = CARTESIAN_POINT ( 'NONE',  ( 37.00000000000000000, 0.000000000000000000, -3.009169851535451557E-33 ) ) ;
#538 = ORIENTED_EDGE ( 'NONE', *, *, #2430, .F. ) ;
#539 = CARTESIAN_POINT ( 'NONE',  ( 0.000000000000000000, 0.5000000000000004441, -35.40455414586600114 ) ) ;
#540 = VERTEX_POINT ( 'NONE', #2179 ) ;
#541 = VERTEX_POINT ( 'NONE', #2131 ) ;
#542 = ADVANCED_FACE ( 'NONE', ( #1970 ), #1955, .F. ) ;
#543 = CARTESIAN_POINT ( 'NONE',  ( 0.000000000000000000, 0.000000000000000000, 0.000000000000000000 ) ) ;
#544 = ADVANCED_FACE ( 'NONE', ( #2611 ), #2847, .T. ) ;
#545 = VERTEX_POINT ( 'NONE', #1234 ) ;
#546 = DIRECTION ( 'NONE',  ( -0.000000000000000000, -1.000000000000000000, -0.000000000000000000 ) ) ;
#547 = DIRECTION ( 'NONE',  ( -0.000000000000000000, -1.000000000000000000, -0.000000000000000000 ) ) ;
#548 = ADVANCED_FACE ( 'NONE', ( #584 ), #2382, .T. ) ;
#549 = VERTEX_POINT ( 'NONE', #1018 ) ;
#550 = CARTESIAN_POINT ( 'NONE',  ( 5.265625000000014211, 1.500000000000001332, -5.340710941379928300 ) ) ;
#551 = FILL_AREA_STYLE_COLOUR ( '', #1010 ) ;
#552 = LINE ( 'NONE', #1704, #38 ) ;
#553 = ORIENTED_EDGE ( 'NONE', *, *, #1046, .F. ) ;
#554 = ORIENTED_EDGE ( 'NONE', *, *, #1655, .F. ) ;
#555 = CARTESIAN_POINT ( 'NONE',  ( 2.251695467376833483E-15, 1.500000000000001332, -17.65764939443949189 ) ) ;
#556 = DIRECTION ( 'NONE',  ( -1.000000000000000000, 0.000000000000000000, 0.000000000000000000 ) ) ;
#557 = VERTEX_POINT ( 'NONE', #1939 ) ;
#558 = DIRECTION ( 'NONE',  ( -0.000000000000000000, -1.000000000000000000, -0.000000000000000000 ) ) ;
#559 = AXIS2_PLACEMENT_3D ( 'NONE', #2637, #86, #2174 ) ;
#560 = CARTESIAN_POINT ( 'NONE',  ( 0.000000000000000000, 0.000000000000000000, 0.000000000000000000 ) ) ;
#561 = CARTESIAN_POINT ( 'NONE',  ( -2.500000000000007550, 0.5000000000000004441, -7.071067811865485275 ) ) ;
#562 = VERTEX_POINT ( 'NONE', #1509 ) ;
#563 = MANIFOLD_SOLID_BREP ( 'Revolve3', #1109 ) ;
#564 = PRODUCT ( 'Cup', 'Cup', '', ( #1370 ) ) ;
#565 = ADVANCED_FACE ( 'NONE', ( #1687 ), #1703, .F. ) ;
#566 = CYLINDRICAL_SURFACE ( 'NONE', #2644, 0.6999999999999999556 ) ;
#567 = CARTESIAN_POINT ( 'NONE',  ( 37.49400898833601303, 70.57106781186544708, 7.500000000000000000 ) ) ;
#568 =( NAMED_UNIT ( * ) SI_UNIT ( $, .STERADIAN. ) SOLID_ANGLE_UNIT ( ) );
#569 = VERTEX_POINT ( 'NONE', #567 ) ;
#570 = ORIENTED_EDGE ( 'NONE', *, *, #471, .T. ) ;
#571 = LINE ( 'NONE', #354, #654 ) ;
#572 = VECTOR ( 'NONE', #333, 1000.000000000000000 ) ;
#573 = CARTESIAN_POINT ( 'NONE',  ( 50.13789028437120265, 53.50000000000000711, 7.500000000000000000 ) ) ;
#574 = AXIS2_PLACEMENT_3D ( 'NONE', #2623, #2871, #334 ) ;
#575 = CIRCLE ( 'NONE', #2542, 6.806041666666682310 ) ;
#576 = DIRECTION ( 'NONE',  ( 0.000000000000000000, 0.000000000000000000, -1.000000000000000000 ) ) ;
#577 = VERTEX_POINT ( 'NONE', #337 ) ;
#578 = LINE ( 'NONE', #2901, #510 ) ;
#579 = CIRCLE ( 'NONE', #2650, 8.000000000000000000 ) ;
#580 = LINE ( 'NONE', #1263, #2106 ) ;
#581 = CARTESIAN_POINT ( 'NONE',  ( 38.56752492468113047, 39.90379990021911993, 7.500000000000000000 ) ) ;
#582 = VERTEX_POINT ( 'NONE', #1905 ) ;
#583 = DIRECTION ( 'NONE',  ( 1.000000000000000000, 0.000000000000000000, -1.224646799147353207E-16 ) ) ;
#584 = FACE_OUTER_BOUND ( 'NONE', #318, .T. ) ;
#585 = DIRECTION ( 'NONE',  ( 0.000000000000000000, 0.000000000000000000, -1.000000000000000000 ) ) ;
#586 = EDGE_CURVE ( 'NONE', #719, #2662, #1331, .T. ) ;
#587 = ORIENTED_EDGE ( 'NONE', *, *, #98, .T. ) ;
#588 = ORIENTED_EDGE ( 'NONE', *, *, #1136, .T. ) ;
#589 = EDGE_CURVE ( 'NONE', #1577, #2273, #2788, .T. ) ;
#590 = CARTESIAN_POINT ( 'NONE',  ( 0.000000000000000000, 59.50000000000001421, -34.54999999999999716 ) ) ;
#591 = DIRECTION ( 'NONE',  ( 1.110223024625153336E-16, 0.000000000000000000, -1.000000000000000000 ) ) ;
#592 = ORIENTED_EDGE ( 'NONE', *, *, #1215, .T. ) ;
#593 = CARTESIAN_POINT ( 'NONE',  ( 0.000000000000000000, 0.5000000000000004441, -0.6999999999999999556 ) ) ;
#594 = DIRECTION ( 'NONE',  ( 0.000000000000000000, 0.000000000000000000, -1.000000000000000000 ) ) ;
#595 = DIRECTION ( 'NONE',  ( 0.000000000000000000, 0.000000000000000000, -1.000000000000000000 ) ) ;
#596 = CARTESIAN_POINT ( 'NONE',  ( 0.000000000000000000, 3.000000000000002665, 0.000000000000000000 ) ) ;
#597 = DIRECTION ( 'NONE',  ( -0.000000000000000000, -1.000000000000000000, -0.000000000000000000 ) ) ;
#598 = ORIENTED_EDGE ( 'NONE', *, *, #414, .F. ) ;
#599 = EDGE_CURVE ( 'NONE', #1131, #803, #322, .T. ) ;
#600 =( NAMED_UNIT ( * ) PLANE_ANGLE_UNIT ( ) SI_UNIT ( $, .RADIAN. ) );
#601 = DIRECTION ( 'NONE',  ( 0.000000000000000000, 1.000000000000000000, 0.000000000000000000 ) ) ;
#602 = ADVANCED_FACE ( 'NONE', ( #2032 ), #2449, .F. ) ;
#603 = ORIENTED_EDGE ( 'NONE', *, *, #1401, .T. ) ;
#604 = EDGE_LOOP ( 'NONE', ( #940, #2074, #2963, #437 ) ) ;
#605 = CARTESIAN_POINT ( 'NONE',  ( 50.13789028437120265, 53.50000000000000711, -7.500000000000000000 ) ) ;
#606 = DIRECTION ( 'NONE',  ( 1.000000000000000000, -8.673617379884048291E-16, 9.115745035929406798E-64 ) ) ;
#607 = CIRCLE ( 'NONE', #1290, 7.500000000000021316 ) ;
#608 = FACE_OUTER_BOUND ( 'NONE', #1261, .T. ) ;
#609 = AXIS2_PLACEMENT_3D ( 'NONE', #2620, #1483, #830 ) ;
#610 = CARTESIAN_POINT ( 'NONE',  ( 4.531193156845206793E-15, 0.000000000000000000, 37.00000000000000000 ) ) ;
#611 = DIRECTION ( 'NONE',  ( 0.000000000000000000, -1.000000000000000000, 0.000000000000000000 ) ) ;
#612 = AXIS2_PLACEMENT_3D ( 'NONE', #13, #930, #683 ) ;
#613 = CARTESIAN_POINT ( 'NONE',  ( 35.77245396011982592, 70.10463706861465027, 7.499999999999998224 ) ) ;
#614 = ORIENTED_EDGE ( 'NONE', *, *, #1770, .F. ) ;
#615 = FACE_OUTER_BOUND ( 'NONE', #194, .T. ) ;
#616 = CARTESIAN_POINT ( 'NONE',  ( 3.702646709391165166E-15, 72.65457492509398207, 30.23440482569416687 ) ) ;
#617 = ORIENTED_EDGE ( 'NONE', *, *, #2166, .F. ) ;
#618 = APPLICATION_CONTEXT ( 'automotive_design' ) ;
#619 = DIRECTION ( 'NONE',  ( -0.000000000000000000, -1.000000000000000000, -0.000000000000000000 ) ) ;
#620 = AXIS2_PLACEMENT_3D ( 'NONE', #2621, #71, #992 ) ;
#621 = EDGE_CURVE ( 'NONE', #2483, #2136, #128, .T. ) ;
#622 = AXIS2_PLACEMENT_3D ( 'NONE', #1449, #1224, #576 ) ;
#623 = CIRCLE ( 'NONE', #672, 36.16148962655478272 ) ;
#624 = FACE_OUTER_BOUND ( 'NONE', #2301, .T. ) ;
#625 = TOROIDAL_SURFACE ( 'NONE', #1592, 25.68440482569416616, 6.806041666666682310 ) ;
#626 = FACE_OUTER_BOUND ( 'NONE', #668, .T. ) ;
#627 = CIRCLE ( 'NONE', #2218, 7.500000000000021316 ) ;
#628 = CARTESIAN_POINT ( 'NONE',  ( 2.500000000000007550, 1.500000000000001332, 7.599342076785342570 ) ) ;
#629 = DIRECTION ( 'NONE',  ( -0.000000000000000000, -1.000000000000000000, -0.000000000000000000 ) ) ;
#630 = ORIENTED_EDGE ( 'NONE', *, *, #1823, .F. ) ;
#631 = DIRECTION ( 'NONE',  ( -0.000000000000000000, 1.000000000000000000, -0.000000000000000000 ) ) ;
#632 = VERTEX_POINT ( 'NONE', #2905 ) ;
#633 = VERTEX_POINT ( 'NONE', #395 ) ;
#634 = DIRECTION ( 'NONE',  ( 0.9970888859659945425, -0.07624797363269396333, 0.000000000000000000 ) ) ;
#635 = DIRECTION ( 'NONE',  ( 0.000000000000000000, -1.000000000000000000, 0.000000000000000000 ) ) ;
#636 = EDGE_CURVE ( 'NONE', #2662, #2752, #846, .T. ) ;
#637 = DIRECTION ( 'NONE',  ( 1.110223024625153336E-16, 0.000000000000000000, -1.000000000000000000 ) ) ;
#638 = EDGE_LOOP ( 'NONE', ( #2810, #1463 ) ) ;
#639 = CARTESIAN_POINT ( 'NONE',  ( 0.000000000000000000, 0.5000000000000004441, 0.000000000000000000 ) ) ;
#640 = EDGE_CURVE ( 'NONE', #2333, #344, #2020, .T. ) ;
#641 = DIRECTION ( 'NONE',  ( 0.000000000000000000, 0.000000000000000000, -1.000000000000000000 ) ) ;
#642 = ORIENTED_EDGE ( 'NONE', *, *, #1004, .T. ) ;
#643 = DIRECTION ( 'NONE',  ( 0.000000000000000000, 0.000000000000000000, -1.000000000000000000 ) ) ;
#644 =( NAMED_UNIT ( * ) SI_UNIT ( $, .STERADIAN. ) SOLID_ANGLE_UNIT ( ) );
#645 = ORIENTED_EDGE ( 'NONE', *, *, #1024, .T. ) ;
#646 = VERTEX_POINT ( 'NONE', #878 ) ;
#647 = FACE_BOUND ( 'NONE', #2912, .T. ) ;
#648 = FACE_OUTER_BOUND ( 'NONE', #498, .T. ) ;
#649 = DIRECTION ( 'NONE',  ( 0.000000000000000000, 0.000000000000000000, -1.000000000000000000 ) ) ;
#650 = VERTEX_POINT ( 'NONE', #1360 ) ;
#651 = ORIENTED_EDGE ( 'NONE', *, *, #2967, .F. ) ;
#652 = EDGE_CURVE ( 'NONE', #895, #1455, #519, .T. ) ;
#653 = ORIENTED_EDGE ( 'NONE', *, *, #1413, .T. ) ;
#654 = VECTOR ( 'NONE', #1477, 1000.000000000000000 ) ;
#655 = CARTESIAN_POINT ( 'NONE',  ( 0.000000000000000000, 17.00000000000000711, 0.000000000000000000 ) ) ;
#656 = PLANE ( 'NONE',  #481 ) ;
#657 = EDGE_CURVE ( 'NONE', #1564, #803, #2227, .T. ) ;
#658 = VERTEX_POINT ( 'NONE', #1806 ) ;
#659 = DIRECTION ( 'NONE',  ( 7.373988615207289619E-20, -1.000000000000000000, -0.000000000000000000 ) ) ;
#660 = AXIS2_PLACEMENT_3D ( 'NONE', #1947, #261, #1662 ) ;
#661 = ORIENTED_EDGE ( 'NONE', *, *, #2606, .T. ) ;
#662 = DIRECTION ( 'NONE',  ( -1.000000000000000000, -0.000000000000000000, -0.000000000000000000 ) ) ;
#663 = CARTESIAN_POINT ( 'NONE',  ( 35.82759206782390748, 68.90465089135334154, 2.525568076421699004 ) ) ;
#664 = CARTESIAN_POINT ( 'NONE',  ( 9.184850993605147944E-16, 1.500000000000001332, 7.500000000000000000 ) ) ;
#665 = VERTEX_POINT ( 'NONE', #628 ) ;
#666 = APPLICATION_PROTOCOL_DEFINITION ( 'draft international standard', 'automotive_design', 1998, #2931 ) ;
#667 = CIRCLE ( 'NONE', #2747, 22.00000000000000000 ) ;
#668 = EDGE_LOOP ( 'NONE', ( #2729, #2203, #1909, #1605 ) ) ;
#669 = AXIS2_PLACEMENT_3D ( 'NONE', #1766, #631, #153 ) ;
#670 = CARTESIAN_POINT ( 'NONE',  ( 0.000000000000000000, 0.5000000000000004441, -8.000000000000000000 ) ) ;
#671 = AXIS2_PLACEMENT_3D ( 'NONE', #2192, #309, #117 ) ;
#672 = AXIS2_PLACEMENT_3D ( 'NONE', #1184, #229, #18 ) ;
#673 = FACE_OUTER_BOUND ( 'NONE', #883, .T. ) ;
#674 = AXIS2_PLACEMENT_3D ( 'NONE', #1130, #1822, #1329 ) ;
#675 = AXIS2_PLACEMENT_3D ( 'NONE', #390, #1526, #1074 ) ;
#676 = FACE_OUTER_BOUND ( 'NONE', #1624, .T. ) ;
#677 = LINE ( 'NONE', #1363, #1922 ) ;
#678 = AXIS2_PLACEMENT_3D ( 'NONE', #1409, #2329, #240 ) ;
#679 = EDGE_CURVE ( 'NONE', #2406, #1664, #1591, .T. ) ;
#680 = ORIENTED_EDGE ( 'NONE', *, *, #228, .T. ) ;
#681 = APPLICATION_CONTEXT ( 'automotive_design' ) ;
#682 = ADVANCED_FACE ( 'NONE', ( #892 ), #2497, .F. ) ;
#683 = DIRECTION ( 'NONE',  ( -1.110223024625153336E-16, 0.000000000000000000, 1.000000000000000000 ) ) ;
#684 = CARTESIAN_POINT ( 'NONE',  ( 0.000000000000000000, 1.500000000000001332, 0.000000000000000000 ) ) ;
#685 = CARTESIAN_POINT ( 'NONE',  ( 0.000000000000000000, 1.000000000000014655, -35.49999999999998579 ) ) ;
#686 = ORIENTED_EDGE ( 'NONE', *, *, #2588, .F. ) ;
#687 = DIRECTION ( 'NONE',  ( 0.7071067811865453523, 0.7071067811865496822, 0.000000000000000000 ) ) ;
#688 = CARTESIAN_POINT ( 'NONE',  ( 0.000000000000000000, 1.500000000000001332, 0.000000000000000000 ) ) ;
#689 = ORIENTED_EDGE ( 'NONE', *, *, #2800, .T. ) ;
#690 = CARTESIAN_POINT ( 'NONE',  ( 31.59530367434434339, 12.67133242669322080, -7.500000000000000000 ) ) ;
#691 = DIRECTION ( 'NONE',  ( -0.000000000000000000, -0.000000000000000000, -1.000000000000000000 ) ) ;
#692 = EDGE_CURVE ( 'NONE', #1660, #2526, #1151, .T. ) ;
#693 = EDGE_LOOP ( 'NONE', ( #535, #320, #301 ) ) ;
#694 = DIRECTION ( 'NONE',  ( 0.000000000000000000, 0.000000000000000000, -1.000000000000000000 ) ) ;
#695 = ADVANCED_FACE ( 'NONE', ( #1582 ), #178, .T. ) ;
#696 = DIRECTION ( 'NONE',  ( 0.000000000000000000, -1.000000000000000000, 0.000000000000000000 ) ) ;
#697 = DIRECTION ( 'NONE',  ( -0.000000000000000000, -1.000000000000000000, -0.000000000000000000 ) ) ;
#698 = ORIENTED_EDGE ( 'NONE', *, *, #1658, .T. ) ;
#699 = DIRECTION ( 'NONE',  ( 0.000000000000000000, -0.000000000000000000, 1.000000000000000000 ) ) ;
#700 = FACE_OUTER_BOUND ( 'NONE', #1613, .T. ) ;
#701 = CARTESIAN_POINT ( 'NONE',  ( 0.000000000000000000, 1.000000000000014655, 0.000000000000000000 ) ) ;
#702 = FILL_AREA_STYLE ('',( #2772 ) ) ;
#703 = PRODUCT_DEFINITION_FORMATION_WITH_SPECIFIED_SOURCE ( 'ANY', '', #1243, .NOT_KNOWN. ) ;
#704 = CIRCLE ( 'NONE', #1728, 11.50000000000000355 ) ;
#705 = ORIENTED_EDGE ( 'NONE', *, *, #2518, .T. ) ;
#706 = DIRECTION ( 'NONE',  ( -0.000000000000000000, -1.000000000000000000, -0.000000000000000000 ) ) ;
#707 = CARTESIAN_POINT ( 'NONE',  ( 35.75340232479426561, 75.23679963192498121, -7.500000000000000000 ) ) ;
#708 = EDGE_CURVE ( 'NONE', #1647, #2031, #2589, .T. ) ;
#709 = EDGE_LOOP ( 'NONE', ( #2624, #2286, #2247, #1461 ) ) ;
#710 = CARTESIAN_POINT ( 'NONE',  ( 0.000000000000000000, 0.1000000000000028644, 0.000000000000000000 ) ) ;
#711 = AXIS2_PLACEMENT_3D ( 'NONE', #949, #263, #16 ) ;
#712 = DIRECTION ( 'NONE',  ( 0.000000000000000000, -1.000000000000000000, 0.000000000000000000 ) ) ;
#713 = AXIS2_PLACEMENT_3D ( 'NONE', #1821, #2276, #428 ) ;
#714 = AXIS2_PLACEMENT_3D ( 'NONE', #2206, #1574, #377 ) ;
#715 = AXIS2_PLACEMENT_3D ( 'NONE', #2558, #497, #1416 ) ;
#716 = LINE ( 'NONE', #2365, #2263 ) ;
#717 = AXIS2_PLACEMENT_3D ( 'NONE', #1284, #74, #995 ) ;
#718 = CIRCLE ( 'NONE', #2412, 18.92814800674211284 ) ;
#719 = VERTEX_POINT ( 'NONE', #2436 ) ;
#720 = CARTESIAN_POINT ( 'NONE',  ( 46.61923208243442929, 16.69698191078396832, -7.500000000000000000 ) ) ;
#721 = DIRECTION ( 'NONE',  ( 0.000000000000000000, -1.000000000000000000, 0.000000000000000000 ) ) ;
#722 = VERTEX_POINT ( 'NONE', #1763 ) ;
#723 = EDGE_CURVE ( 'NONE', #2855, #2803, #667, .T. ) ;
#724 = DIRECTION ( 'NONE',  ( 1.110223024625153336E-16, 0.000000000000000000, -1.000000000000000000 ) ) ;
#725 = DIRECTION ( 'NONE',  ( 0.000000000000000000, 0.000000000000000000, -1.000000000000000000 ) ) ;
#726 = EDGE_CURVE ( 'NONE', #1898, #650, #2451, .T. ) ;
#727 = CARTESIAN_POINT ( 'NONE',  ( 44.26154391693660273, 18.65343172185963283, 7.500000000000000000 ) ) ;
#728 = CARTESIAN_POINT ( 'NONE',  ( -2.500000000000007994, 0.000000000000000000, 7.071067811865486163 ) ) ;
#729 = ORIENTED_EDGE ( 'NONE', *, *, #2442, .F. ) ;
#730 = CARTESIAN_POINT ( 'NONE',  ( 3.384238541612852755E-15, 38.65457492509398207, 27.63440482569416190 ) ) ;
#731 = CARTESIAN_POINT ( 'NONE',  ( 0.000000000000000000, 2.000000000000001776, -7.500000000000000000 ) ) ;
#732 = ORIENTED_EDGE ( 'NONE', *, *, #317, .T. ) ;
#733 = ORIENTED_EDGE ( 'NONE', *, *, #281, .F. ) ;
#734 = DIRECTION ( 'NONE',  ( -1.000000000000000000, 0.000000000000000000, 0.000000000000000000 ) ) ;
#735 = CARTESIAN_POINT ( 'NONE',  ( 31.56936308073485264, 15.25257211660957424, 6.262070240097459717 ) ) ;
#736 = EDGE_LOOP ( 'NONE', ( #588, #1926, #2738, #1705 ) ) ;
#737 = LINE ( 'NONE', #727, #2836 ) ;
#738 = CARTESIAN_POINT ( 'NONE',  ( 2.500000000000006217, 0.000000000000000000, 7.071067811865486163 ) ) ;
#739 = EDGE_CURVE ( 'NONE', #2049, #1757, #1081, .T. ) ;
#740 = ORIENTED_EDGE ( 'NONE', *, *, #1163, .F. ) ;
#741 = AXIS2_PLACEMENT_3D ( 'NONE', #2816, #2864, #323 ) ;
#742 = CARTESIAN_POINT ( 'NONE',  ( -2.500000000000004885, 1.500000000000001332, -15.00000000000001954 ) ) ;
#743 = EDGE_LOOP ( 'NONE', ( #1336, #905 ) ) ;
#744 = CARTESIAN_POINT ( 'NONE',  ( 40.92521309017893572, 37.94735008914346963, 7.500000000000000000 ) ) ;
#745 = ORIENTED_EDGE ( 'NONE', *, *, #1296, .T. ) ;
#746 = PRODUCT_DEFINITION_SHAPE ( 'NONE', 'NONE',  #2991 ) ;
#747 = DIRECTION ( 'NONE',  ( 0.000000000000000000, 0.000000000000000000, 1.000000000000000000 ) ) ;
#748 = DIRECTION ( 'NONE',  ( -0.000000000000000000, -1.000000000000000000, -0.000000000000000000 ) ) ;
#749 = ORIENTED_EDGE ( 'NONE', *, *, #1789, .T. ) ;
#750 = ORIENTED_EDGE ( 'NONE', *, *, #948, .F. ) ;
#751 = DIRECTION ( 'NONE',  ( 0.000000000000000000, 0.000000000000000000, -1.000000000000000000 ) ) ;
#752 = PLANE ( 'NONE',  #1550 ) ;
#753 = CARTESIAN_POINT ( 'NONE',  ( 38.56752492468113047, 39.90379990021911993, 7.500000000000000000 ) ) ;
#754 = AXIS2_PLACEMENT_3D ( 'NONE', #2489, #1774, #360 ) ;
#755 = AXIS2_PLACEMENT_3D ( 'NONE', #193, #2903, #2434 ) ;
#756 = VERTEX_POINT ( 'NONE', #1640 ) ;
#757 = EDGE_CURVE ( 'NONE', #577, #1512, #1870, .T. ) ;
#758 = VECTOR ( 'NONE', #2454, 1000.000000000000114 ) ;
#759 = ORIENTED_EDGE ( 'NONE', *, *, #873, .T. ) ;
#760 = PRESENTATION_STYLE_ASSIGNMENT (( #2833 ) ) ;
#761 = VECTOR ( 'NONE', #691, 1000.000000000000000 ) ;
#762 = VECTOR ( 'NONE', #325, 1000.000000000000000 ) ;
#763 = EDGE_CURVE ( 'NONE', #1089, #118, #2690, .T. ) ;
#764 = CIRCLE ( 'NONE', #1601, 37.00000000000000000 ) ;
#765 = CARTESIAN_POINT ( 'NONE',  ( 65.07633995041808816, 65.23752026367307622, 7.500000000000000000 ) ) ;
#766 = ORIENTED_EDGE ( 'NONE', *, *, #1525, .F. ) ;
#767 = FACE_OUTER_BOUND ( 'NONE', #1334, .T. ) ;
#768 = DIRECTION ( 'NONE',  ( 0.000000000000000000, 0.000000000000000000, -1.000000000000000000 ) ) ;
#769 =( REPRESENTATION_RELATIONSHIP ('NONE','NONE', #2875, #2536 ) REPRESENTATION_RELATIONSHIP_WITH_TRANSFORMATION ( #2255 )SHAPE_REPRESENTATION_RELATIONSHIP( ) );
#770 = CARTESIAN_POINT ( 'NONE',  ( -2.949595446082918255E-19, 4.000000000000003553, 0.000000000000000000 ) ) ;
#771 = ORIENTED_EDGE ( 'NONE', *, *, #929, .T. ) ;
#772 = LINE ( 'NONE', #1702, #2267 ) ;
#773 = DIRECTION ( 'NONE',  ( 0.000000000000000000, -1.000000000000000000, 0.000000000000000000 ) ) ;
#774 = VERTEX_POINT ( 'NONE', #27 ) ;
#775 = ORIENTED_EDGE ( 'NONE', *, *, #1177, .F. ) ;
#776 = ORIENTED_EDGE ( 'NONE', *, *, #1783, .T. ) ;
#777 = ORIENTED_EDGE ( 'NONE', *, *, #115, .T. ) ;
#778 =( NAMED_UNIT ( * ) SI_UNIT ( $, .STERADIAN. ) SOLID_ANGLE_UNIT ( ) );
#779 = PRODUCT_DEFINITION ( 'UNKNOWN', '', #2785, #2880 ) ;
#780 = CARTESIAN_POINT ( 'NONE',  ( 0.000000000000000000, 0.000000000000000000, -36.50000000000000000 ) ) ;
#781 = DIRECTION ( 'NONE',  ( -0.000000000000000000, -0.000000000000000000, -1.000000000000000000 ) ) ;
#782 = VERTEX_POINT ( 'NONE', #250 ) ;
#783 = LINE ( 'NONE', #1758, #1673 ) ;
#784 = EDGE_CURVE ( 'NONE', #1528, #1208, #2784, .T. ) ;
#785 = ADVANCED_BREP_SHAPE_REPRESENTATION ( '', ( #1576, #2097 ), #1042 ) ;
#786 = DIRECTION ( 'NONE',  ( 0.000000000000000000, -1.000000000000000000, 0.000000000000000000 ) ) ;
#787 = CARTESIAN_POINT ( 'NONE',  ( 0.000000000000000000, 0.5000000000000004441, 0.000000000000000000 ) ) ;
#788 = ORIENTED_EDGE ( 'NONE', *, *, #1413, .F. ) ;
#789 = DIRECTION ( 'NONE',  ( 0.000000000000000000, -1.000000000000000000, 0.000000000000000000 ) ) ;
#790 = FACE_BOUND ( 'NONE', #638, .T. ) ;
#791 = CARTESIAN_POINT ( 'NONE',  ( 35.81176470588235361, 76.00000000000001421, 5.017054978964071488 ) ) ;
#792 = EDGE_LOOP ( 'NONE', ( #1598, #2461, #262, #2216 ) ) ;
#793 = VERTEX_POINT ( 'NONE', #1383 ) ;
#794 = CARTESIAN_POINT ( 'NONE',  ( 2.500000000000005773, 1.500000000000001332, -15.00000000000001954 ) ) ;
#795 = LINE ( 'NONE', #1025, #762 ) ;
#796 = COLOUR_RGB ( '',0.5019607843137254832, 1.000000000000000000, 0.5019607843137254832 ) ;
#797 = CARTESIAN_POINT ( 'NONE',  ( 0.000000000000000000, 1.500000000000001332, 0.000000000000000000 ) ) ;
#798 = EDGE_LOOP ( 'NONE', ( #2653, #2369, #2459, #2269 ) ) ;
#799 = PLANE ( 'NONE',  #2924 ) ;
#800 = CARTESIAN_POINT ( 'NONE',  ( 0.000000000000000000, 85.50000000000000000, 0.000000000000000000 ) ) ;
#801 = EDGE_CURVE ( 'NONE', #1388, #665, #2537, .T. ) ;
#802 = CARTESIAN_POINT ( 'NONE',  ( 0.000000000000000000, 0.9999999999999995559, 0.000000000000000000 ) ) ;
#803 = VERTEX_POINT ( 'NONE', #239 ) ;
#804 = CIRCLE ( 'NONE', #988, 35.19999999999999574 ) ;
#805 = DIRECTION ( 'NONE',  ( 0.000000000000000000, 0.000000000000000000, 1.000000000000000000 ) ) ;
#806 = DIRECTION ( 'NONE',  ( -1.000000000000000000, 0.000000000000000000, 0.000000000000000000 ) ) ;
#807 = EDGE_CURVE ( 'NONE', #722, #1810, #1009, .T. ) ;
#808 = DIRECTION ( 'NONE',  ( -0.07624797363269367190, 0.9970888859659945425, 0.000000000000000000 ) ) ;
#809 = VERTEX_POINT ( 'NONE', #1171 ) ;
#810 = AXIS2_PLACEMENT_3D ( 'NONE', #1995, #2887, #594 ) ;
#811 = PRESENTATION_LAYER_ASSIGNMENT (  '', '', ( #1829 ) ) ;
#812 = CARTESIAN_POINT ( 'NONE',  ( 0.7000000000000035083, 0.7999999999999951594, -2.705319851338943032E-17 ) ) ;
#813 = AXIS2_PLACEMENT_3D ( 'NONE', #2237, #2447, #2476 ) ;
#814 = AXIS2_PLACEMENT_3D ( 'NONE', #701, #1164, #8 ) ;
#815 = ORIENTED_EDGE ( 'NONE', *, *, #1942, .F. ) ;
#816 = DIRECTION ( 'NONE',  ( 0.000000000000000000, 0.000000000000000000, 1.000000000000000000 ) ) ;
#817 = CIRCLE ( 'NONE', #2649, 203.4000000000003183 ) ;
#818 = AXIS2_PLACEMENT_3D ( 'NONE', #1925, #2395, #641 ) ;
#819 = CARTESIAN_POINT ( 'NONE',  ( 0.000000000000000000, 85.50000000000000000, 0.000000000000000000 ) ) ;
#820 = LINE ( 'NONE', #1760, #375 ) ;
#821 = EDGE_CURVE ( 'NONE', #1912, #577, #2341, .T. ) ;
#822 = LINE ( 'NONE', #2209, #231 ) ;
#823 = DIRECTION ( 'NONE',  ( 0.000000000000000000, 1.000000000000000000, 0.000000000000000000 ) ) ;
#824 = EDGE_CURVE ( 'NONE', #545, #1221, #2549, .T. ) ;
#825 = EDGE_LOOP ( 'NONE', ( #2723, #1996, #208, #1617 ) ) ;
#826 = ORIENTED_EDGE ( 'NONE', *, *, #2430, .T. ) ;
#827 = DIRECTION ( 'NONE',  ( 1.000000000000000000, 0.000000000000000000, -1.224646799147353207E-16 ) ) ;
#828 = ORIENTED_EDGE ( 'NONE', *, *, #838, .F. ) ;
#829 = APPLICATION_CONTEXT ( 'automotive_design' ) ;
#830 = DIRECTION ( 'NONE',  ( 1.110223024625153212E-16, 0.000000000000000000, -1.000000000000000000 ) ) ;
#831 = DIRECTION ( 'NONE',  ( -0.000000000000000000, -0.000000000000000000, -1.000000000000000000 ) ) ;
#832 = CARTESIAN_POINT ( 'NONE',  ( 0.000000000000000000, 0.000000000000000000, -7.500000000000000000 ) ) ;
#833 = LINE ( 'NONE', #610, #1599 ) ;
#834 = DIRECTION ( 'NONE',  ( 0.9659258262890682012, 0.2588190451025211836, 0.000000000000000000 ) ) ;
#835 = DIRECTION ( 'NONE',  ( 0.000000000000000000, 1.000000000000000000, 0.000000000000000000 ) ) ;
#836 = EDGE_LOOP ( 'NONE', ( #2988, #2474 ) ) ;
#837 = FACE_OUTER_BOUND ( 'NONE', #1076, .T. ) ;
#838 = EDGE_CURVE ( 'NONE', #2057, #582, #2699, .T. ) ;
#839 = ORIENTED_EDGE ( 'NONE', *, *, #1625, .F. ) ;
#840 = DIRECTION ( 'NONE',  ( 1.000000000000000000, 0.000000000000000000, -1.224646799147353207E-16 ) ) ;
#841 = ORIENTED_EDGE ( 'NONE', *, *, #55, .T. ) ;
#842 = CYLINDRICAL_SURFACE ( 'NONE', #714, 36.50000000000000711 ) ;
#843 = ORIENTED_EDGE ( 'NONE', *, *, #982, .T. ) ;
#844 = FACE_OUTER_BOUND ( 'NONE', #1445, .T. ) ;
#845 = APPLICATION_PROTOCOL_DEFINITION ( 'draft international standard', 'automotive_design', 1998, #2679 ) ;
#846 = LINE ( 'NONE', #407, #473 ) ;
#847 = DIRECTION ( 'NONE',  ( 0.000000000000000000, 0.000000000000000000, -1.000000000000000000 ) ) ;
#848 = VERTEX_POINT ( 'NONE', #487 ) ;
#849 = CARTESIAN_POINT ( 'NONE',  ( 35.59176354636623074, 68.66882236989569321, 3.381911024204321770 ) ) ;
#850 = UNCERTAINTY_MEASURE_WITH_UNIT (LENGTH_MEASURE( 1.000000000000000082E-05 ), #2058, 'distance_accuracy_value', 'NONE');
#851 = EDGE_CURVE ( 'NONE', #1069, #2109, #1149, .T. ) ;
#852 = ORIENTED_EDGE ( 'NONE', *, *, #1513, .T. ) ;
#853 = VECTOR ( 'NONE', #2319, 1000.000000000000000 ) ;
#854 = ORIENTED_EDGE ( 'NONE', *, *, #858, .T. ) ;
#855 = CARTESIAN_POINT ( 'NONE',  ( 0.000000000000000000, 59.50000000000001421, 0.000000000000000000 ) ) ;
#856 = CONICAL_SURFACE ( 'NONE', #2261, 17.65764939443949189, 0.9599310885968810325 ) ;
#857 = AXIS2_PLACEMENT_3D ( 'NONE', #14, #2315, #237 ) ;
#858 = EDGE_CURVE ( 'NONE', #2031, #199, #458, .T. ) ;
#859 = DIRECTION ( 'NONE',  ( 0.000000000000000000, -1.000000000000000000, 0.000000000000000000 ) ) ;
#860 = DIRECTION ( 'NONE',  ( -0.000000000000000000, -1.000000000000000000, -0.000000000000000000 ) ) ;
#861 = ORIENTED_EDGE ( 'NONE', *, *, #1127, .T. ) ;
#862 = AXIS2_PLACEMENT_3D ( 'NONE', #2525, #461, #1387 ) ;
#863 = DIRECTION ( 'NONE',  ( 0.000000000000000000, 1.000000000000000000, 0.000000000000000000 ) ) ;
#864 = FACE_OUTER_BOUND ( 'NONE', #1073, .T. ) ;
#865 = CARTESIAN_POINT ( 'NONE',  ( 31.29615550032746540, 15.17936636607335288, 7.500000000000000000 ) ) ;
#866 = LINE ( 'NONE', #448, #2021 ) ;
#867 = FILL_AREA_STYLE ('',( #369 ) ) ;
#868 = ORIENTED_EDGE ( 'NONE', *, *, #452, .F. ) ;
#869 = ORIENTED_EDGE ( 'NONE', *, *, #191, .T. ) ;
#870 = ORIENTED_EDGE ( 'NONE', *, *, #2353, .T. ) ;
#871 = CARTESIAN_POINT ( 'NONE',  ( 0.000000000000000000, 2.000000000000001776, 17.50000000000000000 ) ) ;
#872 = FACE_OUTER_BOUND ( 'NONE', #709, .T. ) ;
#873 = EDGE_CURVE ( 'NONE', #2483, #2703, #1196, .T. ) ;
#874 = EDGE_LOOP ( 'NONE', ( #1754, #1496, #1059, #1113 ) ) ;
#875 = SHAPE_REPRESENTATION_RELATIONSHIP ( 'NONE' , 'NONE' ,  #2556, #785 ) ;
#876 = EDGE_CURVE ( 'NONE', #1271, #1748, #319, .T. ) ;
#877 = ORIENTED_EDGE ( 'NONE', *, *, #254, .F. ) ;
#878 = CARTESIAN_POINT ( 'NONE',  ( 0.000000000000000000, 67.99999999999998579, -35.19999999999999574 ) ) ;
#879 = CARTESIAN_POINT ( 'NONE',  ( 35.22294117647059153, 68.30000000000001137, -4.137119247793823895 ) ) ;
#880 = CARTESIAN_POINT ( 'NONE',  ( 31.59530367434863862, 12.67133242669437188, 7.499999999982253307 ) ) ;
#881 = CARTESIAN_POINT ( 'NONE',  ( 0.000000000000000000, 34.00000000000000000, 0.000000000000000000 ) ) ;
#882 =( NAMED_UNIT ( * ) PLANE_ANGLE_UNIT ( ) SI_UNIT ( $, .RADIAN. ) );
#883 = EDGE_LOOP ( 'NONE', ( #1659, #188, #1523, #1431 ) ) ;
#884 = DIRECTION ( 'NONE',  ( -1.000000000000000000, 0.000000000000000000, 0.000000000000000000 ) ) ;
#885 = CARTESIAN_POINT ( 'NONE',  ( 36.06261311249627255, 69.13967193602569239, -0.7257894052784480410 ) ) ;
#886 = ADVANCED_FACE ( 'NONE', ( #2328, #910 ), #2302, .T. ) ;
#887 = CARTESIAN_POINT ( 'NONE',  ( 8.009664216553985458E-18, 0.000000000000000000, 0.6999999999999999556 ) ) ;
#888 = ORIENTED_EDGE ( 'NONE', *, *, #801, .F. ) ;
#889 = APPLICATION_PROTOCOL_DEFINITION ( 'draft international standard', 'automotive_design', 1998, #465 ) ;
#890 = ORIENTED_EDGE ( 'NONE', *, *, #293, .T. ) ;
#891 = ADVANCED_FACE ( 'NONE', ( #1626 ), #499, .T. ) ;
#892 = FACE_OUTER_BOUND ( 'NONE', #2358, .T. ) ;
#893 = DIRECTION ( 'NONE',  ( 0.000000000000000000, 0.000000000000000000, 1.000000000000000000 ) ) ;
#894 = EDGE_CURVE ( 'NONE', #923, #2193, #1779, .T. ) ;
#895 = VERTEX_POINT ( 'NONE', #42 ) ;
#896 = CARTESIAN_POINT ( 'NONE',  ( -2.500000000000003997, 0.5000000000000004441, 7.599342076785340794 ) ) ;
#897 = CIRCLE ( 'NONE', #2298, 33.24999999999999289 ) ;
#898 = SURFACE_STYLE_USAGE ( .BOTH. , #2051 ) ;
#899 = ORIENTED_EDGE ( 'NONE', *, *, #2982, .F. ) ;
#900 = CARTESIAN_POINT ( 'NONE',  ( 31.59530367434434339, 12.67133242669322080, -7.500000000000000000 ) ) ;
#901 = DIRECTION ( 'NONE',  ( -0.9659258262890682012, -0.2588190451025211836, 0.000000000000000000 ) ) ;
#902 = DIRECTION ( 'NONE',  ( -0.000000000000000000, -1.000000000000000000, -0.000000000000000000 ) ) ;
#903 = AXIS2_PLACEMENT_3D ( 'NONE', #2902, #606, #1533 ) ;
#904 = AXIS2_PLACEMENT_3D ( 'NONE', #1900, #2822, #1485 ) ;
#905 = ORIENTED_EDGE ( 'NONE', *, *, #807, .F. ) ;
#906 = PRODUCT_CONTEXT ( 'NONE', #681, 'mechanical' ) ;
#907 = VERTEX_POINT ( 'NONE', #670 ) ;
#908 = VECTOR ( 'NONE', #2210, 1000.000000000000000 ) ;
#909 = AXIS2_PLACEMENT_3D ( 'NONE', #477, #1423, #1403 ) ;
#910 = FACE_OUTER_BOUND ( 'NONE', #310, .T. ) ;
#911 = AXIS2_PLACEMENT_3D ( 'NONE', #1666, #1733, #91 ) ;
#912 = TOROIDAL_SURFACE ( 'NONE', #2500, 28.93440482569416972, 6.806041666666680534 ) ;
#913 = FACE_OUTER_BOUND ( 'NONE', #2850, .T. ) ;
#914 = AXIS2_PLACEMENT_3D ( 'NONE', #2897, #1459, #2367 ) ;
#915 = ADVANCED_FACE ( 'NONE', ( #2513, #1372 ), #1141, .T. ) ;
#916 = CARTESIAN_POINT ( 'NONE',  ( 31.61606346373412890, 13.09272732130260231, 7.500000000000000888 ) ) ;
#917 = DIRECTION ( 'NONE',  ( -0.000000000000000000, -1.000000000000000000, -0.000000000000000000 ) ) ;
#918 = EDGE_CURVE ( 'NONE', #1855, #646, #80, .T. ) ;
#919 = ORIENTED_EDGE ( 'NONE', *, *, #2288, .T. ) ;
#920 = DIRECTION ( 'NONE',  ( 0.000000000000000000, 0.000000000000000000, -1.000000000000000000 ) ) ;
#921 = DIRECTION ( 'NONE',  ( 0.000000000000000000, -1.000000000000000000, 0.000000000000000000 ) ) ;
#922 = CARTESIAN_POINT ( 'NONE',  ( 4.469960816887838430E-15, 0.000000000000000000, 36.50000000000000000 ) ) ;
#923 = VERTEX_POINT ( 'NONE', #2422 ) ;
#924 = CARTESIAN_POINT ( 'NONE',  ( 0.000000000000000000, 0.9999999999999995559, 0.000000000000000000 ) ) ;
#925 = FACE_OUTER_BOUND ( 'NONE', #1292, .T. ) ;
#926 = CARTESIAN_POINT ( 'NONE',  ( 31.61068691589111879, 12.88160198061843964, -7.500000000000001776 ) ) ;
#927 = FACE_OUTER_BOUND ( 'NONE', #1908, .T. ) ;
#928 = VERTEX_POINT ( 'NONE', #1244 ) ;
#929 = EDGE_CURVE ( 'NONE', #1957, #2273, #324, .T. ) ;
#930 = DIRECTION ( 'NONE',  ( -0.000000000000000000, -1.000000000000000000, -0.000000000000000000 ) ) ;
#931 = CARTESIAN_POINT ( 'NONE',  ( 36.27385792795703878, 72.40849426127131494, -7.500000000000000000 ) ) ;
#932 = ORIENTED_EDGE ( 'NONE', *, *, #115, .F. ) ;
#933 = CARTESIAN_POINT ( 'NONE',  ( 2.500000000000004885, 0.5000000000000004441, -15.00000000000001954 ) ) ;
#934 = CARTESIAN_POINT ( 'NONE',  ( 35.27252729420262511, 68.94843384726497959, -6.958018473247161495 ) ) ;
#935 = ORIENTED_EDGE ( 'NONE', *, *, #2585, .T. ) ;
#936 = CARTESIAN_POINT ( 'NONE',  ( 35.27252729420268906, 68.94843384726593172, 6.958018473249356184 ) ) ;
#937 = CARTESIAN_POINT ( 'NONE',  ( 65.07633995041808816, 65.23752026367307622, 7.500000000000000000 ) ) ;
#938 = CIRCLE ( 'NONE', #2625, 6.806041666666682310 ) ;
#939 = VECTOR ( 'NONE', #1013, 1000.000000000000000 ) ;
#940 = ORIENTED_EDGE ( 'NONE', *, *, #340, .F. ) ;
#941 = AXIS2_PLACEMENT_3D ( 'NONE', #1209, #494, #943 ) ;
#942 = UNCERTAINTY_MEASURE_WITH_UNIT (LENGTH_MEASURE( 1.000000000000000082E-05 ), #2280, 'distance_accuracy_value', 'NONE');
#943 = DIRECTION ( 'NONE',  ( 0.000000000000000000, 0.000000000000000000, -1.000000000000000000 ) ) ;
#944 = ADVANCED_FACE ( 'NONE', ( #1434 ), #856, .T. ) ;
#945 = FACE_OUTER_BOUND ( 'NONE', #2547, .T. ) ;
#946 = AXIS2_PLACEMENT_3D ( 'NONE', #2089, #1185, #2346 ) ;
#947 = ORIENTED_EDGE ( 'NONE', *, *, #1608, .F. ) ;
#948 = EDGE_CURVE ( 'NONE', #2234, #557, #2640, .T. ) ;
#949 = CARTESIAN_POINT ( 'NONE',  ( 0.000000000000000000, 2.000000000000001776, 0.000000000000000000 ) ) ;
#950 = CARTESIAN_POINT ( 'NONE',  ( 2.500000000000007994, 1.500000000000001332, 7.071067811865486163 ) ) ;
#951 = CIRCLE ( 'NONE', #1590, 35.85000000000000142 ) ;
#952 = CIRCLE ( 'NONE', #911, 19.11532823379668855 ) ;
#953 = DIRECTION ( 'NONE',  ( 0.000000000000000000, 1.000000000000000000, 0.000000000000000000 ) ) ;
#954 = CARTESIAN_POINT ( 'NONE',  ( 0.000000000000000000, 55.65457492509398207, -28.93440482569416972 ) ) ;
#955 = CIRCLE ( 'NONE', #1442, 7.500000000000000000 ) ;
#956 = VECTOR ( 'NONE', #2787, 1000.000000000000000 ) ;
#957 = AXIS2_PLACEMENT_3D ( 'NONE', #1984, #2672, #2904 ) ;
#958 = EDGE_LOOP ( 'NONE', ( #504, #2294, #538, #400 ) ) ;
#959 = ORIENTED_EDGE ( 'NONE', *, *, #2415, .F. ) ;
#960 = CARTESIAN_POINT ( 'NONE',  ( 0.000000000000000000, 0.000000000000000000, 0.000000000000000000 ) ) ;
#961 = CARTESIAN_POINT ( 'NONE',  ( -2.500000000000004885, 1.500000000000001332, -15.00000000000001954 ) ) ;
#962 = VERTEX_POINT ( 'NONE', #1732 ) ;
#963 = DIRECTION ( 'NONE',  ( 0.000000000000000000, 0.000000000000000000, -1.000000000000000000 ) ) ;
#964 = EDGE_CURVE ( 'NONE', #406, #928, #295, .T. ) ;
#965 = CARTESIAN_POINT ( 'NONE',  ( 35.22294117647059153, 68.30000000000001137, -4.137119247793823895 ) ) ;
#966 = CARTESIAN_POINT ( 'NONE',  ( 27.00000000000000711, 1.000000000000000222, -3.306546357697854917E-15 ) ) ;
#967 = CARTESIAN_POINT ( 'NONE',  ( 55.10545109075813741, 76.00000000000001421, 7.500000000000000000 ) ) ;
#968 = EDGE_LOOP ( 'NONE', ( #495, #1246, #947, #1339, #2781, #932, #372, #1084 ) ) ;
#969 = UNCERTAINTY_MEASURE_WITH_UNIT (LENGTH_MEASURE( 1.000000000000000082E-05 ), #2664, 'distance_accuracy_value', 'NONE');
#970 = ORIENTED_EDGE ( 'NONE', *, *, #2392, .T. ) ;
#971 = EDGE_CURVE ( 'NONE', #1012, #2265, #1714, .T. ) ;
#972 = DIRECTION ( 'NONE',  ( 0.000000000000000000, -1.000000000000000000, 0.000000000000000000 ) ) ;
#973 = ORIENTED_EDGE ( 'NONE', *, *, #403, .T. ) ;
#974 = EDGE_CURVE ( 'NONE', #722, #2832, #1281, .T. ) ;
#975 = CARTESIAN_POINT ( 'NONE',  ( 0.000000000000000000, 0.000000000000000000, 0.000000000000000000 ) ) ;
#976 = DIRECTION ( 'NONE',  ( -1.000000000000000000, 0.000000000000000000, 0.000000000000000000 ) ) ;
#977 = ORIENTED_EDGE ( 'NONE', *, *, #241, .F. ) ;
#978 = ADVANCED_FACE ( 'NONE', ( #283 ), #1229, .F. ) ;
#979 = CARTESIAN_POINT ( 'NONE',  ( 0.000000000000000000, 76.50000000000002842, -35.85000000000000142 ) ) ;
#980 = DIRECTION ( 'NONE',  ( 0.000000000000000000, -1.000000000000000000, 0.000000000000000000 ) ) ;
#981 = CARTESIAN_POINT ( 'NONE',  ( 0.000000000000000000, 21.65457492509397497, -26.33440482569416474 ) ) ;
#982 = EDGE_CURVE ( 'NONE', #2916, #1120, #1699, .T. ) ;
#983 = ORIENTED_EDGE ( 'NONE', *, *, #1671, .T. ) ;
#984 = VECTOR ( 'NONE', #466, 1000.000000000000000 ) ;
#985 = ORIENTED_EDGE ( 'NONE', *, *, #380, .T. ) ;
#986 = CIRCLE ( 'NONE', #2008, 6.806041666666678758 ) ;
#987 = SURFACE_STYLE_FILL_AREA ( #96 ) ;
#988 = AXIS2_PLACEMENT_3D ( 'NONE', #1856, #706, #2120 ) ;
#989 = CARTESIAN_POINT ( 'NONE',  ( -2.500000000000007994, 1.500000000000001332, 7.071067811865486163 ) ) ;
#990 = EDGE_LOOP ( 'NONE', ( #869, #1497, #959, #1730 ) ) ;
#991 = CARTESIAN_POINT ( 'NONE',  ( 0.000000000000000000, 13.15457492509397674, -25.68440482569416616 ) ) ;
#992 = DIRECTION ( 'NONE',  ( 0.000000000000000000, 0.000000000000000000, 1.000000000000000000 ) ) ;
#993 = FACE_OUTER_BOUND ( 'NONE', #493, .T. ) ;
#994 = ORIENTED_EDGE ( 'NONE', *, *, #1086, .F. ) ;
#995 = DIRECTION ( 'NONE',  ( 0.000000000000000000, 0.000000000000000000, -1.000000000000000000 ) ) ;
#996 = CARTESIAN_POINT ( 'NONE',  ( 32.48500929406258564, 12.90972832899815614, 1.283728246470775991 ) ) ;
#997 = AXIS2_PLACEMENT_3D ( 'NONE', #314, #980, #351 ) ;
#998 = CARTESIAN_POINT ( 'NONE',  ( 35.79768761520555387, 75.81591496807260455, 5.866441232725333244 ) ) ;
#999 = EDGE_CURVE ( 'NONE', #569, #577, #1679, .T. ) ;
#1000 = VECTOR ( 'NONE', #1917, 1000.000000000000000 ) ;
#1001 = AXIS2_PLACEMENT_3D ( 'NONE', #220, #2509, #4 ) ;
#1002 = VERTEX_POINT ( 'NONE', #1453 ) ;
#1003 = CIRCLE ( 'NONE', #2213, 7.500000000000000000 ) ;
#1004 = EDGE_CURVE ( 'NONE', #1012, #2973, #2191, .T. ) ;
#1005 = ORIENTED_EDGE ( 'NONE', *, *, #640, .T. ) ;
#1006 = PRODUCT_DEFINITION_CONTEXT ( 'detailed design', #618, 'design' ) ;
#1007 = CARTESIAN_POINT ( 'NONE',  ( 0.000000000000000000, 1.299999999999995604, 0.000000000000000000 ) ) ;
#1008 = VECTOR ( 'NONE', #808, 1000.000000000000000 ) ;
#1009 = CIRCLE ( 'NONE', #1632, 7.500000000000021316 ) ;
#1010 = COLOUR_RGB ( '',0.5019607843137254832, 1.000000000000000000, 0.5019607843137254832 ) ;
#1011 = FACE_OUTER_BOUND ( 'NONE', #65, .T. ) ;
#1012 = VERTEX_POINT ( 'NONE', #2639 ) ;
#1013 = DIRECTION ( 'NONE',  ( 1.000000000000000000, 0.000000000000000000, 0.000000000000000000 ) ) ;
#1014 = DIRECTION ( 'NONE',  ( 0.000000000000000000, 1.000000000000000000, 0.000000000000000000 ) ) ;
#1015 = DIRECTION ( 'NONE',  ( -1.000000000000000000, 0.000000000000000000, 0.000000000000000000 ) ) ;
#1016 = VERTEX_POINT ( 'NONE', #2155 ) ;
#1017 = CARTESIAN_POINT ( 'NONE',  ( 0.000000000000000000, 1.299999999999995604, 0.000000000000000000 ) ) ;
#1018 = CARTESIAN_POINT ( 'NONE',  ( 60.50348041593301218, 38.22634448029987198, 7.500000000000000000 ) ) ;
#1019 = PLANE ( 'NONE',  #234 ) ;
#1020 = EDGE_LOOP ( 'NONE', ( #1269, #417, #2397, #2424 ) ) ;
#1021 = ADVANCED_FACE ( 'NONE', ( #116 ), #2857, .T. ) ;
#1022 = ORIENTED_EDGE ( 'NONE', *, *, #636, .T. ) ;
#1023 = FACE_OUTER_BOUND ( 'NONE', #2943, .T. ) ;
#1024 = EDGE_CURVE ( 'NONE', #2333, #895, #580, .T. ) ;
#1025 = CARTESIAN_POINT ( 'NONE',  ( -5.265625000000018652, 0.7999999999999951594, -5.340710941379925636 ) ) ;
#1026 = DIRECTION ( 'NONE',  ( 0.000000000000000000, 0.000000000000000000, 1.000000000000000000 ) ) ;
#1027 = ORIENTED_EDGE ( 'NONE', *, *, #1296, .F. ) ;
#1028 = CARTESIAN_POINT ( 'NONE',  ( 0.000000000000000000, 0.000000000000000000, 0.000000000000000000 ) ) ;
#1029 = DIRECTION ( 'NONE',  ( 0.000000000000000000, 1.000000000000000000, 0.000000000000000000 ) ) ;
#1030 = EDGE_LOOP ( 'NONE', ( #2566, #249, #2823 ) ) ;
#1031 = DIRECTION ( 'NONE',  ( 0.000000000000000000, 0.000000000000000000, 1.000000000000000000 ) ) ;
#1032 = DIRECTION ( 'NONE',  ( 0.000000000000000000, 0.000000000000000000, -1.000000000000000000 ) ) ;
#1033 = SURFACE_SIDE_STYLE ('',( #1250 ) ) ;
#1034 = ORIENTED_EDGE ( 'NONE', *, *, #137, .F. ) ;
#1035 = DIRECTION ( 'NONE',  ( 0.000000000000000000, 0.000000000000000000, 1.000000000000000000 ) ) ;
#1036 = DIRECTION ( 'NONE',  ( -0.9970888859659945425, 0.07624797363269393558, 0.000000000000000000 ) ) ;
#1037 = CIRCLE ( 'NONE', #2974, 7.500000000000021316 ) ;
#1038 = CARTESIAN_POINT ( 'NONE',  ( 3.623044667446588740E-15, 64.15457492509398207, 29.58440482569417540 ) ) ;
#1039 = EDGE_CURVE ( 'NONE', #962, #1787, #1251, .T. ) ;
#1040 = ORIENTED_EDGE ( 'NONE', *, *, #640, .F. ) ;
#1041 = SURFACE_SIDE_STYLE ('',( #2432 ) ) ;
#1042 =( GEOMETRIC_REPRESENTATION_CONTEXT ( 3 ) GLOBAL_UNCERTAINTY_ASSIGNED_CONTEXT ( ( #302 ) ) GLOBAL_UNIT_ASSIGNED_CONTEXT ( ( #2219, #2680, #1087 ) ) REPRESENTATION_CONTEXT ( 'NONE', 'WORKASPACE' ) );
#1043 = CIRCLE ( 'NONE', #1096, 0.6999999999999999556 ) ;
#1044 = DIRECTION ( 'NONE',  ( 0.000000000000000000, 0.000000000000000000, -1.000000000000000000 ) ) ;
#1045 = CYLINDRICAL_SURFACE ( 'NONE', #1874, 22.00000000000000000 ) ;
#1046 = EDGE_CURVE ( 'NONE', #2752, #1236, #1492, .T. ) ;
#1047 = ORIENTED_EDGE ( 'NONE', *, *, #621, .T. ) ;
#1048 = VECTOR ( 'NONE', #2104, 1000.000000000000227 ) ;
#1049 = CARTESIAN_POINT ( 'NONE',  ( 0.000000000000000000, 0.000000000000000000, 0.000000000000000000 ) ) ;
#1050 = SURFACE_SIDE_STYLE ('',( #2366 ) ) ;
#1051 = DIRECTION ( 'NONE',  ( -1.000000000000000000, 0.000000000000000000, 0.000000000000000000 ) ) ;
#1052 = ORIENTED_EDGE ( 'NONE', *, *, #1857, .T. ) ;
#1053 = ORIENTED_EDGE ( 'NONE', *, *, #1823, .T. ) ;
#1054 = CIRCLE ( 'NONE', #2838, 30.00000000000000000 ) ;
#1055 = DIRECTION ( 'NONE',  ( 0.000000000000000000, 0.000000000000000000, 1.000000000000000000 ) ) ;
#1056 = VECTOR ( 'NONE', #1390, 1000.000000000000000 ) ;
#1057 = CIRCLE ( 'NONE', #814, 35.50000000000000000 ) ;
#1058 = AXIS2_PLACEMENT_3D ( 'NONE', #1627, #1604, #1890 ) ;
#1059 = ORIENTED_EDGE ( 'NONE', *, *, #2872, .F. ) ;
#1060 = DIRECTION ( 'NONE',  ( -0.000000000000000000, -0.000000000000000000, -1.000000000000000000 ) ) ;
#1061 = CIRCLE ( 'NONE', #278, 29.10237881690745709 ) ;
#1062 = EDGE_CURVE ( 'NONE', #1002, #541, #2932, .T. ) ;
#1063 = CARTESIAN_POINT ( 'NONE',  ( 0.000000000000000000, 0.9999999999999995559, -27.00000000000000000 ) ) ;
#1064 = DIRECTION ( 'NONE',  ( 0.000000000000000000, 1.000000000000000000, 0.000000000000000000 ) ) ;
#1065 = EDGE_CURVE ( 'NONE', #907, #1706, #56, .T. ) ;
#1066 = FACE_OUTER_BOUND ( 'NONE', #306, .T. ) ;
#1067 = DIRECTION ( 'NONE',  ( 0.000000000000000000, 0.000000000000000000, -1.000000000000000000 ) ) ;
#1068 = FACE_OUTER_BOUND ( 'NONE', #693, .T. ) ;
#1069 = VERTEX_POINT ( 'NONE', #871 ) ;
#1070 = DIRECTION ( 'NONE',  ( 0.000000000000000000, -1.000000000000000000, 0.000000000000000000 ) ) ;
#1071 = UNCERTAINTY_MEASURE_WITH_UNIT (LENGTH_MEASURE( 1.000000000000000082E-05 ), #1464, 'distance_accuracy_value', 'NONE');
#1072 = B_SPLINE_CURVE_WITH_KNOTS ( 'NONE', 3,
 ( #1367, #2284, #1150, #2297, #2055, #1832, #3, #2960, #885, #1813, #2755, #1378, #2736, #663, #205, #849, #2746, #1990, #2496, #2230 ),
 .UNSPECIFIED., .F., .F.,
 ( 4, 2, 2, 2, 2, 2, 2, 2, 2, 4 ),
 ( 3.837486137095518532E-07, 0.0005479033387418328445, 0.001095422928869956188, 0.002190462109126214800, 0.004380540469638732892, 0.005475579649894992372, 0.006570618830151250984, 0.007665658010407509597, 0.008213177600535637168, 0.008760697190663767342 ),
 .UNSPECIFIED. ) ;
#1073 = EDGE_LOOP ( 'NONE', ( #158, #1105 ) ) ;
#1074 = DIRECTION ( 'NONE',  ( 0.9659258262890676461, 0.2588190451025227379, 0.000000000000000000 ) ) ;
#1075 = ORIENTED_EDGE ( 'NONE', *, *, #2129, .T. ) ;
#1076 = EDGE_LOOP ( 'NONE', ( #2002, #1170, #2578, #2023 ) ) ;
#1077 = CARTESIAN_POINT ( 'NONE',  ( 0.000000000000000000, 72.65457492509398207, -30.23440482569416687 ) ) ;
#1078 = CARTESIAN_POINT ( 'NONE',  ( 0.000000000000000000, 85.00000000000000000, 0.000000000000000000 ) ) ;
#1079 = CARTESIAN_POINT ( 'NONE',  ( 8.572527594031471957E-17, 0.5000000000000004441, 0.6999999999999999556 ) ) ;
#1080 = APPLICATION_PROTOCOL_DEFINITION ( 'draft international standard', 'automotive_design', 1998, #829 ) ;
#1081 = LINE ( 'NONE', #1839, #1684 ) ;
#1082 = CARTESIAN_POINT ( 'NONE',  ( 2.500000000000003997, 0.5000000000000004441, -7.599342076785342570 ) ) ;
#1083 = EDGE_CURVE ( 'NONE', #2068, #2327, #474, .T. ) ;
#1084 = ORIENTED_EDGE ( 'NONE', *, *, #2202, .F. ) ;
#1085 = CARTESIAN_POINT ( 'NONE',  ( 60.73561562774138878, 57.96522312393115328, 7.500000000000000000 ) ) ;
#1086 = EDGE_CURVE ( 'NONE', #549, #2855, #1314, .T. ) ;
#1087 =( NAMED_UNIT ( * ) SI_UNIT ( $, .STERADIAN. ) SOLID_ANGLE_UNIT ( ) );
#1088 = ORIENTED_EDGE ( 'NONE', *, *, #1892, .F. ) ;
#1089 = VERTEX_POINT ( 'NONE', #1063 ) ;
#1090 = EDGE_LOOP ( 'NONE', ( #2930, #1937 ) ) ;
#1091 = CARTESIAN_POINT ( 'NONE',  ( 0.000000000000000000, 42.50000000000000711, -33.24999999999999289 ) ) ;
#1092 = CARTESIAN_POINT ( 'NONE',  ( 0.000000000000000000, 0.000000000000000000, 0.000000000000000000 ) ) ;
#1093 = VECTOR ( 'NONE', #1035, 1000.000000000000000 ) ;
#1094 = CARTESIAN_POINT ( 'NONE',  ( 52.40697558676630763, 73.50000000000001421, -7.500000000000000000 ) ) ;
#1095 = APPLICATION_PROTOCOL_DEFINITION ( 'draft international standard', 'automotive_design', 1998, #618 ) ;
#1096 = AXIS2_PLACEMENT_3D ( 'NONE', #1934, #126, #816 ) ;
#1097 = DIRECTION ( 'NONE',  ( -1.000000000000000000, 0.000000000000000000, 0.000000000000000000 ) ) ;
#1098 = DIRECTION ( 'NONE',  ( 0.000000000000000000, 0.000000000000000000, -1.000000000000000000 ) ) ;
#1099 = DIRECTION ( 'NONE',  ( -1.000000000000000000, 0.000000000000000000, 0.000000000000000000 ) ) ;
#1100 = DIRECTION ( 'NONE',  ( -0.07624797363269396333, -0.9970888859659945425, -0.000000000000000000 ) ) ;
#1101 = ADVANCED_FACE ( 'NONE', ( #1759 ), #842, .T. ) ;
#1102 = PRODUCT_DEFINITION_FORMATION_WITH_SPECIFIED_SOURCE ( 'ANY', '', #101, .NOT_KNOWN. ) ;
#1103 = ORIENTED_EDGE ( 'NONE', *, *, #2283, .T. ) ;
#1104 = EDGE_CURVE ( 'NONE', #426, #1400, #127, .T. ) ;
#1105 = ORIENTED_EDGE ( 'NONE', *, *, #2728, .F. ) ;
#1106 = CARTESIAN_POINT ( 'NONE',  ( 0.000000000000000000, 30.15457492509397852, 0.000000000000000000 ) ) ;
#1107 = TOROIDAL_SURFACE ( 'NONE', #2790, 28.93440482569416972, 6.806041666666680534 ) ;
#1108 = CIRCLE ( 'NONE', #2641, 6.000000000000020428 ) ;
#1109 = CLOSED_SHELL ( 'NONE', ( #2208, #2061, #2244, #978, #2303, #1845, #1711, #2702, #1767, #290, #695, #2530, #207, #44, #1142, #1801, #1531, #1122, #2321, #1330, #276, #2652, #1494, #1854, #542, #2266, #2867, #60, #2603, #1695, #438, #1252, #435, #1753, #2565, #2169, #1888, #204, #1193, #2226, #1869, #1807, #1950, #12, #371, #2125, #1755, #886, #1101, #1315, #2665 ) ) ;
#1110 = DIRECTION ( 'NONE',  ( 0.000000000000000000, -1.000000000000000000, 0.000000000000000000 ) ) ;
#1111 = AXIS2_PLACEMENT_3D ( 'NONE', #954, #1670, #2563 ) ;
#1112 = CARTESIAN_POINT ( 'NONE',  ( 35.40455414586600114, 0.5000000000000004441, -3.009169851535451557E-33 ) ) ;
#1113 = ORIENTED_EDGE ( 'NONE', *, *, #1554, .T. ) ;
#1114 = SHAPE_DEFINITION_REPRESENTATION ( #1217, #2536 ) ;
#1115 = CARTESIAN_POINT ( 'NONE',  ( 49.37318440201826775, 43.50000000000000711, 7.500000000000000000 ) ) ;
#1116 = CARTESIAN_POINT ( 'NONE',  ( 35.42741626358758111, 69.39063612833423633, 7.500000000000000000 ) ) ;
#1117 = CARTESIAN_POINT ( 'NONE',  ( 44.26154391693660273, 18.65343172185963283, 7.500000000000000000 ) ) ;
#1118 = DIRECTION ( 'NONE',  ( 0.000000000000000000, 0.000000000000000000, -1.000000000000000000 ) ) ;
#1119 = ORIENTED_EDGE ( 'NONE', *, *, #2622, .T. ) ;
#1120 = VERTEX_POINT ( 'NONE', #2915 ) ;
#1121 = DIRECTION ( 'NONE',  ( 0.000000000000000000, 0.000000000000000000, -1.000000000000000000 ) ) ;
#1122 = ADVANCED_FACE ( 'NONE', ( #648 ), #2691, .T. ) ;
#1123 = DIRECTION ( 'NONE',  ( 0.000000000000000000, -1.000000000000000000, 0.000000000000000000 ) ) ;
#1124 = DIRECTION ( 'NONE',  ( -0.000000000000000000, -0.000000000000000000, -1.000000000000000000 ) ) ;
#1125 = VERTEX_POINT ( 'NONE', #2223 ) ;
#1126 = DIRECTION ( 'NONE',  ( -0.007974560959713078434, 0.000000000000000000, 0.9999682026832152903 ) ) ;
#1127 = EDGE_CURVE ( 'NONE', #1455, #122, #2404, .T. ) ;
#1128 = ORIENTED_EDGE ( 'NONE', *, *, #2182, .F. ) ;
#1129 = DIRECTION ( 'NONE',  ( 0.000000000000000000, 1.000000000000000000, 0.000000000000000000 ) ) ;
#1130 = CARTESIAN_POINT ( 'NONE',  ( 35.22294117647059153, 68.30000000000001137, 7.500000000000000000 ) ) ;
#1131 = VERTEX_POINT ( 'NONE', #420 ) ;
#1132 = CARTESIAN_POINT ( 'NONE',  ( 5.265625000000019540, 0.7999999999999951594, -5.340710941379927412 ) ) ;
#1133 = ORIENTED_EDGE ( 'NONE', *, *, #1873, .T. ) ;
#1134 = CARTESIAN_POINT ( 'NONE',  ( 0.000000000000000000, 21.65457492509397497, 0.000000000000000000 ) ) ;
#1135 = LINE ( 'NONE', #2978, #1157 ) ;
#1136 = EDGE_CURVE ( 'NONE', #122, #1455, #951, .T. ) ;
#1137 = CYLINDRICAL_SURFACE ( 'NONE', #1681, 27.00000000000000000 ) ;
#1138 = ORIENTED_EDGE ( 'NONE', *, *, #2413, .T. ) ;
#1139 = CONTEXT_DEPENDENT_SHAPE_REPRESENTATION ( #1761, #746 ) ;
#1140 = EDGE_LOOP ( 'NONE', ( #919, #994, #2913, #2636 ) ) ;
#1141 = PLANE ( 'NONE',  #226 ) ;
#1142 = ADVANCED_FACE ( 'NONE', ( #624 ), #1107, .T. ) ;
#1143 = CARTESIAN_POINT ( 'NONE',  ( 8.000000000000017764, 1.500000000000001332, -5.339643843692361508E-15 ) ) ;
#1144 = ORIENTED_EDGE ( 'NONE', *, *, #1609, .F. ) ;
#1145 = FACE_OUTER_BOUND ( 'NONE', #486, .T. ) ;
#1146 = AXIS2_PLACEMENT_3D ( 'NONE', #2944, #1812, #2668 ) ;
#1147 = EDGE_LOOP ( 'NONE', ( #1279, #1195, #2879, #2350, #1324 ) ) ;
#1148 = DIRECTION ( 'NONE',  ( 0.000000000000000000, -1.000000000000000000, 0.000000000000000000 ) ) ;
#1149 = CIRCLE ( 'NONE', #711, 17.50000000000000000 ) ;
#1150 = CARTESIAN_POINT ( 'NONE',  ( 35.39484340516867888, 68.47190222869811294, -3.858849301537846443 ) ) ;
#1151 = CIRCLE ( 'NONE', #225, 31.29999999999999361 ) ;
#1152 = LINE ( 'NONE', #922, #522 ) ;
#1153 = AXIS2_PLACEMENT_3D ( 'NONE', #2532, #470, #724 ) ;
#1154 = VERTEX_POINT ( 'NONE', #1964 ) ;
#1155 = AXIS2_PLACEMENT_3D ( 'NONE', #2552, #286, #1441 ) ;
#1156 = EDGE_CURVE ( 'NONE', #541, #1002, #179, .T. ) ;
#1157 = VECTOR ( 'NONE', #696, 1000.000000000000000 ) ;
#1158 = CARTESIAN_POINT ( 'NONE',  ( 35.33473175808392597, 85.50000000000000000, 0.000000000000000000 ) ) ;
#1159 = EDGE_CURVE ( 'NONE', #26, #1125, #1750, .T. ) ;
#1160 = CIRCLE ( 'NONE', #2841, 6.000000000000018652 ) ;
#1161 = DIRECTION ( 'NONE',  ( -0.000000000000000000, -1.000000000000000000, -0.000000000000000000 ) ) ;
#1162 = CIRCLE ( 'NONE', #2896, 6.806041666666678758 ) ;
#1163 = EDGE_CURVE ( 'NONE', #2368, #895, #2494, .T. ) ;
#1164 = DIRECTION ( 'NONE',  ( 0.000000000000000000, -1.000000000000000000, 0.000000000000000000 ) ) ;
#1165 = DIRECTION ( 'NONE',  ( 0.000000000000000000, 0.000000000000000000, -1.000000000000000000 ) ) ;
#1166 = CIRCLE ( 'NONE', #1692, 7.500000000000000000 ) ;
#1167 = ORIENTED_EDGE ( 'NONE', *, *, #241, .T. ) ;
#1168 = CARTESIAN_POINT ( 'NONE',  ( 0.000000000000000000, 81.15457492509399628, -30.88440482569417611 ) ) ;
#1169 = CARTESIAN_POINT ( 'NONE',  ( 35.22294117647059153, 68.30000000000001137, 7.500000000000000000 ) ) ;
#1170 = ORIENTED_EDGE ( 'NONE', *, *, #1770, .T. ) ;
#1171 = CARTESIAN_POINT ( 'NONE',  ( 2.500000000000008882, 1.500000000000001332, -7.071067811865486163 ) ) ;
#1172 = CARTESIAN_POINT ( 'NONE',  ( 0.000000000000000000, 42.50000000000000711, 0.000000000000000000 ) ) ;
#1173 = CARTESIAN_POINT ( 'NONE',  ( 35.22294117647059153, 68.30000000000001137, 4.137119247808319855 ) ) ;
#1174 = DIRECTION ( 'NONE',  ( -0.000000000000000000, -1.000000000000000000, -0.000000000000000000 ) ) ;
#1175 = EDGE_CURVE ( 'NONE', #171, #1667, #1197, .T. ) ;
#1176 = ORIENTED_EDGE ( 'NONE', *, *, #23, .T. ) ;
#1177 = EDGE_CURVE ( 'NONE', #569, #265, #1968, .T. ) ;
#1178 = CARTESIAN_POINT ( 'NONE',  ( 0.000000000000000000, 1.500000000000001332, 0.000000000000000000 ) ) ;
#1179 = APPLICATION_CONTEXT ( 'automotive_design' ) ;
#1180 = CARTESIAN_POINT ( 'NONE',  ( 35.42741626358758111, 69.39063612833423633, -7.500000000000000000 ) ) ;
#1181 = ORIENTED_EDGE ( 'NONE', *, *, #1988, .F. ) ;
#1182 = CARTESIAN_POINT ( 'NONE',  ( 44.56507680020152407, 63.50000000000001421, -7.500000000000000000 ) ) ;
#1183 = CARTESIAN_POINT ( 'NONE',  ( 49.37318440201826775, 43.50000000000000711, 7.500000000000000000 ) ) ;
#1184 = CARTESIAN_POINT ( 'NONE',  ( 0.000000000000000000, 76.00000000000001421, 0.000000000000000000 ) ) ;
#1185 = DIRECTION ( 'NONE',  ( -1.000000000000000000, 0.000000000000000000, 0.000000000000000000 ) ) ;
#1186 = PRESENTATION_LAYER_ASSIGNMENT (  '', '', ( #2484 ) ) ;
#1187 = AXIS2_PLACEMENT_3D ( 'NONE', #1262, #346, #2869 ) ;
#1188 = ORIENTED_EDGE ( 'NONE', *, *, #2910, .T. ) ;
#1189 = AXIS2_PLACEMENT_3D ( 'NONE', #2569, #1148, #920 ) ;
#1190 = UNCERTAINTY_MEASURE_WITH_UNIT (LENGTH_MEASURE( 1.000000000000000082E-05 ), #1745, 'distance_accuracy_value', 'NONE');
#1191 = EDGE_LOOP ( 'NONE', ( #216, #2851, #2127, #2602 ) ) ;
#1192 = CARTESIAN_POINT ( 'NONE',  ( 29.10237881690745709, 4.000000000000003553, 3.945635060598362886E-15 ) ) ;
#1193 = ADVANCED_FACE ( 'NONE', ( #1518 ), #2433, .F. ) ;
#1194 = DIRECTION ( 'NONE',  ( 0.000000000000000000, 0.000000000000000000, 1.000000000000000000 ) ) ;
#1195 = ORIENTED_EDGE ( 'NONE', *, *, #1318, .T. ) ;
#1196 = LINE ( 'NONE', #2062, #1537 ) ;
#1197 = CIRCLE ( 'NONE', #268, 0.6999999999999999556 ) ;
#1198 = DIRECTION ( 'NONE',  ( 0.000000000000000000, -1.000000000000000000, 0.000000000000000000 ) ) ;
#1199 = ORIENTED_EDGE ( 'NONE', *, *, #1554, .F. ) ;
#1200 = AXIS2_PLACEMENT_3D ( 'NONE', #2238, #1129, #2047 ) ;
#1201 = TOROIDAL_SURFACE ( 'NONE', #521, 27.63440482569416190, 6.806041666666680534 ) ;
#1202 = AXIS2_PLACEMENT_3D ( 'NONE', #802, #748, #1682 ) ;
#1203 = DIRECTION ( 'NONE',  ( -0.000000000000000000, -1.000000000000000000, -0.000000000000000000 ) ) ;
#1204 = CARTESIAN_POINT ( 'NONE',  ( 0.000000000000000000, 0.000000000000000000, 0.000000000000000000 ) ) ;
#1205 = AXIS2_PLACEMENT_3D ( 'NONE', #1017, #336, #1031 ) ;
#1206 = TOROIDAL_SURFACE ( 'NONE', #1596, 26.33440482569416474, 6.806041666666682310 ) ;
#1207 = CIRCLE ( 'NONE', #1258, 6.000000000000018652 ) ;
#1208 = VERTEX_POINT ( 'NONE', #2236 ) ;
#1209 = CARTESIAN_POINT ( 'NONE',  ( 0.000000000000000000, 0.000000000000000000, 0.000000000000000000 ) ) ;
#1210 = FACE_BOUND ( 'NONE', #2592, .T. ) ;
#1211 = ADVANCED_FACE ( 'NONE', ( #1297 ), #1981, .F. ) ;
#1212 = ORIENTED_EDGE ( 'NONE', *, *, #2926, .F. ) ;
#1213 = DIRECTION ( 'NONE',  ( -0.000000000000000000, -0.000000000000000000, -1.000000000000000000 ) ) ;
#1214 = DIRECTION ( 'NONE',  ( 0.000000000000000000, -1.000000000000000000, 0.000000000000000000 ) ) ;
#1215 = EDGE_CURVE ( 'NONE', #1757, #1706, #2450, .T. ) ;
#1216 = ORIENTED_EDGE ( 'NONE', *, *, #281, .T. ) ;
#1217 = PRODUCT_DEFINITION_SHAPE ( 'NONE', 'NONE',  #2886 ) ;
#1218 = CARTESIAN_POINT ( 'NONE',  ( 8.326672684688674053E-16, 0.000000000000000000, -7.500000000000021316 ) ) ;
#1219 =( LENGTH_UNIT ( ) NAMED_UNIT ( * ) SI_UNIT ( .MILLI., .METRE. ) );
#1220 = CARTESIAN_POINT ( 'NONE',  ( 2.500000000000007994, 0.5000000000000004441, -7.071067811865486163 ) ) ;
#1221 = VERTEX_POINT ( 'NONE', #1611 ) ;
#1222 = ORIENTED_EDGE ( 'NONE', *, *, #1289, .T. ) ;
#1223 = CARTESIAN_POINT ( 'NONE',  ( 0.000000000000000000, 0.000000000000000000, 0.000000000000000000 ) ) ;
#1224 = DIRECTION ( 'NONE',  ( -0.000000000000000000, -1.000000000000000000, -0.000000000000000000 ) ) ;
#1225 = ORIENTED_EDGE ( 'NONE', *, *, #1965, .T. ) ;
#1226 = DIRECTION ( 'NONE',  ( 1.000000000000000000, -8.673617379884048291E-16, 9.115745035929406798E-64 ) ) ;
#1227 = ORIENTED_EDGE ( 'NONE', *, *, #1136, .F. ) ;
#1228 = EDGE_CURVE ( 'NONE', #2068, #2181, #1595, .T. ) ;
#1229 = SPHERICAL_SURFACE ( 'NONE', #1352, 203.4000000000003183 ) ;
#1230 = DIRECTION ( 'NONE',  ( -0.000000000000000000, -0.000000000000000000, -1.000000000000000000 ) ) ;
#1231 = ORIENTED_EDGE ( 'NONE', *, *, #2004, .T. ) ;
#1232 = EDGE_CURVE ( 'NONE', #1131, #1278, #1135, .T. ) ;
#1233 = DIRECTION ( 'NONE',  ( 1.000000000000000000, 0.000000000000000000, 0.000000000000000000 ) ) ;
#1234 = CARTESIAN_POINT ( 'NONE',  ( 0.000000000000000000, 1.000000000000000888, -37.00000000000000000 ) ) ;
#1235 = CARTESIAN_POINT ( 'NONE',  ( 4.469960816887838430E-15, 0.5000000000000004441, 36.50000000000000000 ) ) ;
#1236 = VERTEX_POINT ( 'NONE', #219 ) ;
#1237 = EDGE_LOOP ( 'NONE', ( #280, #1222, #2278 ) ) ;
#1238 = PRODUCT_DEFINITION_FORMATION_WITH_SPECIFIED_SOURCE ( 'ANY', '', #1272, .NOT_KNOWN. ) ;
#1239 = CIRCLE ( 'NONE', #215, 6.806041666666682310 ) ;
#1240 = LINE ( 'NONE', #2151, #1343 ) ;
#1241 = ORIENTED_EDGE ( 'NONE', *, *, #763, .F. ) ;
#1242 =( NAMED_UNIT ( * ) PLANE_ANGLE_UNIT ( ) SI_UNIT ( $, .RADIAN. ) );
#1243 = PRODUCT ( 'Part_2--Cover', 'Part_2--Cover', '', ( #2918 ) ) ;
#1244 = CARTESIAN_POINT ( 'NONE',  ( 0.000000000000000000, 2.520677711606689186, -19.11532823379668855 ) ) ;
#1245 = CARTESIAN_POINT ( 'NONE',  ( 31.29615550032746540, 15.17936636607335110, -7.500000000000000000 ) ) ;
#1246 = ORIENTED_EDGE ( 'NONE', *, *, #739, .T. ) ;
#1247 = EDGE_CURVE ( 'NONE', #2916, #406, #2312, .T. ) ;
#1248 = DIRECTION ( 'NONE',  ( 1.110223024625153336E-16, 0.000000000000000000, -1.000000000000000000 ) ) ;
#1249 = AXIS2_PLACEMENT_3D ( 'NONE', #2692, #136, #1555 ) ;
#1250 = SURFACE_STYLE_FILL_AREA ( #702 ) ;
#1251 = CIRCLE ( 'NONE', #1540, 30.00000000000000000 ) ;
#1252 = ADVANCED_FACE ( 'NONE', ( #2519 ), #453, .F. ) ;
#1253 = AXIS2_PLACEMENT_3D ( 'NONE', #1169, #2756, #2767 ) ;
#1254 = ORIENTED_EDGE ( 'NONE', *, *, #98, .F. ) ;
#1255 = AXIS2_PLACEMENT_3D ( 'NONE', #573, #1500, #2683 ) ;
#1256 = EDGE_LOOP ( 'NONE', ( #1836, #861, #2789, #161 ) ) ;
#1257 = DIRECTION ( 'NONE',  ( 1.110223024625153336E-16, 0.000000000000000000, -1.000000000000000000 ) ) ;
#1258 = AXIS2_PLACEMENT_3D ( 'NONE', #1286, #315, #1471 ) ;
#1259 = PLANE ( 'NONE',  #1744 ) ;
#1260 = DIRECTION ( 'NONE',  ( 0.000000000000000000, -1.000000000000000000, 0.000000000000000000 ) ) ;
#1261 = EDGE_LOOP ( 'NONE', ( #2717, #2343, #1571, #1225, #515, #2197, #2883, #603, #1777, #202 ) ) ;
#1262 = CARTESIAN_POINT ( 'NONE',  ( 0.000000000000000000, 1.500000000000001332, 0.000000000000000000 ) ) ;
#1263 = CARTESIAN_POINT ( 'NONE',  ( 4.469960816887840007E-15, 0.000000000000000000, 36.50000000000000711 ) ) ;
#1264 = CARTESIAN_POINT ( 'NONE',  ( 60.73561562774138878, 57.96522312393115328, 7.500000000000000000 ) ) ;
#1265 = ORIENTED_EDGE ( 'NONE', *, *, #2334, .F. ) ;
#1266 = DIRECTION ( 'NONE',  ( -0.000000000000000000, -1.000000000000000000, -0.000000000000000000 ) ) ;
#1267 = SURFACE_STYLE_USAGE ( .BOTH. , #1050 ) ;
#1268 = CARTESIAN_POINT ( 'NONE',  ( 0.000000000000000000, 4.654574925093975857, -25.03440482569416758 ) ) ;
#1269 = ORIENTED_EDGE ( 'NONE', *, *, #187, .T. ) ;
#1270 = EDGE_CURVE ( 'NONE', #1697, #1827, #1072, .T. ) ;
#1271 = VERTEX_POINT ( 'NONE', #2970 ) ;
#1272 = PRODUCT ( 'Part_3--Cork', 'Part_3--Cork', '', ( #906 ) ) ;
#1273 = FACE_BOUND ( 'NONE', #1820, .T. ) ;
#1274 = CARTESIAN_POINT ( 'NONE',  ( 55.10545109075813741, 66.00000000000001421, 7.500000000000000000 ) ) ;
#1275 = EDGE_CURVE ( 'NONE', #2632, #426, #1825, .T. ) ;
#1276 = B_SPLINE_CURVE_WITH_KNOTS ( 'NONE', 3,
 ( #1173, #2130, #266, #46, #936, #2088 ),
 .UNSPECIFIED., .F., .F.,
 ( 4, 2, 4 ),
 ( 1.306379868536101684E-06, 0.001737672916751761745, 0.003474039453634987160 ),
 .UNSPECIFIED. ) ;
#1277 = DIRECTION ( 'NONE',  ( -1.224646799147353454E-16, 0.000000000000000000, -1.000000000000000000 ) ) ;
#1278 = VERTEX_POINT ( 'NONE', #896 ) ;
#1279 = ORIENTED_EDGE ( 'NONE', *, *, #1967, .F. ) ;
#1280 = FACE_OUTER_BOUND ( 'NONE', #273, .T. ) ;
#1281 = LINE ( 'NONE', #1665, #1000 ) ;
#1282 = CARTESIAN_POINT ( 'NONE',  ( 32.11108258208883370, 15.39772541952156359, 1.230342396063227817 ) ) ;
#1283 = ORIENTED_EDGE ( 'NONE', *, *, #1232, .F. ) ;
#1284 = CARTESIAN_POINT ( 'NONE',  ( 0.000000000000000000, 0.5000000000000004441, 0.000000000000000000 ) ) ;
#1285 = CARTESIAN_POINT ( 'NONE',  ( 31.89399498628128171, 12.75136652251291380, 6.266367486722778324 ) ) ;
#1286 = CARTESIAN_POINT ( 'NONE',  ( -8.000000000000042633, 0.1000000000000028644, -3.604920367715554414E-15 ) ) ;
#1287 = ORIENTED_EDGE ( 'NONE', *, *, #2682, .T. ) ;
#1288 = CARTESIAN_POINT ( 'NONE',  ( 0.000000000000000000, 51.00000000000000711, 0.000000000000000000 ) ) ;
#1289 = EDGE_CURVE ( 'NONE', #48, #1912, #677, .T. ) ;
#1290 = AXIS2_PLACEMENT_3D ( 'NONE', #1405, #2517, #2336 ) ;
#1291 = DIRECTION ( 'NONE',  ( 1.110223024625153336E-16, 0.000000000000000000, -1.000000000000000000 ) ) ;
#1292 = EDGE_LOOP ( 'NONE', ( #292, #2316, #2809, #759 ) ) ;
#1293 = CARTESIAN_POINT ( 'NONE',  ( 0.000000000000000000, 0.000000000000000000, 0.000000000000000000 ) ) ;
#1294 = EDGE_CURVE ( 'NONE', #562, #1707, #1685, .T. ) ;
#1295 =( GEOMETRIC_REPRESENTATION_CONTEXT ( 3 ) GLOBAL_UNCERTAINTY_ASSIGNED_CONTEXT ( ( #1071 ) ) GLOBAL_UNIT_ASSIGNED_CONTEXT ( ( #1464, #1242, #2718 ) ) REPRESENTATION_CONTEXT ( 'NONE', 'WORKASPACE' ) );
#1296 = EDGE_CURVE ( 'NONE', #1787, #962, #1054, .T. ) ;
#1297 = FACE_OUTER_BOUND ( 'NONE', #349, .T. ) ;
#1298 = PLANE ( 'NONE',  #2987 ) ;
#1299 = B_SPLINE_CURVE_WITH_KNOTS ( 'NONE', 3,
 ( #2147, #76, #998, #791 ),
 .UNSPECIFIED., .F., .F.,
 ( 4, 4 ),
 ( 2.161430514355574225E-07, 0.002598464965525107764 ),
 .UNSPECIFIED. ) ;
#1300 = DIRECTION ( 'NONE',  ( -0.000000000000000000, -1.000000000000000000, -0.000000000000000000 ) ) ;
#1301 = CARTESIAN_POINT ( 'NONE',  ( 0.000000000000000000, 1.500000000000001332, 0.000000000000000000 ) ) ;
#1302 = CARTESIAN_POINT ( 'NONE',  ( 2.864283919853507895E-15, -29.69715421864641769, 23.38865313531815104 ) ) ;
#1303 = AXIS2_PLACEMENT_3D ( 'NONE', #1615, #445, #210 ) ;
#1304 = ORIENTED_EDGE ( 'NONE', *, *, #948, .T. ) ;
#1305 = VECTOR ( 'NONE', #308, 1000.000000000000000 ) ;
#1306 = CIRCLE ( 'NONE', #2499, 7.500000000000000000 ) ;
#1307 = DIRECTION ( 'NONE',  ( 0.000000000000000000, 0.000000000000000000, 1.000000000000000000 ) ) ;
#1308 = VECTOR ( 'NONE', #29, 1000.000000000000000 ) ;
#1309 = ORIENTED_EDGE ( 'NONE', *, *, #1983, .T. ) ;
#1310 = AXIS2_PLACEMENT_3D ( 'NONE', #211, #2533, #472 ) ;
#1311 = EDGE_LOOP ( 'NONE', ( #653, #680, #391, #2504 ) ) ;
#1312 = DIRECTION ( 'NONE',  ( 0.07624797363269396333, 0.9970888859659945425, 0.000000000000000000 ) ) ;
#1313 = AXIS2_PLACEMENT_3D ( 'NONE', #1851, #1230, #1015 ) ;
#1314 = LINE ( 'NONE', #160, #1918 ) ;
#1315 = ADVANCED_FACE ( 'NONE', ( #615 ), #1778, .F. ) ;
#1316 = FACE_OUTER_BOUND ( 'NONE', #1849, .T. ) ;
#1317 = DIRECTION ( 'NONE',  ( 0.000000000000000000, 0.000000000000000000, -1.000000000000000000 ) ) ;
#1318 = EDGE_CURVE ( 'NONE', #176, #2060, #2939, .T. ) ;
#1319 = DIRECTION ( 'NONE',  ( -1.224646799147353454E-16, 0.000000000000000000, -1.000000000000000000 ) ) ;
#1320 = CARTESIAN_POINT ( 'NONE',  ( 4.335807390997395713E-15, 0.5000000000000004441, 35.40455414586600114 ) ) ;
#1321 = CARTESIAN_POINT ( 'NONE',  ( 4.469960816887838430E-15, 0.000000000000000000, 36.50000000000000000 ) ) ;
#1322 = ORIENTED_EDGE ( 'NONE', *, *, #2190, .T. ) ;
#1323 = CARTESIAN_POINT ( 'NONE',  ( 0.000000000000000000, 1.500000000000001332, 0.000000000000000000 ) ) ;
#1324 = ORIENTED_EDGE ( 'NONE', *, *, #394, .F. ) ;
#1325 = CARTESIAN_POINT ( 'NONE',  ( 35.22294117647059153, 68.30000000000001137, 7.500000000000000000 ) ) ;
#1326 = DIRECTION ( 'NONE',  ( -0.000000000000000000, -1.000000000000000000, -0.000000000000000000 ) ) ;
#1327 = FACE_BOUND ( 'NONE', #507, .T. ) ;
#1328 = CARTESIAN_POINT ( 'NONE',  ( 0.000000000000000000, 0.7999999999999951594, 0.000000000000000000 ) ) ;
#1329 = DIRECTION ( 'NONE',  ( 0.07624797363269396333, 0.9970888859659945425, 0.000000000000000000 ) ) ;
#1330 = ADVANCED_FACE ( 'NONE', ( #2955 ), #1201, .T. ) ;
#1331 = B_SPLINE_CURVE_WITH_KNOTS ( 'NONE', 3,
 ( #2145, #1285, #75, #2195, #996, #1924, #2919, #2933, #1985, #1344, #364, #2016 ),
 .UNSPECIFIED., .F., .F.,
 ( 4, 2, 2, 2, 2, 4 ),
 ( 2.032575600038626800E-07, 0.003761378918573042400, 0.007522554579586080391, 0.009403142410092600254, 0.01128373024059911925, 0.01504490590161215724 ),
 .UNSPECIFIED. ) ;
#1332 = FACE_OUTER_BOUND ( 'NONE', #958, .T. ) ;
#1333 = DIRECTION ( 'NONE',  ( -0.000000000000000000, -1.000000000000000000, -0.000000000000000000 ) ) ;
#1334 = EDGE_LOOP ( 'NONE', ( #2829, #2380, #843, #2502 ) ) ;
#1335 = CIRCLE ( 'NONE', #1960, 31.94999999999999929 ) ;
#1336 = ORIENTED_EDGE ( 'NONE', *, *, #1622, .T. ) ;
#1337 = DIRECTION ( 'NONE',  ( 0.9970888859659945425, -0.07624797363269396333, 0.000000000000000000 ) ) ;
#1338 = AXIS2_PLACEMENT_3D ( 'NONE', #1944, #1896, #2183 ) ;
#1339 = ORIENTED_EDGE ( 'NONE', *, *, #1065, .F. ) ;
#1340 = CARTESIAN_POINT ( 'NONE',  ( 8.000000000000017764, 0.1000000000000028644, -5.339643843692361508E-15 ) ) ;
#1341 = ORIENTED_EDGE ( 'NONE', *, *, #2407, .F. ) ;
#1342 = CARTESIAN_POINT ( 'NONE',  ( 0.000000000000000000, 0.000000000000000000, 0.000000000000000000 ) ) ;
#1343 = VECTOR ( 'NONE', #2355, 1000.000000000000227 ) ;
#1344 = CARTESIAN_POINT ( 'NONE',  ( 32.11672641819870933, 12.81104722982421684, -5.019772629979958545 ) ) ;
#1345 = CARTESIAN_POINT ( 'NONE',  ( 36.08849027653653962, 74.23527126052751157, 7.500000000000000000 ) ) ;
#1346 = CARTESIAN_POINT ( 'NONE',  ( 31.59127589503399491, 13.73075659161098017, 7.500000000000000000 ) ) ;
#1347 = ADVANCED_FACE ( 'NONE', ( #1809 ), #2748, .T. ) ;
#1348 = ORIENTED_EDGE ( 'NONE', *, *, #2892, .F. ) ;
#1349 = EDGE_CURVE ( 'NONE', #2109, #1957, #866, .T. ) ;
#1350 = ORIENTED_EDGE ( 'NONE', *, *, #999, .T. ) ;
#1351 = FACE_OUTER_BOUND ( 'NONE', #104, .T. ) ;
#1352 = AXIS2_PLACEMENT_3D ( 'NONE', #1935, #768, #734 ) ;
#1353 = VECTOR ( 'NONE', #363, 1000.000000000000114 ) ;
#1354 = CARTESIAN_POINT ( 'NONE',  ( 0.000000000000000000, 76.50000000000002842, 0.000000000000000000 ) ) ;
#1355 = CYLINDRICAL_SURFACE ( 'NONE', #755, 10.00000000000000178 ) ;
#1356 = EDGE_LOOP ( 'NONE', ( #288, #2250 ) ) ;
#1357 = DIRECTION ( 'NONE',  ( 0.000000000000000000, 0.000000000000000000, 1.000000000000000000 ) ) ;
#1358 = VECTOR ( 'NONE', #2080, 1000.000000000000114 ) ;
#1359 = ORIENTED_EDGE ( 'NONE', *, *, #2299, .F. ) ;
#1360 = CARTESIAN_POINT ( 'NONE',  ( 35.81176470588235361, 76.00000000000001421, -7.500000000000000000 ) ) ;
#1361 = PLANE ( 'NONE',  #674 ) ;
#1362 = CARTESIAN_POINT ( 'NONE',  ( 8.581783089164982967E-17, 1.500000000000001332, 7.500000000000000000 ) ) ;
#1363 = CARTESIAN_POINT ( 'NONE',  ( 35.22294117647059153, 68.30000000000001137, -7.500000000000000000 ) ) ;
#1364 = EDGE_CURVE ( 'NONE', #1792, #1647, #2730, .T. ) ;
#1365 = VERTEX_POINT ( 'NONE', #2909 ) ;
#1366 = EDGE_CURVE ( 'NONE', #1978, #582, #412, .T. ) ;
#1367 = CARTESIAN_POINT ( 'NONE',  ( 35.22294117647059153, 68.30000000000001137, -4.137119247793823895 ) ) ;
#1368 = CARTESIAN_POINT ( 'NONE',  ( 35.75340232479426561, 75.23679963192498121, 7.500000000000000000 ) ) ;
#1369 = ORIENTED_EDGE ( 'NONE', *, *, #971, .T. ) ;
#1370 = PRODUCT_CONTEXT ( 'NONE', #465, 'mechanical' ) ;
#1371 = EDGE_LOOP ( 'NONE', ( #2965, #221 ) ) ;
#1372 = FACE_OUTER_BOUND ( 'NONE', #2696, .T. ) ;
#1373 = DIRECTION ( 'NONE',  ( 0.000000000000000000, 0.000000000000000000, 1.000000000000000000 ) ) ;
#1374 = EDGE_LOOP ( 'NONE', ( #1034, #2427, #839, #1392, #1407, #1993 ) ) ;
#1375 = DIRECTION ( 'NONE',  ( 0.000000000000000000, 0.000000000000000000, -1.000000000000000000 ) ) ;
#1376 = ORIENTED_EDGE ( 'NONE', *, *, #1671, .F. ) ;
#1377 = CARTESIAN_POINT ( 'NONE',  ( -2.500000000000004885, 0.5000000000000004441, -15.00000000000001954 ) ) ;
#1378 = CARTESIAN_POINT ( 'NONE',  ( 35.99236263368349142, 69.06942145721291126, 1.449676154595207267 ) ) ;
#1379 = CARTESIAN_POINT ( 'NONE',  ( 35.94344642507971344, 74.74262617032769640, -7.500000000000000000 ) ) ;
#1380 = EDGE_CURVE ( 'NONE', #1712, #339, #200, .T. ) ;
#1381 = EDGE_LOOP ( 'NONE', ( #1516, #235, #1088, #2387 ) ) ;
#1382 = AXIS2_PLACEMENT_3D ( 'NONE', #1726, #1708, #2633 ) ;
#1383 = CARTESIAN_POINT ( 'NONE',  ( -5.265625000000017764, 1.500000000000001332, -5.340710941379930965 ) ) ;
#1384 = CYLINDRICAL_SURFACE ( 'NONE', #1313, 9.999999999999994671 ) ;
#1385 = AXIS2_PLACEMENT_3D ( 'NONE', #1731, #1060, #2884 ) ;
#1386 = DIRECTION ( 'NONE',  ( -0.000000000000000000, -1.000000000000000000, -0.000000000000000000 ) ) ;
#1387 = DIRECTION ( 'NONE',  ( 0.000000000000000000, 0.000000000000000000, -1.000000000000000000 ) ) ;
#1388 = VERTEX_POINT ( 'NONE', #2713 ) ;
#1389 = CARTESIAN_POINT ( 'NONE',  ( 60.50348041593301218, 38.22634448029987198, -7.500000000000000000 ) ) ;
#1390 = DIRECTION ( 'NONE',  ( -0.000000000000000000, 1.000000000000000000, -0.000000000000000000 ) ) ;
#1391 = CIRCLE ( 'NONE', #2732, 17.50000000000000000 ) ;
#1392 = ORIENTED_EDGE ( 'NONE', *, *, #2332, .T. ) ;
#1393 = CLOSED_SHELL ( 'NONE', ( #257, #311, #944, #2078, #2373, #40, #1394, #602, #2743, #2092, #2540, #915, #682, #1347, #2686, #1826, #526, #1429, #2105, #2042, #2562, #2318, #1021, #1566, #2831, #2551, #528, #1211, #259, #544 ) ) ;
#1394 = ADVANCED_FACE ( 'NONE', ( #837 ), #1972, .T. ) ;
#1395 = DIRECTION ( 'NONE',  ( -1.000000000000000000, 0.000000000000000000, 0.000000000000000000 ) ) ;
#1396 = VECTOR ( 'NONE', #111, 1000.000000000000000 ) ;
#1397 = CARTESIAN_POINT ( 'NONE',  ( 0.000000000000000000, 4.654574925093975857, 0.000000000000000000 ) ) ;
#1398 = AXIS2_PLACEMENT_3D ( 'NONE', #981, #1690, #2600 ) ;
#1399 = AXIS2_PLACEMENT_3D ( 'NONE', #616, #1544, #2233 ) ;
#1400 = VERTEX_POINT ( 'NONE', #1321 ) ;
#1401 = EDGE_CURVE ( 'NONE', #1792, #907, #2162, .T. ) ;
#1402 = FACE_OUTER_BOUND ( 'NONE', #2308, .T. ) ;
#1403 = DIRECTION ( 'NONE',  ( 0.000000000000000000, 0.000000000000000000, -1.000000000000000000 ) ) ;
#1404 = ORIENTED_EDGE ( 'NONE', *, *, #1625, .T. ) ;
#1405 = CARTESIAN_POINT ( 'NONE',  ( 0.000000000000000000, 1.500000000000001332, 0.000000000000000000 ) ) ;
#1406 = CARTESIAN_POINT ( 'NONE',  ( 35.55174373512501518, 69.62410000147521316, -7.499999999999999112 ) ) ;
#1407 = ORIENTED_EDGE ( 'NONE', *, *, #2671, .T. ) ;
#1408 = DIRECTION ( 'NONE',  ( 0.000000000000000000, 0.000000000000000000, 1.000000000000000000 ) ) ;
#1409 = CARTESIAN_POINT ( 'NONE',  ( 0.000000000000000000, 13.15457492509397674, 0.000000000000000000 ) ) ;
#1410 = EDGE_CURVE ( 'NONE', #2351, #2181, #1003, .T. ) ;
#1411 = DIRECTION ( 'NONE',  ( 0.000000000000000000, -1.000000000000000000, 0.000000000000000000 ) ) ;
#1412 = LINE ( 'NONE', #728, #1784 ) ;
#1413 = EDGE_CURVE ( 'NONE', #1365, #848, #2503, .T. ) ;
#1414 = ORIENTED_EDGE ( 'NONE', *, *, #380, .F. ) ;
#1415 = CARTESIAN_POINT ( 'NONE',  ( 44.26154391693660273, 18.65343172185963283, -7.500000000000000000 ) ) ;
#1416 = DIRECTION ( 'NONE',  ( -1.000000000000000000, 0.000000000000000000, 0.000000000000000000 ) ) ;
#1417 = ORIENTED_EDGE ( 'NONE', *, *, #2585, .F. ) ;
#1418 = DIRECTION ( 'NONE',  ( -0.000000000000000000, -0.000000000000000000, -1.000000000000000000 ) ) ;
#1419 = DIRECTION ( 'NONE',  ( 0.000000000000000000, 0.000000000000000000, -1.000000000000000000 ) ) ;
#1420 = ORIENTED_EDGE ( 'NONE', *, *, #1318, .F. ) ;
#1421 =( GEOMETRIC_REPRESENTATION_CONTEXT ( 3 ) GLOBAL_UNCERTAINTY_ASSIGNED_CONTEXT ( ( #969 ) ) GLOBAL_UNIT_ASSIGNED_CONTEXT ( ( #2664, #882, #644 ) ) REPRESENTATION_CONTEXT ( 'NONE', 'WORKASPACE' ) );
#1422 = CARTESIAN_POINT ( 'NONE',  ( 31.51537218067444002, 14.36470797440865965, -7.499999999999999112 ) ) ;
#1423 = DIRECTION ( 'NONE',  ( -0.000000000000000000, -1.000000000000000000, -0.000000000000000000 ) ) ;
#1424 = PRESENTATION_LAYER_ASSIGNMENT (  '', '', ( #2778 ) ) ;
#1425 = COLOUR_RGB ( '',0.5019607843137254832, 1.000000000000000000, 0.5019607843137254832 ) ;
#1426 = ORIENTED_EDGE ( 'NONE', *, *, #1427, .T. ) ;
#1427 = EDGE_CURVE ( 'NONE', #1120, #45, #2695, .T. ) ;
#1428 = FACE_OUTER_BOUND ( 'NONE', #1503, .T. ) ;
#1429 = ADVANCED_FACE ( 'NONE', ( #1145 ), #1865, .F. ) ;
#1430 = PLANE ( 'NONE',  #429 ) ;
#1431 = ORIENTED_EDGE ( 'NONE', *, *, #1931, .F. ) ;
#1432 = CONTEXT_DEPENDENT_SHAPE_REPRESENTATION ( #2156, #312 ) ;
#1433 = ORIENTED_EDGE ( 'NONE', *, *, #1675, .T. ) ;
#1434 = FACE_OUTER_BOUND ( 'NONE', #792, .T. ) ;
#1435 = AXIS2_PLACEMENT_3D ( 'NONE', #533, #546, #2139 ) ;
#1436 = DIRECTION ( 'NONE',  ( 0.000000000000000000, 0.000000000000000000, -1.000000000000000000 ) ) ;
#1437 = ORIENTED_EDGE ( 'NONE', *, *, #784, .F. ) ;
#1438 = EDGE_LOOP ( 'NONE', ( #2374, #1359, #2721, #1075 ) ) ;
#1439 = AXIS2_PLACEMENT_3D ( 'NONE', #684, #1123, #2765 ) ;
#1440 = AXIS2_PLACEMENT_3D ( 'NONE', #2338, #1124, #2529 ) ;
#1441 = DIRECTION ( 'NONE',  ( 0.07624797363269396333, 0.9970888859659945425, 0.000000000000000000 ) ) ;
#1442 = AXIS2_PLACEMENT_3D ( 'NONE', #2660, #2435, #1923 ) ;
#1443 = VECTOR ( 'NONE', #352, 1000.000000000000000 ) ;
#1444 = CIRCLE ( 'NONE', #227, 30.64999999999999503 ) ;
#1445 = EDGE_LOOP ( 'NONE', ( #852, #645, #740, #2478 ) ) ;
#1446 = EDGE_LOOP ( 'NONE', ( #68, #330, #2938, #1875 ) ) ;
#1447 = PLANE ( 'NONE',  #1338 ) ;
#1448 = EDGE_CURVE ( 'NONE', #1898, #1884, #2766, .T. ) ;
#1449 = CARTESIAN_POINT ( 'NONE',  ( 0.000000000000000000, 4.654574925093975857, 0.000000000000000000 ) ) ;
#1450 = ORIENTED_EDGE ( 'NONE', *, *, #2184, .T. ) ;
#1451 = DIRECTION ( 'NONE',  ( 0.000000000000000000, 0.000000000000000000, -1.000000000000000000 ) ) ;
#1452 = EDGE_CURVE ( 'NONE', #2613, #2351, #1412, .T. ) ;
#1453 = CARTESIAN_POINT ( 'NONE',  ( 35.33473175808392597, 85.50000000000000000, 4.327256614626781080E-15 ) ) ;
#1454 = CARTESIAN_POINT ( 'NONE',  ( 0.000000000000000000, 8.500000000000003553, 0.000000000000000000 ) ) ;
#1455 = VERTEX_POINT ( 'NONE', #2553 ) ;
#1456 = PRODUCT_DEFINITION_SHAPE ( 'NONE', 'NONE',  #2992 ) ;
#1457 = DIRECTION ( 'NONE',  ( 0.000000000000000000, 0.000000000000000000, -1.000000000000000000 ) ) ;
#1458 = DIRECTION ( 'NONE',  ( 0.000000000000000000, 0.000000000000000000, 1.000000000000000000 ) ) ;
#1459 = DIRECTION ( 'NONE',  ( -0.000000000000000000, -1.000000000000000000, -0.000000000000000000 ) ) ;
#1460 = ORIENTED_EDGE ( 'NONE', *, *, #1983, .F. ) ;
#1461 = ORIENTED_EDGE ( 'NONE', *, *, #2299, .T. ) ;
#1462 = DIRECTION ( 'NONE',  ( 0.000000000000000000, 0.000000000000000000, -1.000000000000000000 ) ) ;
#1463 = ORIENTED_EDGE ( 'NONE', *, *, #2800, .F. ) ;
#1464 =( LENGTH_UNIT ( ) NAMED_UNIT ( * ) SI_UNIT ( .MILLI., .METRE. ) );
#1465 = DIRECTION ( 'NONE',  ( -0.07624797363269396333, -0.9970888859659945425, -0.000000000000000000 ) ) ;
#1466 = EDGE_CURVE ( 'NONE', #928, #1620, #270, .T. ) ;
#1467 = CARTESIAN_POINT ( 'NONE',  ( 0.000000000000000000, 1.500000000000001332, 0.000000000000000000 ) ) ;
#1468 = VERTEX_POINT ( 'NONE', #967 ) ;
#1469 = DIRECTION ( 'NONE',  ( 0.000000000000000000, 0.000000000000000000, -1.000000000000000000 ) ) ;
#1470 = FILL_AREA_STYLE ('',( #551 ) ) ;
#1471 = DIRECTION ( 'NONE',  ( 0.000000000000000000, 0.000000000000000000, 1.000000000000000000 ) ) ;
#1472 = ORIENTED_EDGE ( 'NONE', *, *, #2416, .F. ) ;
#1473 = CIRCLE ( 'NONE', #1575, 6.806041666666685863 ) ;
#1474 = AXIS2_PLACEMENT_3D ( 'NONE', #2739, #1817, #1565 ) ;
#1475 = ORIENTED_EDGE ( 'NONE', *, *, #1104, .T. ) ;
#1476 = CIRCLE ( 'NONE', #660, 37.00000000000000000 ) ;
#1477 = DIRECTION ( 'NONE',  ( 0.000000000000000000, 0.5735764363510470476, 0.8191520442889911324 ) ) ;
#1478 = EDGE_CURVE ( 'NONE', #2951, #2245, #431, .T. ) ;
#1479 = DIRECTION ( 'NONE',  ( -0.07624797363269393558, -0.9970888859659945425, 0.000000000000000000 ) ) ;
#1480 = AXIS2_PLACEMENT_3D ( 'NONE', #159, #2704, #1573 ) ;
#1481 = CARTESIAN_POINT ( 'NONE',  ( 52.40697558676630763, 73.50000000000001421, 7.500000000000000000 ) ) ;
#1482 = ORIENTED_EDGE ( 'NONE', *, *, #1294, .F. ) ;
#1483 = DIRECTION ( 'NONE',  ( 0.000000000000000000, -1.000000000000000000, 0.000000000000000000 ) ) ;
#1484 = DIRECTION ( 'NONE',  ( 0.000000000000000000, 0.000000000000000000, -1.000000000000000000 ) ) ;
#1485 = DIRECTION ( 'NONE',  ( 0.000000000000000000, 0.000000000000000000, -1.000000000000000000 ) ) ;
#1486 = ORIENTED_EDGE ( 'NONE', *, *, #131, .F. ) ;
#1487 = EDGE_CURVE ( 'NONE', #1125, #540, #1543, .T. ) ;
#1488 = DIRECTION ( 'NONE',  ( 0.000000000000000000, 0.000000000000000000, -1.000000000000000000 ) ) ;
#1489 = FACE_OUTER_BOUND ( 'NONE', #50, .T. ) ;
#1490 = AXIS2_PLACEMENT_3D ( 'NONE', #2480, #863, #2468 ) ;
#1491 = CARTESIAN_POINT ( 'NONE',  ( 4.347496136973101704E-15, 1.000000000000014655, 35.49999999999998579 ) ) ;
#1492 = CIRCLE ( 'NONE', #2985, 22.00000000000000711 ) ;
#1493 = TOROIDAL_SURFACE ( 'NONE', #271, 23.38865313531815104, 32.50000000000000000 ) ;
#1494 = ADVANCED_FACE ( 'NONE', ( #517 ), #625, .T. ) ;
#1495 = CLOSED_SHELL ( 'NONE', ( #1835, #891, #2750, #548, #2090, #565, #410, #2081, #1716, #467, #1585 ) ) ;
#1496 = ORIENTED_EDGE ( 'NONE', *, *, #1366, .F. ) ;
#1497 = ORIENTED_EDGE ( 'NONE', *, *, #359, .T. ) ;
#1498 =( NAMED_UNIT ( * ) PLANE_ANGLE_UNIT ( ) SI_UNIT ( $, .RADIAN. ) );
#1499 = CIRCLE ( 'NONE', #382, 17.65764939443949189 ) ;
#1500 = DIRECTION ( 'NONE',  ( -0.000000000000000000, -0.000000000000000000, -1.000000000000000000 ) ) ;
#1501 = DIRECTION ( 'NONE',  ( 0.000000000000000000, 0.000000000000000000, -1.000000000000000000 ) ) ;
#1502 = ORIENTED_EDGE ( 'NONE', *, *, #1907, .F. ) ;
#1503 = EDGE_LOOP ( 'NONE', ( #2942, #2768, #2900, #335, #34, #1560, #2873, #1723 ) ) ;
#1504 = LINE ( 'NONE', #593, #2249 ) ;
#1505 = DIRECTION ( 'NONE',  ( 0.000000000000000000, -1.000000000000000000, 0.000000000000000000 ) ) ;
#1506 = DIRECTION ( 'NONE',  ( -0.000000000000000000, -0.000000000000000000, -1.000000000000000000 ) ) ;
#1507 = ORIENTED_EDGE ( 'NONE', *, *, #1487, .F. ) ;
#1508 = CARTESIAN_POINT ( 'NONE',  ( 65.07633995041808816, 65.23752026367307622, -7.500000000000000000 ) ) ;
#1509 = CARTESIAN_POINT ( 'NONE',  ( 0.000000000000000000, 34.00000000000000000, -32.59999999999999432 ) ) ;
#1510 = DIRECTION ( 'NONE',  ( -1.110223024625153336E-16, 0.000000000000000000, 1.000000000000000000 ) ) ;
#1511 = EDGE_CURVE ( 'NONE', #1867, #2031, #243, .T. ) ;
#1512 = VERTEX_POINT ( 'NONE', #2583 ) ;
#1513 = EDGE_CURVE ( 'NONE', #344, #2333, #2356, .T. ) ;
#1514 = CARTESIAN_POINT ( 'NONE',  ( -2.500000000000004885, 0.5000000000000004441, -15.00000000000001954 ) ) ;
#1515 = PLANE ( 'NONE',  #2505 ) ;
#1516 = ORIENTED_EDGE ( 'NONE', *, *, #586, .F. ) ;
#1517 = DIRECTION ( 'NONE',  ( 0.000000000000000000, -1.000000000000000000, 0.000000000000000000 ) ) ;
#1518 = FACE_OUTER_BOUND ( 'NONE', #874, .T. ) ;
#1519 = CARTESIAN_POINT ( 'NONE',  ( 7.771561172376094057E-17, 0.000000000000000000, -0.7000000000000019540 ) ) ;
#1520 = FACE_OUTER_BOUND ( 'NONE', #353, .T. ) ;
#1521 = DIRECTION ( 'NONE',  ( 0.000000000000000000, 0.000000000000000000, -1.000000000000000000 ) ) ;
#1522 = CARTESIAN_POINT ( 'NONE',  ( 0.000000000000000000, 21.65457492509397497, 0.000000000000000000 ) ) ;
#1523 = ORIENTED_EDGE ( 'NONE', *, *, #824, .T. ) ;
#1524 = AXIS2_PLACEMENT_3D ( 'NONE', #1007, #2370, #1929 ) ;
#1525 = EDGE_CURVE ( 'NONE', #562, #1365, #2591, .T. ) ;
#1526 = DIRECTION ( 'NONE',  ( 0.2588190451025227934, -0.9659258262890677571, 0.000000000000000000 ) ) ;
#1527 = AXIS2_PLACEMENT_3D ( 'NONE', #2122, #1897, #1026 ) ;
#1528 = VERTEX_POINT ( 'NONE', #267 ) ;
#1529 = ORIENTED_EDGE ( 'NONE', *, *, #2428, .F. ) ;
#1530 = DIRECTION ( 'NONE',  ( -0.000000000000000000, -1.000000000000000000, -0.000000000000000000 ) ) ;
#1531 = ADVANCED_FACE ( 'NONE', ( #19 ), #378, .T. ) ;
#1532 = AXIS2_PLACEMENT_3D ( 'NONE', #144, #634, #1561 ) ;
#1533 = DIRECTION ( 'NONE',  ( 8.673617379884048291E-16, 1.000000000000000000, -7.703719777548943412E-34 ) ) ;
#1534 = CARTESIAN_POINT ( 'NONE',  ( 60.83970659062720898, 42.62314830322402770, 7.500000000000000000 ) ) ;
#1535 = DIRECTION ( 'NONE',  ( -0.000000000000000000, -0.000000000000000000, -1.000000000000000000 ) ) ;
#1536 = DIRECTION ( 'NONE',  ( 1.000000000000000000, 0.000000000000000000, -1.224646799147353207E-16 ) ) ;
#1537 = VECTOR ( 'NONE', #2983, 1000.000000000000000 ) ;
#1538 = CARTESIAN_POINT ( 'NONE',  ( 40.92521309017893572, 37.94735008914346963, 7.500000000000000000 ) ) ;
#1539 = DIRECTION ( 'NONE',  ( 1.003171929053523884E-16, 0.5735764363510470476, -0.8191520442889911324 ) ) ;
#1540 = AXIS2_PLACEMENT_3D ( 'NONE', #1028, #1951, #2870 ) ;
#1541 = VECTOR ( 'NONE', #2386, 1000.000000000000227 ) ;
#1542 = CIRCLE ( 'NONE', #381, 8.000000000000000000 ) ;
#1543 = CIRCLE ( 'NONE', #232, 7.500000000000021316 ) ;
#1544 = DIRECTION ( 'NONE',  ( 1.000000000000000000, 0.000000000000000000, -1.224646799147353207E-16 ) ) ;
#1545 = AXIS2_PLACEMENT_3D ( 'NONE', #1727, #840, #2185 ) ;
#1546 = B_SPLINE_CURVE_WITH_KNOTS ( 'NONE', 3,
 ( #1583, #2017, #1794, #1345, #408, #385, #2257, #139, #2906, #2674, #183, #613, #2228, #1116, #2033 ),
 .UNSPECIFIED., .F., .F.,
 ( 4, 2, 1, 2, 2, 2, 2, 4 ),
 ( 0.03696917062895397482, 0.03775422769095698738, 0.03853928475295999995, 0.03932434181496301251, 0.04010939887696602507, 0.04167951300097205020, 0.04246457006297506276, 0.04324962712497807532 ),
 .UNSPECIFIED. ) ;
#1547 = EDGE_CURVE ( 'NONE', #2656, #658, #2293, .T. ) ;
#1548 = ORIENTED_EDGE ( 'NONE', *, *, #723, .T. ) ;
#1549 = DIRECTION ( 'NONE',  ( 0.000000000000000000, 0.000000000000000000, -1.000000000000000000 ) ) ;
#1550 = AXIS2_PLACEMENT_3D ( 'NONE', #537, #2599, #1032 ) ;
#1551 = CIRCLE ( 'NONE', #2220, 6.000000000000020428 ) ;
#1552 = CARTESIAN_POINT ( 'NONE',  ( 0.000000000000000000, 1.299999999999995604, 0.000000000000000000 ) ) ;
#1553 = FACE_OUTER_BOUND ( 'NONE', #1090, .T. ) ;
#1554 = EDGE_CURVE ( 'NONE', #2363, #2057, #2331, .T. ) ;
#1555 = DIRECTION ( 'NONE',  ( 0.000000000000000000, 0.000000000000000000, -1.000000000000000000 ) ) ;
#1556 = CARTESIAN_POINT ( 'NONE',  ( 8.000000000000017764, 0.1000000000000028644, -5.339643843692361508E-15 ) ) ;
#1557 = ORIENTED_EDGE ( 'NONE', *, *, #340, .T. ) ;
#1558 = DIRECTION ( 'NONE',  ( 0.000000000000000000, 0.000000000000000000, 1.000000000000000000 ) ) ;
#1559 = ORIENTED_EDGE ( 'NONE', *, *, #1634, .T. ) ;
#1560 = ORIENTED_EDGE ( 'NONE', *, *, #457, .F. ) ;
#1561 = DIRECTION ( 'NONE',  ( 0.07624797363269396333, 0.9970888859659945425, 0.000000000000000000 ) ) ;
#1562 = DIRECTION ( 'NONE',  ( 0.000000000000000000, 0.000000000000000000, -1.000000000000000000 ) ) ;
#1563 = CARTESIAN_POINT ( 'NONE',  ( 0.000000000000000000, 1.500000000000001332, -7.500000000000000000 ) ) ;
#1564 = VERTEX_POINT ( 'NONE', #9 ) ;
#1565 = DIRECTION ( 'NONE',  ( 1.000000000000000000, 0.000000000000000000, 0.000000000000000000 ) ) ;
#1566 = ADVANCED_FACE ( 'NONE', ( #927 ), #1619, .T. ) ;
#1567 = CARTESIAN_POINT ( 'NONE',  ( 35.81176470588235361, 76.00000000000001421, 7.500000000000000000 ) ) ;
#1568 = CARTESIAN_POINT ( 'NONE',  ( 4.032149586192660591E-15, 34.00000000000000000, 32.59999999999999432 ) ) ;
#1569 = ORIENTED_EDGE ( 'NONE', *, *, #1622, .F. ) ;
#1570 = DIRECTION ( 'NONE',  ( -0.000000000000000000, -1.000000000000000000, -0.000000000000000000 ) ) ;
#1571 = ORIENTED_EDGE ( 'NONE', *, *, #217, .T. ) ;
#1572 = ORIENTED_EDGE ( 'NONE', *, *, #1907, .T. ) ;
#1573 = DIRECTION ( 'NONE',  ( 0.000000000000000000, 0.000000000000000000, 1.000000000000000000 ) ) ;
#1574 = DIRECTION ( 'NONE',  ( -0.000000000000000000, -1.000000000000000000, -0.000000000000000000 ) ) ;
#1575 = AXIS2_PLACEMENT_3D ( 'NONE', #1610, #247, #1631 ) ;
#1576 = MANIFOLD_SOLID_BREP ( 'Cut-Extrude1', #1495 ) ;
#1577 = VERTEX_POINT ( 'NONE', #1491 ) ;
#1578 = CONTEXT_DEPENDENT_SHAPE_REPRESENTATION ( #769, #1456 ) ;
#1579 = MECHANICAL_DESIGN_GEOMETRIC_PRESENTATION_REPRESENTATION (  '', ( #2053 ), #365 ) ;
#1580 = CIRCLE ( 'NONE', #463, 6.806041666666665435 ) ;
#1581 = EDGE_LOOP ( 'NONE', ( #1891, #935, #1637, #1979 ) ) ;
#1582 = FACE_OUTER_BOUND ( 'NONE', #798, .T. ) ;
#1583 = CARTESIAN_POINT ( 'NONE',  ( 35.75340232479426561, 75.23679963192498121, 7.500000000000000000 ) ) ;
#1584 = EDGE_CURVE ( 'NONE', #756, #962, #1162, .T. ) ;
#1585 = ADVANCED_FACE ( 'NONE', ( #2629 ), #1019, .T. ) ;
#1586 = ORIENTED_EDGE ( 'NONE', *, *, #2498, .T. ) ;
#1587 = CARTESIAN_POINT ( 'NONE',  ( 0.000000000000000000, 0.000000000000000000, 0.000000000000000000 ) ) ;
#1588 = EDGE_CURVE ( 'NONE', #2908, #541, #107, .T. ) ;
#1589 = ORIENTED_EDGE ( 'NONE', *, *, #657, .F. ) ;
#1590 = AXIS2_PLACEMENT_3D ( 'NONE', #1354, #2271, #2687 ) ;
#1591 = CIRCLE ( 'NONE', #2402, 0.7000000000000018430 ) ;
#1592 = AXIS2_PLACEMENT_3D ( 'NONE', #1881, #1174, #1165 ) ;
#1593 = CIRCLE ( 'NONE', #2541, 36.50000000000000000 ) ;
#1594 = TOROIDAL_SURFACE ( 'NONE', #272, 26.98440482569417398, 6.806041666666675205 ) ;
#1595 = LINE ( 'NONE', #192, #2544 ) ;
#1596 = AXIS2_PLACEMENT_3D ( 'NONE', #1522, #629, #2935 ) ;
#1597 = FACE_OUTER_BOUND ( 'NONE', #1147, .T. ) ;
#1598 = ORIENTED_EDGE ( 'NONE', *, *, #1843, .F. ) ;
#1599 = VECTOR ( 'NONE', #2911, 1000.000000000000000 ) ;
#1600 = PRODUCT_CONTEXT ( 'NONE', #2679, 'mechanical' ) ;
#1601 = AXIS2_PLACEMENT_3D ( 'NONE', #348, #1952, #1920 ) ;
#1602 = ORIENTED_EDGE ( 'NONE', *, *, #918, .T. ) ;
#1603 = DIRECTION ( 'NONE',  ( 1.000000000000000000, 0.000000000000000000, 0.000000000000000000 ) ) ;
#1604 = DIRECTION ( 'NONE',  ( -0.000000000000000000, -1.000000000000000000, -0.000000000000000000 ) ) ;
#1605 = ORIENTED_EDGE ( 'NONE', *, *, #1879, .T. ) ;
#1606 = DIRECTION ( 'NONE',  ( -0.000000000000000000, -1.000000000000000000, -0.000000000000000000 ) ) ;
#1607 = ORIENTED_EDGE ( 'NONE', *, *, #403, .F. ) ;
#1608 = EDGE_CURVE ( 'NONE', #1706, #1757, #579, .T. ) ;
#1609 = EDGE_CURVE ( 'NONE', #2724, #1002, #2426, .T. ) ;
#1610 = CARTESIAN_POINT ( 'NONE',  ( 3.463840583557430759E-15, 47.15457492509396786, 28.28440482569416403 ) ) ;
#1611 = CARTESIAN_POINT ( 'NONE',  ( 0.000000000000000000, 0.000000000000000000, -37.00000000000000000 ) ) ;
#1612 = CARTESIAN_POINT ( 'NONE',  ( 36.08849027653653962, 74.23527126052751157, -7.500000000000000000 ) ) ;
#1613 = EDGE_LOOP ( 'NONE', ( #2258, #732, #1304, #2160 ) ) ;
#1614 = DIRECTION ( 'NONE',  ( 0.8347840479385073564, 0.000000000000000000, 0.5505775089007906020 ) ) ;
#1615 = CARTESIAN_POINT ( 'NONE',  ( 52.40697558676631473, 63.50000000000001421, -7.500000000000000000 ) ) ;
#1616 = CYLINDRICAL_SURFACE ( 'NONE', #2594, 37.00000000000000000 ) ;
#1617 = ORIENTED_EDGE ( 'NONE', *, *, #1588, .F. ) ;
#1618 = DIRECTION ( 'NONE',  ( -0.000000000000000000, -1.000000000000000000, -0.000000000000000000 ) ) ;
#1619 = PLANE ( 'NONE',  #862 ) ;
#1620 = VERTEX_POINT ( 'NONE', #539 ) ;
#1621 = LINE ( 'NONE', #2527, #984 ) ;
#1622 = EDGE_CURVE ( 'NONE', #722, #1810, #1207, .T. ) ;
#1623 = CARTESIAN_POINT ( 'NONE',  ( 36.27836351273301574, 72.67540750188140919, -7.500000000000000000 ) ) ;
#1624 = EDGE_LOOP ( 'NONE', ( #661, #2335, #167, #316 ) ) ;
#1625 = EDGE_CURVE ( 'NONE', #1468, #1012, #552, .T. ) ;
#1626 = FACE_OUTER_BOUND ( 'NONE', #2420, .T. ) ;
#1627 = CARTESIAN_POINT ( 'NONE',  ( 0.000000000000000000, 81.15457492509399628, 0.000000000000000000 ) ) ;
#1628 = CARTESIAN_POINT ( 'NONE',  ( 0.000000000000000000, 1.299999999999995604, -0.6999999999999999556 ) ) ;
#1629 = DIRECTION ( 'NONE',  ( 1.000000000000000000, 0.000000000000000000, -1.224646799147353207E-16 ) ) ;
#1630 = ORIENTED_EDGE ( 'NONE', *, *, #2482, .T. ) ;
#1631 = DIRECTION ( 'NONE',  ( -1.224646799147353207E-16, 0.000000000000000000, -1.000000000000000000 ) ) ;
#1632 = AXIS2_PLACEMENT_3D ( 'NONE', #710, #2797, #2098 ) ;
#1633 = AXIS2_PLACEMENT_3D ( 'NONE', #1776, #2256, #2952 ) ;
#1634 = EDGE_CURVE ( 'NONE', #632, #2245, #1746, .T. ) ;
#1635 = CARTESIAN_POINT ( 'NONE',  ( 35.86920685207445558, 70.35306238081459185, -7.499999999999999112 ) ) ;
#1636 = AXIS2_PLACEMENT_3D ( 'NONE', #2362, #2423, #2159 ) ;
#1637 = ORIENTED_EDGE ( 'NONE', *, *, #2588, .T. ) ;
#1638 = CIRCLE ( 'NONE', #523, 27.00000000000000000 ) ;
#1639 = AXIS2_PLACEMENT_3D ( 'NONE', #2040, #2072, #901 ) ;
#1640 = CARTESIAN_POINT ( 'NONE',  ( 0.000000000000000000, 8.500000000000003553, -30.64999999999999503 ) ) ;
#1641 = EDGE_CURVE ( 'NONE', #2245, #2681, #2794, .T. ) ;
#1642 = VECTOR ( 'NONE', #2441, 1000.000000000000000 ) ;
#1643 = DIRECTION ( 'NONE',  ( 0.07624797363269163186, 0.9970888859659947645, 0.000000000000000000 ) ) ;
#1644 = AXIS2_PLACEMENT_3D ( 'NONE', #214, #917, #2761 ) ;
#1645 = CARTESIAN_POINT ( 'NONE',  ( 0.000000000000000000, 34.00000000000000000, 0.000000000000000000 ) ) ;
#1646 = CARTESIAN_POINT ( 'NONE',  ( 35.75340232479426561, 75.23679963192498121, -7.500000000000000000 ) ) ;
#1647 = VERTEX_POINT ( 'NONE', #1220 ) ;
#1648 = UNCERTAINTY_MEASURE_WITH_UNIT (LENGTH_MEASURE( 1.000000000000000082E-05 ), #338, 'distance_accuracy_value', 'NONE');
#1649 = CARTESIAN_POINT ( 'NONE',  ( 0.000000000000000000, 0.000000000000000000, -36.50000000000000711 ) ) ;
#1650 = CARTESIAN_POINT ( 'NONE',  ( 2.500000000000007994, 0.000000000000000000, -7.071067811865486163 ) ) ;
#1651 = ORIENTED_EDGE ( 'NONE', *, *, #95, .T. ) ;
#1652 = CARTESIAN_POINT ( 'NONE',  ( 0.000000000000000000, -200.6000000000003354, 0.000000000000000000 ) ) ;
#1653 = FACE_OUTER_BOUND ( 'NONE', #389, .T. ) ;
#1654 = ORIENTED_EDGE ( 'NONE', *, *, #2143, .T. ) ;
#1655 = EDGE_CURVE ( 'NONE', #549, #2859, #134, .T. ) ;
#1656 = FACE_OUTER_BOUND ( 'NONE', #189, .T. ) ;
#1657 = DIRECTION ( 'NONE',  ( 1.110223024625153336E-16, 0.000000000000000000, -1.000000000000000000 ) ) ;
#1658 = EDGE_CURVE ( 'NONE', #1365, #1660, #2115, .T. ) ;
#1659 = ORIENTED_EDGE ( 'NONE', *, *, #359, .F. ) ;
#1660 = VERTEX_POINT ( 'NONE', #2383 ) ;
#1661 = DIRECTION ( 'NONE',  ( -1.224646799147352714E-16, 0.000000000000000000, -1.000000000000000000 ) ) ;
#1662 = DIRECTION ( 'NONE',  ( 0.000000000000000000, 0.000000000000000000, -1.000000000000000000 ) ) ;
#1663 = EDGE_LOOP ( 'NONE', ( #1052, #2443, #1482, #686 ) ) ;
#1664 = VERTEX_POINT ( 'NONE', #2612 ) ;
#1665 = CARTESIAN_POINT ( 'NONE',  ( -5.265625000000017764, 0.7999999999999951594, 5.340710941379919419 ) ) ;
#1666 = CARTESIAN_POINT ( 'NONE',  ( 0.000000000000000000, 2.520677711606689186, 0.000000000000000000 ) ) ;
#1667 = VERTEX_POINT ( 'NONE', #300 ) ;
#1668 = ORIENTED_EDGE ( 'NONE', *, *, #131, .T. ) ;
#1669 = CARTESIAN_POINT ( 'NONE',  ( 0.000000000000000000, 1.000000000000000888, 0.000000000000000000 ) ) ;
#1670 = DIRECTION ( 'NONE',  ( -1.000000000000000000, 0.000000000000000000, 0.000000000000000000 ) ) ;
#1671 = EDGE_CURVE ( 'NONE', #2265, #2973, #1299, .T. ) ;
#1672 =( GEOMETRIC_REPRESENTATION_CONTEXT ( 3 ) GLOBAL_UNCERTAINTY_ASSIGNED_CONTEXT ( ( #942 ) ) GLOBAL_UNIT_ASSIGNED_CONTEXT ( ( #2280, #424, #2949 ) ) REPRESENTATION_CONTEXT ( 'NONE', 'WORKASPACE' ) );
#1673 = VECTOR ( 'NONE', #1980, 1000.000000000000000 ) ;
#1674 = VERTEX_POINT ( 'NONE', #1235 ) ;
#1675 = EDGE_CURVE ( 'NONE', #1620, #45, #2545, .T. ) ;
#1676 = DIRECTION ( 'NONE',  ( 0.000000000000000000, 0.000000000000000000, 1.000000000000000000 ) ) ;
#1677 = FACE_OUTER_BOUND ( 'NONE', #444, .T. ) ;
#1678 = ORIENTED_EDGE ( 'NONE', *, *, #1466, .F. ) ;
#1679 = LINE ( 'NONE', #2595, #1740 ) ;
#1680 = AXIS2_PLACEMENT_3D ( 'NONE', #2658, #1800, #2719 ) ;
#1681 = AXIS2_PLACEMENT_3D ( 'NONE', #2979, #902, #1834 ) ;
#1682 = DIRECTION ( 'NONE',  ( 0.000000000000000000, 0.000000000000000000, -1.000000000000000000 ) ) ;
#1683 = VERTEX_POINT ( 'NONE', #2212 ) ;
#1684 = VECTOR ( 'NONE', #2290, 1000.000000000000000 ) ;
#1685 = CIRCLE ( 'NONE', #1743, 32.59999999999999432 ) ;
#1686 = CARTESIAN_POINT ( 'NONE',  ( 0.000000000000000000, 8.500000000000003553, 0.000000000000000000 ) ) ;
#1687 = FACE_OUTER_BOUND ( 'NONE', #2118, .T. ) ;
#1688 = AXIS2_PLACEMENT_3D ( 'NONE', #2330, #953, #1880 ) ;
#1689 = CIRCLE ( 'NONE', #88, 36.50000000000000000 ) ;
#1690 = DIRECTION ( 'NONE',  ( -1.000000000000000000, 0.000000000000000000, 0.000000000000000000 ) ) ;
#1691 = VECTOR ( 'NONE', #2666, 1000.000000000000000 ) ;
#1692 = AXIS2_PLACEMENT_3D ( 'NONE', #1467, #1029, #2140 ) ;
#1693 = EDGE_LOOP ( 'NONE', ( #705, #2676 ) ) ;
#1694 = LINE ( 'NONE', #742, #2391 ) ;
#1695 = ADVANCED_FACE ( 'NONE', ( #1068 ), #1361, .F. ) ;
#1696 = FACE_OUTER_BOUND ( 'NONE', #2152, .T. ) ;
#1697 = VERTEX_POINT ( 'NONE', #879 ) ;
#1698 = PRESENTATION_STYLE_ASSIGNMENT (( #358 ) ) ;
#1699 = LINE ( 'NONE', #2607, #572 ) ;
#1700 = CARTESIAN_POINT ( 'NONE',  ( 31.84264619437512778, 15.32579810621454541, -5.023798231869554876 ) ) ;
#1701 = ORIENTED_EDGE ( 'NONE', *, *, #757, .F. ) ;
#1702 = CARTESIAN_POINT ( 'NONE',  ( 8.009664216554007029E-18, 0.000000000000000000, 0.7000000000000019540 ) ) ;
#1703 = CYLINDRICAL_SURFACE ( 'NONE', #997, 0.7000000000000019540 ) ;
#1704 = CARTESIAN_POINT ( 'NONE',  ( 35.81176470588235361, 76.00000000000001421, 7.500000000000000000 ) ) ;
#1705 = ORIENTED_EDGE ( 'NONE', *, *, #2646, .F. ) ;
#1706 = VERTEX_POINT ( 'NONE', #2000 ) ;
#1707 = VERTEX_POINT ( 'NONE', #1568 ) ;
#1708 = DIRECTION ( 'NONE',  ( 0.000000000000000000, -1.000000000000000000, 0.000000000000000000 ) ) ;
#1709 = DIRECTION ( 'NONE',  ( 0.000000000000000000, -1.000000000000000000, 0.000000000000000000 ) ) ;
#1710 = LINE ( 'NONE', #52, #1541 ) ;
#1711 = ADVANCED_FACE ( 'NONE', ( #2920 ), #1206, .T. ) ;
#1712 = VERTEX_POINT ( 'NONE', #2048 ) ;
#1713 = DIRECTION ( 'NONE',  ( -0.07624797363269396333, -0.9970888859659945425, -0.000000000000000000 ) ) ;
#1714 = LINE ( 'NONE', #2175, #2539 ) ;
#1715 = DIRECTION ( 'NONE',  ( 0.000000000000000000, 0.000000000000000000, -1.000000000000000000 ) ) ;
#1716 = ADVANCED_FACE ( 'NONE', ( #864 ), #198, .T. ) ;
#1717 = ORIENTED_EDGE ( 'NONE', *, *, #2004, .F. ) ;
#1718 = DIRECTION ( 'NONE',  ( 0.000000000000000000, 0.000000000000000000, -1.000000000000000000 ) ) ;
#1719 = CARTESIAN_POINT ( 'NONE',  ( 29.10237881690745709, 4.000000000000003553, 3.564013506569945481E-15 ) ) ;
#1720 = AXIS2_PLACEMENT_3D ( 'NONE', #1168, #218, #2083 ) ;
#1721 = EDGE_LOOP ( 'NONE', ( #2980, #2025 ) ) ;
#1722 = AXIS2_PLACEMENT_3D ( 'NONE', #1342, #1998, #2015 ) ;
#1723 = ORIENTED_EDGE ( 'NONE', *, *, #2148, .F. ) ;
#1724 = SHAPE_REPRESENTATION ( 'Part_1--Cup', ( #2097 ), #409 ) ;
#1725 = CIRCLE ( 'NONE', #609, 0.7000000000000020650 ) ;
#1726 = CARTESIAN_POINT ( 'NONE',  ( 0.000000000000000000, 0.000000000000000000, 0.000000000000000000 ) ) ;
#1727 = CARTESIAN_POINT ( 'NONE',  ( 3.065830373834541528E-15, 4.654574925093975857, 25.03440482569416758 ) ) ;
#1728 = AXIS2_PLACEMENT_3D ( 'NONE', #605, #2444, #373 ) ;
#1729 = CARTESIAN_POINT ( 'NONE',  ( 0.000000000000000000, 85.00000000000000000, -36.50000000000000000 ) ) ;
#1730 = ORIENTED_EDGE ( 'NONE', *, *, #824, .F. ) ;
#1731 = CARTESIAN_POINT ( 'NONE',  ( 49.37318440201826775, 43.50000000000000711, -7.500000000000000000 ) ) ;
#1732 = CARTESIAN_POINT ( 'NONE',  ( 0.000000000000000000, 0.000000000000000000, -30.00000000000000000 ) ) ;
#1733 = DIRECTION ( 'NONE',  ( 0.000000000000000000, -1.000000000000000000, 0.000000000000000000 ) ) ;
#1734 = ORIENTED_EDGE ( 'NONE', *, *, #228, .F. ) ;
#1735 = EDGE_CURVE ( 'NONE', #2632, #1674, #1689, .T. ) ;
#1736 = CARTESIAN_POINT ( 'NONE',  ( 3.225034457723697142E-15, 21.65457492509397497, 26.33440482569416474 ) ) ;
#1737 = DIRECTION ( 'NONE',  ( -1.000000000000000000, 0.000000000000000000, 0.000000000000000000 ) ) ;
#1738 =( GEOMETRIC_REPRESENTATION_CONTEXT ( 3 ) GLOBAL_UNCERTAINTY_ASSIGNED_CONTEXT ( ( #154 ) ) GLOBAL_UNIT_ASSIGNED_CONTEXT ( ( #1219, #2827, #62 ) ) REPRESENTATION_CONTEXT ( 'NONE', 'WORKASPACE' ) );
#1739 = CARTESIAN_POINT ( 'NONE',  ( 0.000000000000000000, 0.000000000000000000, 0.000000000000000000 ) ) ;
#1740 = VECTOR ( 'NONE', #1213, 1000.000000000000000 ) ;
#1741 = TOROIDAL_SURFACE ( 'NONE', #622, 25.03440482569416758, 6.806041666666678758 ) ;
#1742 = ORIENTED_EDGE ( 'NONE', *, *, #2288, .F. ) ;
#1743 = AXIS2_PLACEMENT_3D ( 'NONE', #881, #186, #1118 ) ;
#1744 = AXIS2_PLACEMENT_3D ( 'NONE', #1274, #2616, #2460 ) ;
#1745 =( LENGTH_UNIT ( ) NAMED_UNIT ( * ) SI_UNIT ( .MILLI., .METRE. ) );
#1746 = CIRCLE ( 'NONE', #914, 33.89999999999999147 ) ;
#1747 = FACE_OUTER_BOUND ( 'NONE', #2584, .T. ) ;
#1748 = VERTEX_POINT ( 'NONE', #2437 ) ;
#1749 = CARTESIAN_POINT ( 'NONE',  ( 3.872945502303505371E-15, 17.00000000000000711, 31.29999999999999361 ) ) ;
#1750 = LINE ( 'NONE', #2928, #422 ) ;
#1751 = DIRECTION ( 'NONE',  ( -0.000000000000000000, -0.000000000000000000, -1.000000000000000000 ) ) ;
#1752 = DIRECTION ( 'NONE',  ( -0.000000000000000000, 1.000000000000000000, -0.000000000000000000 ) ) ;
#1753 = ADVANCED_FACE ( 'NONE', ( #396 ), #2453, .F. ) ;
#1754 = ORIENTED_EDGE ( 'NONE', *, *, #838, .T. ) ;
#1755 = ADVANCED_FACE ( 'NONE', ( #2277 ), #656, .F. ) ;
#1756 = CARTESIAN_POINT ( 'NONE',  ( -2.500000000000007105, 0.000000000000000000, -7.071067811865486163 ) ) ;
#1757 = VERTEX_POINT ( 'NONE', #2694 ) ;
#1758 = CARTESIAN_POINT ( 'NONE',  ( 60.83970659062720898, 42.62314830322402770, 7.500000000000000000 ) ) ;
#1759 = FACE_OUTER_BOUND ( 'NONE', #2844, .T. ) ;
#1760 = CARTESIAN_POINT ( 'NONE',  ( 62.86116858143081743, 36.26989466922420746, 7.500000000000000000 ) ) ;
#1761 =( REPRESENTATION_RELATIONSHIP ('NONE','NONE', #2875, #1724 ) REPRESENTATION_RELATIONSHIP_WITH_TRANSFORMATION ( #2287 )SHAPE_REPRESENTATION_RELATIONSHIP( ) );
#1762 = CARTESIAN_POINT ( 'NONE',  ( 0.000000000000000000, 85.50000000000000000, -36.50000000000000711 ) ) ;
#1763 = CARTESIAN_POINT ( 'NONE',  ( -5.265625000000017764, 0.1000000000000028644, 5.340710941379919419 ) ) ;
#1764 = DIRECTION ( 'NONE',  ( -0.000000000000000000, -1.000000000000000000, -0.000000000000000000 ) ) ;
#1765 = ORIENTED_EDGE ( 'NONE', *, *, #2945, .T. ) ;
#1766 = CARTESIAN_POINT ( 'NONE',  ( 0.000000000000000000, 0.5000000000000004441, 0.000000000000000000 ) ) ;
#1767 = ADVANCED_FACE ( 'NONE', ( #2481 ), #1975, .T. ) ;
#1768 = CIRCLE ( 'NONE', #1524, 0.6999999999999999556 ) ;
#1769 = FACE_OUTER_BOUND ( 'NONE', #1438, .T. ) ;
#1770 = EDGE_CURVE ( 'NONE', #1154, #1577, #525, .T. ) ;
#1771 = AXIS2_PLACEMENT_3D ( 'NONE', #744, #2186, #343 ) ;
#1772 = ORIENTED_EDGE ( 'NONE', *, *, #2663, .T. ) ;
#1773 = CARTESIAN_POINT ( 'NONE',  ( 35.81176470588235361, 76.00000000000001421, -7.500000000000000000 ) ) ;
#1774 = DIRECTION ( 'NONE',  ( -0.000000000000000000, -1.000000000000000000, -0.000000000000000000 ) ) ;
#1775 = CARTESIAN_POINT ( 'NONE',  ( 9.184850993605147944E-16, 2.000000000000001776, 7.500000000000000000 ) ) ;
#1776 = CARTESIAN_POINT ( 'NONE',  ( 0.000000000000000000, 85.50000000000000000, 0.000000000000000000 ) ) ;
#1777 = ORIENTED_EDGE ( 'NONE', *, *, #296, .T. ) ;
#1778 = PLANE ( 'NONE',  #2264 ) ;
#1779 = CIRCLE ( 'NONE', #2834, 203.4000000000003183 ) ;
#1780 = TOROIDAL_SURFACE ( 'NONE', #2158, 23.38865313531815104, 32.50000000000000000 ) ;
#1781 = AXIS2_PLACEMENT_3D ( 'NONE', #386, #2745, #2034 ) ;
#1782 = SURFACE_STYLE_FILL_AREA ( #388 ) ;
#1783 = EDGE_CURVE ( 'NONE', #2265, #455, #1546, .T. ) ;
#1784 = VECTOR ( 'NONE', #30, 1000.000000000000000 ) ;
#1785 = ORIENTED_EDGE ( 'NONE', *, *, #456, .T. ) ;
#1786 = CIRCLE ( 'NONE', #1545, 6.806041666666678758 ) ;
#1787 = VERTEX_POINT ( 'NONE', #2953 ) ;
#1788 = PLANE ( 'NONE',  #1532 ) ;
#1789 = EDGE_CURVE ( 'NONE', #1667, #2128, #2493, .T. ) ;
#1790 = DIRECTION ( 'NONE',  ( 0.000000000000000000, -1.000000000000000000, 0.000000000000000000 ) ) ;
#1791 = CARTESIAN_POINT ( 'NONE',  ( 35.22294117647059153, 68.30000000000001137, 7.500000000000000000 ) ) ;
#1792 = VERTEX_POINT ( 'NONE', #1082 ) ;
#1793 = CARTESIAN_POINT ( 'NONE',  ( -2.500000000000006661, 0.000000000000000000, -7.599342076785342570 ) ) ;
#1794 = CARTESIAN_POINT ( 'NONE',  ( 35.94344642507971344, 74.74262617032769640, 7.500000000000000000 ) ) ;
#1795 = ORIENTED_EDGE ( 'NONE', *, *, #1584, .F. ) ;
#1796 = DIRECTION ( 'NONE',  ( 0.000000000000000000, 0.000000000000000000, 1.000000000000000000 ) ) ;
#1797 = VERTEX_POINT ( 'NONE', #500 ) ;
#1798 = ORIENTED_EDGE ( 'NONE', *, *, #2548, .T. ) ;
#1799 = CARTESIAN_POINT ( 'NONE',  ( 62.86116858143081743, 36.26989466922420746, 7.500000000000000000 ) ) ;
#1800 = DIRECTION ( 'NONE',  ( -0.000000000000000000, -0.000000000000000000, -1.000000000000000000 ) ) ;
#1801 = ADVANCED_FACE ( 'NONE', ( #488 ), #2217, .T. ) ;
#1802 = LINE ( 'NONE', #1791, #1831 ) ;
#1803 = ORIENTED_EDGE ( 'NONE', *, *, #2110, .T. ) ;
#1804 = CARTESIAN_POINT ( 'NONE',  ( 0.000000000000000000, 0.000000000000000000, 0.000000000000000000 ) ) ;
#1805 = ORIENTED_EDGE ( 'NONE', *, *, #2852, .F. ) ;
#1806 = CARTESIAN_POINT ( 'NONE',  ( 65.07633995041808816, 65.23752026367307622, 7.500000000000000000 ) ) ;
#1807 = ADVANCED_FACE ( 'NONE', ( #2759 ), #2304, .F. ) ;
#1808 = ORIENTED_EDGE ( 'NONE', *, *, #2110, .F. ) ;
#1809 = FACE_OUTER_BOUND ( 'NONE', #2134, .T. ) ;
#1810 = VERTEX_POINT ( 'NONE', #2077 ) ;
#1811 = AXIS2_PLACEMENT_3D ( 'NONE', #1885, #2804, #2311 ) ;
#1812 = DIRECTION ( 'NONE',  ( 7.373988615207289619E-20, -1.000000000000000000, -0.000000000000000000 ) ) ;
#1813 = CARTESIAN_POINT ( 'NONE',  ( 36.06249896980307312, 69.13955779333250007, 0.3651410327599841632 ) ) ;
#1814 = AXIS2_PLACEMENT_3D ( 'NONE', #543, #2837, #1501 ) ;
#1815 = DIRECTION ( 'NONE',  ( 0.000000000000000000, 0.000000000000000000, 1.000000000000000000 ) ) ;
#1816 = ORIENTED_EDGE ( 'NONE', *, *, #2064, .T. ) ;
#1817 = DIRECTION ( 'NONE',  ( 0.000000000000000000, 0.000000000000000000, 1.000000000000000000 ) ) ;
#1818 = MECHANICAL_DESIGN_GEOMETRIC_PRESENTATION_REPRESENTATION (  '', ( #2778 ), #1672 ) ;
#1819 = CIRCLE ( 'NONE', #1771, 22.00000000000000711 ) ;
#1820 = EDGE_LOOP ( 'NONE', ( #1254, #1953 ) ) ;
#1821 = CARTESIAN_POINT ( 'NONE',  ( 3.782248751335744748E-15, 81.15457492509399628, 30.88440482569417611 ) ) ;
#1822 = DIRECTION ( 'NONE',  ( 0.9970888859659945425, -0.07624797363269396333, 0.000000000000000000 ) ) ;
#1823 = EDGE_CURVE ( 'NONE', #1154, #1957, #718, .T. ) ;
#1824 = CYLINDRICAL_SURFACE ( 'NONE', #1781, 37.00000000000000000 ) ;
#1825 = LINE ( 'NONE', #2677, #2936 ) ;
#1826 = ADVANCED_FACE ( 'NONE', ( #673 ), #1616, .T. ) ;
#1827 = VERTEX_POINT ( 'NONE', #264 ) ;
#1828 = AXIS2_PLACEMENT_3D ( 'NONE', #975, #1505, #1899 ) ;
#1829 = STYLED_ITEM ( 'NONE', ( #2648 ), #563 ) ;
#1830 = DIRECTION ( 'NONE',  ( -1.224646799147353207E-16, 0.000000000000000000, -1.000000000000000000 ) ) ;
#1831 = VECTOR ( 'NONE', #2688, 1000.000000000000000 ) ;
#1832 = CARTESIAN_POINT ( 'NONE',  ( 35.74862678673292038, 68.82568561026234022, -2.879849379942557075 ) ) ;
#1833 = AXIS2_PLACEMENT_3D ( 'NONE', #2711, #893, #2727 ) ;
#1834 = DIRECTION ( 'NONE',  ( 0.000000000000000000, 0.000000000000000000, -1.000000000000000000 ) ) ;
#1835 = ADVANCED_FACE ( 'NONE', ( #700 ), #2770, .F. ) ;
#1836 = ORIENTED_EDGE ( 'NONE', *, *, #506, .F. ) ;
#1837 = CIRCLE ( 'NONE', #184, 9.999999999999994671 ) ;
#1838 = TOROIDAL_SURFACE ( 'NONE', #529, 25.03440482569416758, 6.806041666666678758 ) ;
#1839 = CARTESIAN_POINT ( 'NONE',  ( 9.797174393178825657E-16, 0.000000000000000000, 8.000000000000000000 ) ) ;
#1840 = CARTESIAN_POINT ( 'NONE',  ( 0.000000000000000000, 3.000000000000002665, 0.000000000000000000 ) ) ;
#1841 = CARTESIAN_POINT ( 'NONE',  ( 31.60644772018163806, 13.51671997493247090, 7.499999999999999112 ) ) ;
#1842 = CARTESIAN_POINT ( 'NONE',  ( 2.864283919853507895E-15, -29.69715421864641769, 23.38865313531815104 ) ) ;
#1843 = EDGE_CURVE ( 'NONE', #406, #2916, #1499, .T. ) ;
#1844 = ORIENTED_EDGE ( 'NONE', *, *, #1232, .T. ) ;
#1845 = ADVANCED_FACE ( 'NONE', ( #2550, #1653 ), #1976, .T. ) ;
#1846 = CARTESIAN_POINT ( 'NONE',  ( -5.265625000000017764, 1.500000000000001332, 5.340710941379919419 ) ) ;
#1847 = DIRECTION ( 'NONE',  ( 0.000000000000000000, -1.000000000000000000, 0.000000000000000000 ) ) ;
#1848 = DIRECTION ( 'NONE',  ( 0.000000000000000000, -1.000000000000000000, 0.000000000000000000 ) ) ;
#1849 = EDGE_LOOP ( 'NONE', ( #2531, #1572 ) ) ;
#1850 = CARTESIAN_POINT ( 'NONE',  ( 0.000000000000000000, 0.000000000000000000, -37.00000000000000000 ) ) ;
#1851 = CARTESIAN_POINT ( 'NONE',  ( 44.56507680020152407, 63.50000000000001421, 7.500000000000000000 ) ) ;
#1852 = CARTESIAN_POINT ( 'NONE',  ( 31.60644772018170201, 13.51671997493145483, -7.500000000000000000 ) ) ;
#1853 = CARTESIAN_POINT ( 'NONE',  ( 44.56507680020157380, 73.50000000000001421, 7.500000000000000000 ) ) ;
#1854 = ADVANCED_FACE ( 'NONE', ( #2114 ), #1838, .T. ) ;
#1855 = VERTEX_POINT ( 'NONE', #2523 ) ;
#1856 = CARTESIAN_POINT ( 'NONE',  ( 0.000000000000000000, 67.99999999999998579, 0.000000000000000000 ) ) ;
#1857 = EDGE_CURVE ( 'NONE', #2681, #1016, #2075, .T. ) ;
#1858 = CARTESIAN_POINT ( 'NONE',  ( 36.21353392551076666, 71.62044680797413321, -7.500000000000000000 ) ) ;
#1859 = EDGE_LOOP ( 'NONE', ( #2839, #1557, #1309, #2774 ) ) ;
#1860 = CIRCLE ( 'NONE', #1811, 7.500000000000000000 ) ;
#1861 = DIRECTION ( 'NONE',  ( 1.000000000000000000, 0.000000000000000000, 0.000000000000000000 ) ) ;
#1862 = CARTESIAN_POINT ( 'NONE',  ( 0.000000000000000000, 0.000000000000000000, 0.000000000000000000 ) ) ;
#1863 = VECTOR ( 'NONE', #511, 1000.000000000000000 ) ;
#1864 = CARTESIAN_POINT ( 'NONE',  ( 31.42507166732812962, 14.77704527309946414, -7.500000000000000000 ) ) ;
#1865 = CYLINDRICAL_SURFACE ( 'NONE', #2793, 36.50000000000000000 ) ;
#1866 = TOROIDAL_SURFACE ( 'NONE', #2102, 26.98440482569417398, 6.806041666666675205 ) ;
#1867 = VERTEX_POINT ( 'NONE', #950 ) ;
#1868 = CARTESIAN_POINT ( 'NONE',  ( 60.83970659062720898, 42.62314830322402770, 7.500000000000000000 ) ) ;
#1869 = ADVANCED_FACE ( 'NONE', ( #925 ), #17, .F. ) ;
#1870 = CIRCLE ( 'NONE', #376, 9.999999999999994671 ) ;
#1871 = DIRECTION ( 'NONE',  ( -0.000000000000000000, 1.000000000000000000, -0.000000000000000000 ) ) ;
#1872 = AXIS2_PLACEMENT_3D ( 'NONE', #819, #404, #145 ) ;
#1873 = EDGE_CURVE ( 'NONE', #48, #1697, #201, .T. ) ;
#1874 = AXIS2_PLACEMENT_3D ( 'NONE', #581, #1506, #976 ) ;
#1875 = ORIENTED_EDGE ( 'NONE', *, *, #1961, .F. ) ;
#1876 = AXIS2_PLACEMENT_3D ( 'NONE', #313, #1300, #2425 ) ;
#1877 = DIRECTION ( 'NONE',  ( 0.000000000000000000, 1.000000000000000000, 0.000000000000000000 ) ) ;
#1878 = CARTESIAN_POINT ( 'NONE',  ( 35.28901382089411953, 69.16402688861536774, -7.500000000000000000 ) ) ;
#1879 = EDGE_CURVE ( 'NONE', #339, #1528, #1551, .T. ) ;
#1880 = DIRECTION ( 'NONE',  ( 0.000000000000000000, -0.000000000000000000, 1.000000000000000000 ) ) ;
#1881 = CARTESIAN_POINT ( 'NONE',  ( 0.000000000000000000, 13.15457492509397674, 0.000000000000000000 ) ) ;
#1882 = ORIENTED_EDGE ( 'NONE', *, *, #222, .F. ) ;
#1883 = VERTEX_POINT ( 'NONE', #2063 ) ;
#1884 = VERTEX_POINT ( 'NONE', #2984 ) ;
#1885 = CARTESIAN_POINT ( 'NONE',  ( 0.000000000000000000, 0.5000000000000004441, 0.000000000000000000 ) ) ;
#1886 = LINE ( 'NONE', #2866, #2976 ) ;
#1887 = ORIENTED_EDGE ( 'NONE', *, *, #1247, .T. ) ;
#1888 = ADVANCED_FACE ( 'NONE', ( #913 ), #1384, .F. ) ;
#1889 = CARTESIAN_POINT ( 'NONE',  ( 40.92521309017893572, 37.94735008914346963, -7.500000000000000000 ) ) ;
#1890 = DIRECTION ( 'NONE',  ( 0.000000000000000000, 0.000000000000000000, -1.000000000000000000 ) ) ;
#1891 = ORIENTED_EDGE ( 'NONE', *, *, #2814, .F. ) ;
#1892 = EDGE_CURVE ( 'NONE', #2684, #633, #54, .T. ) ;
#1893 = CARTESIAN_POINT ( 'NONE',  ( 35.28901382089411953, 69.16402688861536774, -7.500000000000000000 ) ) ;
#1894 = DIRECTION ( 'NONE',  ( -0.000000000000000000, -1.000000000000000000, -0.000000000000000000 ) ) ;
#1895 = ORIENTED_EDGE ( 'NONE', *, *, #1588, .T. ) ;
#1896 = DIRECTION ( 'NONE',  ( 0.000000000000000000, -1.000000000000000000, -0.000000000000000000 ) ) ;
#1897 = DIRECTION ( 'NONE',  ( 0.000000000000000000, 1.000000000000000000, 0.000000000000000000 ) ) ;
#1898 = VERTEX_POINT ( 'NONE', #2126 ) ;
#1899 = DIRECTION ( 'NONE',  ( 1.110223024625153212E-16, 0.000000000000000000, -1.000000000000000000 ) ) ;
#1900 = CARTESIAN_POINT ( 'NONE',  ( 0.000000000000000000, 1.000000000000000888, 0.000000000000000000 ) ) ;
#1901 = ORIENTED_EDGE ( 'NONE', *, *, #1735, .F. ) ;
#1902 = AXIS2_PLACEMENT_3D ( 'NONE', #1377, #2296, #2 ) ;
#1903 = EDGE_CURVE ( 'NONE', #2060, #2740, #2458, .T. ) ;
#1904 = DIRECTION ( 'NONE',  ( 0.000000000000000000, 0.000000000000000000, -1.000000000000000000 ) ) ;
#1905 = CARTESIAN_POINT ( 'NONE',  ( 60.73561562774138878, 57.96522312393115328, -7.500000000000000000 ) ) ;
#1906 = CIRCLE ( 'NONE', #24, 7.500000000000000000 ) ;
#1907 = EDGE_CURVE ( 'NONE', #1674, #2632, #2364, .T. ) ;
#1908 = EDGE_LOOP ( 'NONE', ( #2030, #592 ) ) ;
#1909 = ORIENTED_EDGE ( 'NONE', *, *, #1380, .T. ) ;
#1910 = SURFACE_SIDE_STYLE ('',( #987 ) ) ;
#1911 = CARTESIAN_POINT ( 'NONE',  ( 0.000000000000000000, 64.15457492509398207, -29.58440482569417540 ) ) ;
#1912 = VERTEX_POINT ( 'NONE', #1936 ) ;
#1913 = CARTESIAN_POINT ( 'NONE',  ( 0.000000000000000000, 72.65457492509398207, 0.000000000000000000 ) ) ;
#1914 = AXIS2_PLACEMENT_3D ( 'NONE', #1158, #1877, #699 ) ;
#1915 = AXIS2_PLACEMENT_3D ( 'NONE', #2966, #597, #1521 ) ;
#1916 = ORIENTED_EDGE ( 'NONE', *, *, #2498, .F. ) ;
#1917 = DIRECTION ( 'NONE',  ( 0.000000000000000000, 1.000000000000000000, 0.000000000000000000 ) ) ;
#1918 = VECTOR ( 'NONE', #831, 1000.000000000000000 ) ;
#1919 = VECTOR ( 'NONE', #2618, 1000.000000000000000 ) ;
#1920 = DIRECTION ( 'NONE',  ( 0.000000000000000000, 0.000000000000000000, -1.000000000000000000 ) ) ;
#1921 = ORIENTED_EDGE ( 'NONE', *, *, #692, .T. ) ;
#1922 = VECTOR ( 'NONE', #1100, 1000.000000000000114 ) ;
#1923 = DIRECTION ( 'NONE',  ( 0.000000000000000000, 0.000000000000000000, 1.000000000000000000 ) ) ;
#1924 = CARTESIAN_POINT ( 'NONE',  ( 32.48655554946515878, 12.91014264688456947, -0.6022986134147085835 ) ) ;
#1925 = CARTESIAN_POINT ( 'NONE',  ( 0.000000000000000000, 0.5000000000000004441, 0.000000000000000000 ) ) ;
#1926 = ORIENTED_EDGE ( 'NONE', *, *, #506, .T. ) ;
#1927 = EDGE_CURVE ( 'NONE', #2091, #1883, #1166, .T. ) ;
#1928 = ORIENTED_EDGE ( 'NONE', *, *, #851, .F. ) ;
#1929 = DIRECTION ( 'NONE',  ( 0.000000000000000000, 0.000000000000000000, -1.000000000000000000 ) ) ;
#1930 = FACE_OUTER_BOUND ( 'NONE', #2579, .T. ) ;
#1931 = EDGE_CURVE ( 'NONE', #782, #1221, #764, .T. ) ;
#1932 = CARTESIAN_POINT ( 'NONE',  ( 8.000000000000000000, 1.500000000000001332, -3.009169851535451557E-33 ) ) ;
#1933 = ORIENTED_EDGE ( 'NONE', *, *, #137, .T. ) ;
#1934 = CARTESIAN_POINT ( 'NONE',  ( 0.000000000000000000, 0.5000000000000004441, 0.000000000000000000 ) ) ;
#1935 = CARTESIAN_POINT ( 'NONE',  ( 0.000000000000000000, -200.6000000000003354, 0.000000000000000000 ) ) ;
#1936 = CARTESIAN_POINT ( 'NONE',  ( 35.22294117647059153, 68.30000000000001137, -7.500000000000000000 ) ) ;
#1937 = ORIENTED_EDGE ( 'NONE', *, *, #1487, .T. ) ;
#1938 = DIRECTION ( 'NONE',  ( 0.000000000000000000, 0.000000000000000000, 1.000000000000000000 ) ) ;
#1939 = CARTESIAN_POINT ( 'NONE',  ( 7.771561172376095290E-17, 0.000000000000000000, -0.7000000000000020650 ) ) ;
#1940 = DIRECTION ( 'NONE',  ( -1.000000000000000000, 0.000000000000000000, 0.000000000000000000 ) ) ;
#1941 = ORIENTED_EDGE ( 'NONE', *, *, #503, .F. ) ;
#1942 = EDGE_CURVE ( 'NONE', #2908, #2724, #1061, .T. ) ;
#1943 = ORIENTED_EDGE ( 'NONE', *, *, #1065, .T. ) ;
#1944 = CARTESIAN_POINT ( 'NONE',  ( 30.00000000000000000, -1.836970198721027715E-16, 0.000000000000000000 ) ) ;
#1945 = PRODUCT_DEFINITION ( 'UNKNOWN', '', #1102, #2119 ) ;
#1946 = CARTESIAN_POINT ( 'NONE',  ( -8.000000000000042633, 0.1000000000000028644, -3.604920367715554414E-15 ) ) ;
#1947 = CARTESIAN_POINT ( 'NONE',  ( 0.000000000000000000, 0.000000000000000000, 0.000000000000000000 ) ) ;
#1948 = ORIENTED_EDGE ( 'NONE', *, *, #296, .F. ) ;
#1949 = DIRECTION ( 'NONE',  ( 1.000000000000000000, 0.000000000000000000, 0.000000000000000000 ) ) ;
#1950 = ADVANCED_FACE ( 'NONE', ( #993 ), #1045, .F. ) ;
#1951 = DIRECTION ( 'NONE',  ( -0.000000000000000000, -1.000000000000000000, -0.000000000000000000 ) ) ;
#1952 = DIRECTION ( 'NONE',  ( 0.000000000000000000, -1.000000000000000000, 0.000000000000000000 ) ) ;
#1953 = ORIENTED_EDGE ( 'NONE', *, *, #1903, .F. ) ;
#1954 = DIRECTION ( 'NONE',  ( 0.000000000000000000, -1.000000000000000000, 0.000000000000000000 ) ) ;
#1955 = SPHERICAL_SURFACE ( 'NONE', #2167, 203.4000000000003183 ) ;
#1956 = PRESENTATION_STYLE_ASSIGNMENT (( #2651 ) ) ;
#1957 = VERTEX_POINT ( 'NONE', #2858 ) ;
#1958 = DIRECTION ( 'NONE',  ( -0.000000000000000000, -0.000000000000000000, -1.000000000000000000 ) ) ;
#1959 = CARTESIAN_POINT ( 'NONE',  ( 0.000000000000000000, 0.9999999999999995559, 0.000000000000000000 ) ) ;
#1960 = AXIS2_PLACEMENT_3D ( 'NONE', #2685, #619, #1549 ) ;
#1961 = EDGE_CURVE ( 'NONE', #774, #756, #1444, .T. ) ;
#1962 = ORIENTED_EDGE ( 'NONE', *, *, #1289, .F. ) ;
#1963 = DIRECTION ( 'NONE',  ( 0.000000000000000000, 0.000000000000000000, 1.000000000000000000 ) ) ;
#1964 = CARTESIAN_POINT ( 'NONE',  ( 0.000000000000000000, 3.000000000000002665, 18.92814800674211284 ) ) ;
#1965 = EDGE_CURVE ( 'NONE', #2049, #199, #2835, .T. ) ;
#1966 = CARTESIAN_POINT ( 'NONE',  ( 35.22294117647059153, 68.30000000000001137, 7.500000000000000000 ) ) ;
#1967 = EDGE_CURVE ( 'NONE', #176, #2193, #2214, .T. ) ;
#1968 = CIRCLE ( 'NONE', #1680, 9.999999999999994671 ) ;
#1969 = DIRECTION ( 'NONE',  ( 0.000000000000000000, -1.000000000000000000, 0.000000000000000000 ) ) ;
#1970 = FACE_OUTER_BOUND ( 'NONE', #604, .T. ) ;
#1971 = EDGE_CURVE ( 'NONE', #1683, #545, #2452, .T. ) ;
#1972 = TOROIDAL_SURFACE ( 'NONE', #130, 23.38865313531815104, 33.00000000000000711 ) ;
#1973 = VECTOR ( 'NONE', #2207, 1000.000000000000000 ) ;
#1974 = VERTEX_POINT ( 'NONE', #561 ) ;
#1975 = TOROIDAL_SURFACE ( 'NONE', #2940, 27.63440482569416190, 6.806041666666680534 ) ;
#1976 = TOROIDAL_SURFACE ( 'NONE', #678, 25.68440482569416616, 6.806041666666682310 ) ;
#1977 = DIRECTION ( 'NONE',  ( -0.000000000000000000, -1.000000000000000000, -0.000000000000000000 ) ) ;
#1978 = VERTEX_POINT ( 'NONE', #1264 ) ;
#1979 = ORIENTED_EDGE ( 'NONE', *, *, #77, .F. ) ;
#1980 = DIRECTION ( 'NONE',  ( -0.000000000000000000, -0.000000000000000000, -1.000000000000000000 ) ) ;
#1981 = PLANE ( 'NONE',  #903 ) ;
#1982 = CARTESIAN_POINT ( 'NONE',  ( 7.500000000000026645, 0.000000000000000000, -3.604920367715554414E-15 ) ) ;
#1983 = EDGE_CURVE ( 'NONE', #118, #176, #2069, .T. ) ;
#1984 = CARTESIAN_POINT ( 'NONE',  ( 3.304636499668275935E-15, 30.15457492509397852, 26.98440482569417398 ) ) ;
#1985 = CARTESIAN_POINT ( 'NONE',  ( 32.33962440079006484, 12.87077256425409644, -3.130074668045828012 ) ) ;
#1986 = B_SPLINE_CURVE_WITH_KNOTS ( 'NONE', 3,
 ( #880, #213, #916, #1841, #1346, #2471, #2760, #865 ),
 .UNSPECIFIED., .F., .F.,
 ( 4, 2, 2, 4 ),
 ( 0.005788630140340490435, 0.006421201353054528833, 0.007053772565768567232, 0.008318914991196644029 ),
 .UNSPECIFIED. ) ;
#1987 = DIRECTION ( 'NONE',  ( 0.000000000000000000, -0.000000000000000000, -1.000000000000000000 ) ) ;
#1988 = EDGE_CURVE ( 'NONE', #928, #1120, #952, .T. ) ;
#1989 = ORIENTED_EDGE ( 'NONE', *, *, #2548, .F. ) ;
#1990 = CARTESIAN_POINT ( 'NONE',  ( 35.39455602728646255, 68.47161485081588239, 3.859551894557485152 ) ) ;
#1991 = SHAPE_REPRESENTATION_RELATIONSHIP ( 'NONE' , 'NONE' ,  #2536, #2013 ) ;
#1992 = CARTESIAN_POINT ( 'NONE',  ( 3.543442625502009158E-15, 55.65457492509398207, 28.93440482569416972 ) ) ;
#1993 = ORIENTED_EDGE ( 'NONE', *, *, #726, .F. ) ;
#1994 = DIRECTION ( 'NONE',  ( 0.000000000000000000, 0.000000000000000000, -1.000000000000000000 ) ) ;
#1995 = CARTESIAN_POINT ( 'NONE',  ( 0.000000000000000000, 2.000000000000001776, 0.000000000000000000 ) ) ;
#1996 = ORIENTED_EDGE ( 'NONE', *, *, #1609, .T. ) ;
#1997 = DIRECTION ( 'NONE',  ( 0.000000000000000000, 0.000000000000000000, -1.000000000000000000 ) ) ;
#1998 = DIRECTION ( 'NONE',  ( 0.000000000000000000, 0.000000000000000000, 1.000000000000000000 ) ) ;
#1999 = DIRECTION ( 'NONE',  ( 1.000000000000000000, 0.000000000000000000, 0.000000000000000000 ) ) ;
#2000 = CARTESIAN_POINT ( 'NONE',  ( 0.000000000000000000, 0.000000000000000000, -8.000000000000000000 ) ) ;
#2001 = PRODUCT_RELATED_PRODUCT_CATEGORY ( 'part', '', ( #101 ) ) ;
#2002 = ORIENTED_EDGE ( 'NONE', *, *, #254, .T. ) ;
#2003 = CARTESIAN_POINT ( 'NONE',  ( 0.000000000000000000, 1.500000000000001332, 0.000000000000000000 ) ) ;
#2004 = EDGE_CURVE ( 'NONE', #125, #2951, #2889, .T. ) ;
#2005 = UNCERTAINTY_MEASURE_WITH_UNIT (LENGTH_MEASURE( 1.000000000000000082E-05 ), #436, 'distance_accuracy_value', 'NONE');
#2006 = AXIS2_PLACEMENT_3D ( 'NONE', #2150, #2417, #1257 ) ;
#2007 = ORIENTED_EDGE ( 'NONE', *, *, #1366, .T. ) ;
#2008 = AXIS2_PLACEMENT_3D ( 'NONE', #1077, #419, #402 ) ;
#2009 = ORIENTED_EDGE ( 'NONE', *, *, #2392, .F. ) ;
#2010 = DIRECTION ( 'NONE',  ( -1.000000000000000000, 0.000000000000000000, 0.000000000000000000 ) ) ;
#2011 = CARTESIAN_POINT ( 'NONE',  ( 0.000000000000000000, 76.50000000000002842, 0.000000000000000000 ) ) ;
#2012 = CARTESIAN_POINT ( 'NONE',  ( 3.306546357697853733E-15, -3.673940397442055431E-16, 27.00000000000000000 ) ) ;
#2013 = ADVANCED_BREP_SHAPE_REPRESENTATION ( '', ( #2564, #2097 ), #2571 ) ;
#2014 = ORIENTED_EDGE ( 'NONE', *, *, #2798, .F. ) ;
#2015 = DIRECTION ( 'NONE',  ( 1.000000000000000000, 0.000000000000000000, 0.000000000000000000 ) ) ;
#2016 = CARTESIAN_POINT ( 'NONE',  ( 31.59530367434434339, 12.67133242669322080, -7.500000000000000000 ) ) ;
#2017 = CARTESIAN_POINT ( 'NONE',  ( 35.85501803402507193, 74.99427208277278112, 7.499999999999999112 ) ) ;
#2018 = EDGE_LOOP ( 'NONE', ( #11, #1426, #108, #1678 ) ) ;
#2019 = CARTESIAN_POINT ( 'NONE',  ( 0.000000000000000000, -29.69715421864641769, 0.000000000000000000 ) ) ;
#2020 = CIRCLE ( 'NONE', #1633, 36.50000000000000711 ) ;
#2021 = VECTOR ( 'NONE', #1539, 1000.000000000000000 ) ;
#2022 = EDGE_CURVE ( 'NONE', #2327, #2068, #1306, .T. ) ;
#2023 = ORIENTED_EDGE ( 'NONE', *, *, #929, .F. ) ;
#2024 = VECTOR ( 'NONE', #150, 1000.000000000000000 ) ;
#2025 = ORIENTED_EDGE ( 'NONE', *, *, #1083, .T. ) ;
#2026 = DIRECTION ( 'NONE',  ( 0.000000000000000000, 0.000000000000000000, 1.000000000000000000 ) ) ;
#2027 = EDGE_CURVE ( 'NONE', #45, #1620, #2934, .T. ) ;
#2028 = DIRECTION ( 'NONE',  ( -0.000000000000000000, -0.000000000000000000, -1.000000000000000000 ) ) ;
#2029 = CARTESIAN_POINT ( 'NONE',  ( 2.230580742766138313E-15, 2.000000000000001776, -17.50000000000000000 ) ) ;
#2030 = ORIENTED_EDGE ( 'NONE', *, *, #1608, .T. ) ;
#2031 = VERTEX_POINT ( 'NONE', #534 ) ;
#2032 = FACE_OUTER_BOUND ( 'NONE', #2043, .T. ) ;
#2033 = CARTESIAN_POINT ( 'NONE',  ( 35.28901382089411953, 69.16402688861536774, 7.500000000000000000 ) ) ;
#2034 = DIRECTION ( 'NONE',  ( 0.000000000000000000, 0.000000000000000000, -1.000000000000000000 ) ) ;
#2035 = CARTESIAN_POINT ( 'NONE',  ( 3.306546357697853733E-15, 0.000000000000000000, 27.00000000000000000 ) ) ;
#2036 =( NAMED_UNIT ( * ) SI_UNIT ( $, .STERADIAN. ) SOLID_ANGLE_UNIT ( ) );
#2037 = ORIENTED_EDGE ( 'NONE', *, *, #1655, .T. ) ;
#2038 = ORIENTED_EDGE ( 'NONE', *, *, #317, .F. ) ;
#2039 = FACE_OUTER_BOUND ( 'NONE', #2222, .T. ) ;
#2040 = CARTESIAN_POINT ( 'NONE',  ( 30.95588235294118107, 12.50000000000000000, 7.500000000000000000 ) ) ;
#2041 = CYLINDRICAL_SURFACE ( 'NONE', #1440, 11.50000000000000355 ) ;
#2042 = ADVANCED_FACE ( 'NONE', ( #2378 ), #1493, .F. ) ;
#2043 = EDGE_LOOP ( 'NONE', ( #2400, #2414, #630, #651 ) ) ;
#2044 = DIRECTION ( 'NONE',  ( 0.5505775089007906020, 0.000000000000000000, -0.8347840479385073564 ) ) ;
#2045 = ORIENTED_EDGE ( 'NONE', *, *, #1410, .T. ) ;
#2046 = B_SPLINE_CURVE_WITH_KNOTS ( 'NONE', 3,
 ( #707, #485, #1379, #1612, #2546, #2795, #1623, #931, #1858, #2520, #1635, #2285, #1406, #1180, #2326 ),
 .UNSPECIFIED., .F., .F.,
 ( 4, 2, 1, 2, 2, 2, 2, 4 ),
 ( 0.03696917062895397482, 0.03775422769095698738, 0.03853928475295999995, 0.03932434181496301251, 0.04010939887696602507, 0.04167951300097205020, 0.04246457006297506276, 0.04324962712497807532 ),
 .UNSPECIFIED. ) ;
#2047 = DIRECTION ( 'NONE',  ( 0.000000000000000000, 0.000000000000000000, 1.000000000000000000 ) ) ;
#2048 = CARTESIAN_POINT ( 'NONE',  ( 5.265625000000014211, 0.1000000000000028644, -5.340710941379928300 ) ) ;
#2049 = VERTEX_POINT ( 'NONE', #2917 ) ;
#2050 = DIRECTION ( 'NONE',  ( 0.000000000000000000, 1.000000000000000000, 0.000000000000000000 ) ) ;
#2051 = SURFACE_SIDE_STYLE ('',( #2714 ) ) ;
#2052 = ORIENTED_EDGE ( 'NONE', *, *, #1427, .F. ) ;
#2053 = STYLED_ITEM ( 'NONE', ( #155 ), #2013 ) ;
#2054 = CARTESIAN_POINT ( 'NONE',  ( 0.000000000000000000, 0.5000000000000004441, -36.50000000000000000 ) ) ;
#2055 = CARTESIAN_POINT ( 'NONE',  ( 35.59038317123819439, 68.66744199476761423, -3.385955150064952512 ) ) ;
#2056 = DIRECTION ( 'NONE',  ( 0.000000000000000000, 1.000000000000000000, 0.000000000000000000 ) ) ;
#2057 = VERTEX_POINT ( 'NONE', #1094 ) ;
#2058 =( LENGTH_UNIT ( ) NAMED_UNIT ( * ) SI_UNIT ( .MILLI., .METRE. ) );
#2059 = PRESENTATION_LAYER_ASSIGNMENT (  '', '', ( #2440 ) ) ;
#2060 = VERTEX_POINT ( 'NONE', #2012 ) ;
#2061 = ADVANCED_FACE ( 'NONE', ( #844 ), #405, .T. ) ;
#2062 = CARTESIAN_POINT ( 'NONE',  ( 60.07450682187143087, 47.71090233398354741, 7.500000000000000000 ) ) ;
#2063 = CARTESIAN_POINT ( 'NONE',  ( -2.500000000000007105, 1.500000000000001332, -7.071067811865486163 ) ) ;
#2064 = EDGE_CURVE ( 'NONE', #1697, #1912, #1802, .T. ) ;
#2065 = EDGE_LOOP ( 'NONE', ( #973, #1569, #2187, #2085 ) ) ;
#2066 = CARTESIAN_POINT ( 'NONE',  ( 0.000000000000000000, 0.000000000000000000, 0.000000000000000000 ) ) ;
#2067 = VECTOR ( 'NONE', #687, 1000.000000000000000 ) ;
#2068 = VERTEX_POINT ( 'NONE', #1775 ) ;
#2069 = CIRCLE ( 'NONE', #1202, 27.00000000000000000 ) ;
#2070 = DIRECTION ( 'NONE',  ( 1.000000000000000000, 0.000000000000000000, -1.224646799147353207E-16 ) ) ;
#2071 = CIRCLE ( 'NONE', #2895, 30.64999999999999503 ) ;
#2072 = DIRECTION ( 'NONE',  ( -0.2588190451025211836, 0.9659258262890682012, 0.000000000000000000 ) ) ;
#2073 = CYLINDRICAL_SURFACE ( 'NONE', #1001, 27.00000000000000000 ) ;
#2074 = ORIENTED_EDGE ( 'NONE', *, *, #894, .T. ) ;
#2075 = CIRCLE ( 'NONE', #384, 33.24999999999999289 ) ;
#2076 = DIRECTION ( 'NONE',  ( 0.000000000000000000, -1.000000000000000000, 0.000000000000000000 ) ) ;
#2077 = CARTESIAN_POINT ( 'NONE',  ( -5.265625000000017764, 0.1000000000000028644, -5.340710941379930965 ) ) ;
#2078 = ADVANCED_FACE ( 'NONE', ( #2706 ), #1780, .F. ) ;
#2079 = DIRECTION ( 'NONE',  ( -0.000000000000000000, -0.000000000000000000, -1.000000000000000000 ) ) ;
#2080 = DIRECTION ( 'NONE',  ( 0.07624797363269393558, 0.9970888859659945425, -0.000000000000000000 ) ) ;
#2081 = ADVANCED_FACE ( 'NONE', ( #626 ), #2670, .F. ) ;
#2082 = ORIENTED_EDGE ( 'NONE', *, *, #2777, .F. ) ;
#2083 = DIRECTION ( 'NONE',  ( 0.000000000000000000, 0.000000000000000000, 1.000000000000000000 ) ) ;
#2084 = DIRECTION ( 'NONE',  ( 0.000000000000000000, 0.000000000000000000, -1.000000000000000000 ) ) ;
#2085 = ORIENTED_EDGE ( 'NONE', *, *, #414, .T. ) ;
#2086 = DIRECTION ( 'NONE',  ( 0.000000000000000000, 0.000000000000000000, -1.000000000000000000 ) ) ;
#2087 = DIRECTION ( 'NONE',  ( 0.000000000000000000, 0.000000000000000000, -1.000000000000000000 ) ) ;
#2088 = CARTESIAN_POINT ( 'NONE',  ( 35.28901382089411953, 69.16402688861536774, 7.500000000000000000 ) ) ;
#2089 = CARTESIAN_POINT ( 'NONE',  ( 0.000000000000000000, 30.15457492509397852, -26.98440482569417398 ) ) ;
#2090 = ADVANCED_FACE ( 'NONE', ( #1553, #1327 ), #1298, .T. ) ;
#2091 = VERTEX_POINT ( 'NONE', #1563 ) ;
#2092 = ADVANCED_FACE ( 'NONE', ( #393, #608 ), #175, .T. ) ;
#2093 = UNCERTAINTY_MEASURE_WITH_UNIT (LENGTH_MEASURE( 1.000000000000000082E-05 ), #2731, 'distance_accuracy_value', 'NONE');
#2094 = CARTESIAN_POINT ( 'NONE',  ( 0.000000000000000000, 0.5000000000000004441, -0.6999999999999999556 ) ) ;
#2095 = LINE ( 'NONE', #25, #326 ) ;
#2096 = ORIENTED_EDGE ( 'NONE', *, *, #2379, .F. ) ;
#2097 = AXIS2_PLACEMENT_3D ( 'NONE', #1223, #2615, #2170 ) ;
#2098 = DIRECTION ( 'NONE',  ( -1.110223024625153336E-16, 0.000000000000000000, 1.000000000000000000 ) ) ;
#2099 = DIRECTION ( 'NONE',  ( -1.000000000000000000, 0.000000000000000000, 0.000000000000000000 ) ) ;
#2100 = DIRECTION ( 'NONE',  ( -0.9659258262890677571, -0.2588190451025227934, 0.000000000000000000 ) ) ;
#2101 = CARTESIAN_POINT ( 'NONE',  ( 35.81176470588235361, 76.00000000000001421, -5.017054978964071488 ) ) ;
#2102 = AXIS2_PLACEMENT_3D ( 'NONE', #1106, #258, #508 ) ;
#2103 = ORIENTED_EDGE ( 'NONE', *, *, #1228, .F. ) ;
#2104 = DIRECTION ( 'NONE',  ( -0.07624797363269161798, -0.9970888859659946535, 0.000000000000000000 ) ) ;
#2105 = ADVANCED_FACE ( 'NONE', ( #1316, #2225 ), #146, .T. ) ;
#2106 = VECTOR ( 'NONE', #102, 1000.000000000000000 ) ;
#2107 = LINE ( 'NONE', #961, #1863 ) ;
#2108 = TOROIDAL_SURFACE ( 'NONE', #2310, 28.28440482569416403, 6.806041666666684087 ) ;
#2109 = VERTEX_POINT ( 'NONE', #2029 ) ;
#2110 = EDGE_CURVE ( 'NONE', #321, #569, #2947, .T. ) ;
#2111 = VECTOR ( 'NONE', #2050, 1000.000000000000000 ) ;
#2112 = DIRECTION ( 'NONE',  ( 0.000000000000000000, -0.000000000000000000, 1.000000000000000000 ) ) ;
#2113 = TOROIDAL_SURFACE ( 'NONE', #2937, 28.28440482569416403, 6.806041666666684087 ) ;
#2114 = FACE_OUTER_BOUND ( 'NONE', #156, .T. ) ;
#2115 = CIRCLE ( 'NONE', #1398, 6.806041666666682310 ) ;
#2116 = CARTESIAN_POINT ( 'NONE',  ( 4.231154691054105206E-15, 59.50000000000001421, 34.54999999999999716 ) ) ;
#2117 = DIRECTION ( 'NONE',  ( 0.000000000000000000, 0.000000000000000000, -1.000000000000000000 ) ) ;
#2118 = EDGE_LOOP ( 'NONE', ( #2038, #2701, #1654, #1630 ) ) ;
#2119 = PRODUCT_DEFINITION_CONTEXT ( 'detailed design', #1179, 'design' ) ;
#2120 = DIRECTION ( 'NONE',  ( 0.000000000000000000, 0.000000000000000000, -1.000000000000000000 ) ) ;
#2121 = PRODUCT_DEFINITION ( 'UNKNOWN', '', #1238, #1006 ) ;
#2122 = CARTESIAN_POINT ( 'NONE',  ( 0.000000000000000000, 0.5000000000000004441, 0.000000000000000000 ) ) ;
#2123 = ORIENTED_EDGE ( 'NONE', *, *, #2022, .F. ) ;
#2124 = DIRECTION ( 'NONE',  ( 0.000000000000000000, 0.000000000000000000, -1.000000000000000000 ) ) ;
#2125 = ADVANCED_FACE ( 'NONE', ( #872 ), #1355, .T. ) ;
#2126 = CARTESIAN_POINT ( 'NONE',  ( 35.81176470588235361, 76.00000000000001421, -5.017054978964071488 ) ) ;
#2127 = ORIENTED_EDGE ( 'NONE', *, *, #1525, .T. ) ;
#2128 = VERTEX_POINT ( 'NONE', #1079 ) ;
#2129 = EDGE_CURVE ( 'NONE', #2656, #1236, #820, .T. ) ;
#2130 = CARTESIAN_POINT ( 'NONE',  ( 35.22971848715997112, 68.38862637055351001, 4.711909165778548569 ) ) ;
#2131 = CARTESIAN_POINT ( 'NONE',  ( -35.33473175808392597, 85.50000000000000000, 0.000000000000000000 ) ) ;
#2132 = DIRECTION ( 'NONE',  ( -0.000000000000000000, -0.000000000000000000, -1.000000000000000000 ) ) ;
#2133 = ORIENTED_EDGE ( 'NONE', *, *, #2777, .T. ) ;
#2134 = EDGE_LOOP ( 'NONE', ( #614, #1053, #771, #401 ) ) ;
#2135 = DIRECTION ( 'NONE',  ( -0.000000000000000000, -1.000000000000000000, -0.000000000000000000 ) ) ;
#2136 = VERTEX_POINT ( 'NONE', #1534 ) ;
#2137 = FACE_OUTER_BOUND ( 'NONE', #432, .T. ) ;
#2138 = ORIENTED_EDGE ( 'NONE', *, *, #1349, .F. ) ;
#2139 = DIRECTION ( 'NONE',  ( 0.000000000000000000, 0.000000000000000000, -1.000000000000000000 ) ) ;
#2140 = DIRECTION ( 'NONE',  ( 0.000000000000000000, 0.000000000000000000, 1.000000000000000000 ) ) ;
#2141 = EDGE_LOOP ( 'NONE', ( #2009, #423, #1022, #1805 ) ) ;
#2142 = CIRCLE ( 'NONE', #741, 9.999999999999987566 ) ;
#2143 = EDGE_CURVE ( 'NONE', #1664, #557, #2659, .T. ) ;
#2144 = CARTESIAN_POINT ( 'NONE',  ( 0.000000000000000000, 0.5000000000000004441, 0.000000000000000000 ) ) ;
#2145 = CARTESIAN_POINT ( 'NONE',  ( 31.59530367434863862, 12.67133242669437188, 7.499999999982253307 ) ) ;
#2146 = AXIS2_PLACEMENT_3D ( 'NONE', #855, #1530, #1121 ) ;
#2147 = CARTESIAN_POINT ( 'NONE',  ( 35.75340232479426561, 75.23679963192498121, 7.500000000000000000 ) ) ;
#2148 = EDGE_CURVE ( 'NONE', #2327, #2091, #362, .T. ) ;
#2149 = EDGE_LOOP ( 'NONE', ( #2715, #983, #1933, #172, #1450, #1133, #520, #841 ) ) ;
#2150 = CARTESIAN_POINT ( 'NONE',  ( 0.000000000000000000, 1.500000000000001332, 0.000000000000000000 ) ) ;
#2151 = CARTESIAN_POINT ( 'NONE',  ( 30.95588235294118107, 12.50000000000000000, 7.500000000000000000 ) ) ;
#2152 = EDGE_LOOP ( 'NONE', ( #1502, #1103, #689, #2510 ) ) ;
#2153 = CARTESIAN_POINT ( 'NONE',  ( 60.07450682187143087, 47.71090233398354741, 7.500000000000000000 ) ) ;
#2154 = AXIS2_PLACEMENT_3D ( 'NONE', #924, #223, #963 ) ;
#2155 = CARTESIAN_POINT ( 'NONE',  ( 4.111751628137237806E-15, 42.50000000000000711, 33.24999999999999289 ) ) ;
#2156 =( REPRESENTATION_RELATIONSHIP ('NONE','NONE', #2875, #2556 ) REPRESENTATION_RELATIONSHIP_WITH_TRANSFORMATION ( #2782 )SHAPE_REPRESENTATION_RELATIONSHIP( ) );
#2157 = AXIS2_PLACEMENT_3D ( 'NONE', #1092, #1110, #1562 ) ;
#2158 = AXIS2_PLACEMENT_3D ( 'NONE', #2466, #2253, #1997 ) ;
#2159 = DIRECTION ( 'NONE',  ( 0.000000000000000000, 0.000000000000000000, -1.000000000000000000 ) ) ;
#2160 = ORIENTED_EDGE ( 'NONE', *, *, #2143, .F. ) ;
#2161 = VECTOR ( 'NONE', #2100, 1000.000000000000114 ) ;
#2162 = CIRCLE ( 'NONE', #669, 8.000000000000000000 ) ;
#2163 = DIRECTION ( 'NONE',  ( 0.000000000000000000, 0.000000000000000000, -1.000000000000000000 ) ) ;
#2164 = PLANE ( 'NONE',  #90 ) ;
#2165 = AXIS2_PLACEMENT_3D ( 'NONE', #2320, #2291, #1643 ) ;
#2166 = EDGE_CURVE ( 'NONE', #2526, #1660, #132, .T. ) ;
#2167 = AXIS2_PLACEMENT_3D ( 'NONE', #93, #2877, #1737 ) ;
#2168 = ORIENTED_EDGE ( 'NONE', *, *, #1511, .T. ) ;
#2169 = ADVANCED_FACE ( 'NONE', ( #945 ), #2780, .F. ) ;
#2170 = DIRECTION ( 'NONE',  ( 1.000000000000000000, 0.000000000000000000, 0.000000000000000000 ) ) ;
#2171 = LINE ( 'NONE', #1756, #1691 ) ;
#2172 = DIRECTION ( 'NONE',  ( -0.07624797363269396333, -0.9970888859659945425, -0.000000000000000000 ) ) ;
#2173 = ORIENTED_EDGE ( 'NONE', *, *, #2907, .F. ) ;
#2174 = DIRECTION ( 'NONE',  ( 1.110223024625153212E-16, 0.000000000000000000, -1.000000000000000000 ) ) ;
#2175 = CARTESIAN_POINT ( 'NONE',  ( 35.22294117647059153, 68.30000000000001137, 7.500000000000000000 ) ) ;
#2176 = CARTESIAN_POINT ( 'NONE',  ( 31.77337426496292139, 15.30723674867039819, 5.011739252216417917 ) ) ;
#2177 = ORIENTED_EDGE ( 'NONE', *, *, #355, .T. ) ;
#2178 = DIRECTION ( 'NONE',  ( -0.000000000000000000, -1.000000000000000000, -0.000000000000000000 ) ) ;
#2179 = CARTESIAN_POINT ( 'NONE',  ( 8.326672684688674053E-16, 0.000000000000000000, -7.500000000000021316 ) ) ;
#2180 = DIRECTION ( 'NONE',  ( 0.000000000000000000, 0.000000000000000000, 1.000000000000000000 ) ) ;
#2181 = VERTEX_POINT ( 'NONE', #664 ) ;
#2182 = EDGE_CURVE ( 'NONE', #895, #2368, #1593, .T. ) ;
#2183 = DIRECTION ( 'NONE',  ( 0.000000000000000000, 0.000000000000000000, -1.000000000000000000 ) ) ;
#2184 = EDGE_CURVE ( 'NONE', #1884, #48, #2046, .T. ) ;
#2185 = DIRECTION ( 'NONE',  ( -1.224646799147353207E-16, 0.000000000000000000, -1.000000000000000000 ) ) ;
#2186 = DIRECTION ( 'NONE',  ( 0.000000000000000000, 0.000000000000000000, 1.000000000000000000 ) ) ;
#2187 = ORIENTED_EDGE ( 'NONE', *, *, #974, .T. ) ;
#2188 = ORIENTED_EDGE ( 'NONE', *, *, #2415, .T. ) ;
#2189 = LINE ( 'NONE', #2856, #2344 ) ;
#2190 = EDGE_CURVE ( 'NONE', #1647, #809, #2737, .T. ) ;
#2191 = LINE ( 'NONE', #2388, #1305 ) ;
#2192 = CARTESIAN_POINT ( 'NONE',  ( 0.000000000000000000, 59.50000000000001421, 0.000000000000000000 ) ) ;
#2193 = VERTEX_POINT ( 'NONE', #248 ) ;
#2194 = DIRECTION ( 'NONE',  ( 0.000000000000000000, 0.000000000000000000, -1.000000000000000000 ) ) ;
#2195 = CARTESIAN_POINT ( 'NONE',  ( 32.41061432853239666, 12.88979425806340018, 2.535233551649087591 ) ) ;
#2196 = DIRECTION ( 'NONE',  ( -1.000000000000000000, -0.000000000000000000, -0.000000000000000000 ) ) ;
#2197 = ORIENTED_EDGE ( 'NONE', *, *, #708, .F. ) ;
#2198 = CIRCLE ( 'NONE', #2574, 6.806041666666665435 ) ;
#2199 = AXIS2_PLACEMENT_3D ( 'NONE', #1913, #558, #1451 ) ;
#2200 = LINE ( 'NONE', #1514, #2438 ) ;
#2201 = CARTESIAN_POINT ( 'NONE',  ( 2.500000000000005773, 1.500000000000001332, -15.00000000000001954 ) ) ;
#2202 = EDGE_CURVE ( 'NONE', #199, #665, #2095, .T. ) ;
#2203 = ORIENTED_EDGE ( 'NONE', *, *, #2240, .F. ) ;
#2204 = CARTESIAN_POINT ( 'NONE',  ( 60.83970659062720898, 42.62314830322402770, -7.500000000000000000 ) ) ;
#2205 = PRODUCT_DEFINITION_SHAPE ( 'NONE', 'NONE',  #1945 ) ;
#2206 = CARTESIAN_POINT ( 'NONE',  ( 0.000000000000000000, 0.000000000000000000, 0.000000000000000000 ) ) ;
#2207 = DIRECTION ( 'NONE',  ( 0.000000000000000000, -1.000000000000000000, 0.000000000000000000 ) ) ;
#2208 = ADVANCED_FACE ( 'NONE', ( #454 ), #2262, .F. ) ;
#2209 = CARTESIAN_POINT ( 'NONE',  ( -2.500000000000004885, 0.5000000000000004441, -15.00000000000001954 ) ) ;
#2210 = DIRECTION ( 'NONE',  ( -0.000000000000000000, 1.000000000000000000, -0.000000000000000000 ) ) ;
#2211 = AXIS2_PLACEMENT_3D ( 'NONE', #1115, #180, #1999 ) ;
#2212 = CARTESIAN_POINT ( 'NONE',  ( 4.531193156845206793E-15, 1.000000000000000888, 37.00000000000000000 ) ) ;
#2213 = AXIS2_PLACEMENT_3D ( 'NONE', #2003, #2923, #1558 ) ;
#2214 = CIRCLE ( 'NONE', #1636, 27.00000000000000000 ) ;
#2215 = AXIS2_PLACEMENT_3D ( 'NONE', #596, #2409, #2194 ) ;
#2216 = ORIENTED_EDGE ( 'NONE', *, *, #982, .F. ) ;
#2217 = TOROIDAL_SURFACE ( 'NONE', #1058, 30.88440482569417611, 6.806041666666665435 ) ;
#2218 = AXIS2_PLACEMENT_3D ( 'NONE', #1323, #1709, #591 ) ;
#2219 =( LENGTH_UNIT ( ) NAMED_UNIT ( * ) SI_UNIT ( .MILLI., .METRE. ) );
#2220 = AXIS2_PLACEMENT_3D ( 'NONE', #1143, #446, #1373 ) ;
#2221 = PLANE ( 'NONE',  #37 ) ;
#2222 = EDGE_LOOP ( 'NONE', ( #1144, #1119, #1895, #92 ) ) ;
#2223 = CARTESIAN_POINT ( 'NONE',  ( 8.581783089164982967E-17, 0.000000000000000000, 7.500000000000000000 ) ) ;
#2224 = ORIENTED_EDGE ( 'NONE', *, *, #2728, .T. ) ;
#2225 = FACE_BOUND ( 'NONE', #836, .T. ) ;
#2226 = ADVANCED_FACE ( 'NONE', ( #2300 ), #2041, .F. ) ;
#2227 = LINE ( 'NONE', #1793, #908 ) ;
#2228 = CARTESIAN_POINT ( 'NONE',  ( 35.55174373512501518, 69.62410000147521316, 7.499999999999999112 ) ) ;
#2229 = ORIENTED_EDGE ( 'NONE', *, *, #2334, .T. ) ;
#2230 = CARTESIAN_POINT ( 'NONE',  ( 35.22294117647059153, 68.30000000000001137, 4.137119247808319855 ) ) ;
#2231 =( NAMED_UNIT ( * ) SI_UNIT ( $, .STERADIAN. ) SOLID_ANGLE_UNIT ( ) );
#2232 = ORIENTED_EDGE ( 'NONE', *, *, #2184, .F. ) ;
#2233 = DIRECTION ( 'NONE',  ( -1.224646799147353207E-16, 0.000000000000000000, -1.000000000000000000 ) ) ;
#2234 = VERTEX_POINT ( 'NONE', #887 ) ;
#2235 = PLANE ( 'NONE',  #1480 ) ;
#2236 = CARTESIAN_POINT ( 'NONE',  ( 5.265625000000015099, 0.1000000000000028644, 5.340710941379915866 ) ) ;
#2237 = CARTESIAN_POINT ( 'NONE',  ( 3.061616997868389797E-17, 0.5000000000000004441, 9.568656960443621616E-38 ) ) ;
#2238 = CARTESIAN_POINT ( 'NONE',  ( 0.000000000000000000, 3.000000000000002665, 0.000000000000000000 ) ) ;
#2239 = CARTESIAN_POINT ( 'NONE',  ( 35.81176470588235361, 76.00000000000001421, 7.500000000000000000 ) ) ;
#2240 = EDGE_CURVE ( 'NONE', #1712, #1208, #1108, .T. ) ;
#2241 = DIRECTION ( 'NONE',  ( -0.000000000000000000, -0.000000000000000000, -1.000000000000000000 ) ) ;
#2242 = DIRECTION ( 'NONE',  ( 0.000000000000000000, 0.000000000000000000, -1.000000000000000000 ) ) ;
#2243 = VECTOR ( 'NONE', #662, 1000.000000000000000 ) ;
#2244 = ADVANCED_FACE ( 'NONE', ( #1597 ), #2073, .F. ) ;
#2245 = VERTEX_POINT ( 'NONE', #441 ) ;
#2246 = AXIS2_PLACEMENT_3D ( 'NONE', #2352, #274, #1830 ) ;
#2247 = ORIENTED_EDGE ( 'NONE', *, *, #293, .F. ) ;
#2248 =( GEOMETRIC_REPRESENTATION_CONTEXT ( 3 ) GLOBAL_UNCERTAINTY_ASSIGNED_CONTEXT ( ( #850 ) ) GLOBAL_UNIT_ASSIGNED_CONTEXT ( ( #2058, #177, #2981 ) ) REPRESENTATION_CONTEXT ( 'NONE', 'WORKASPACE' ) );
#2249 = VECTOR ( 'NONE', #2401, 1000.000000000000000 ) ;
#2250 = ORIENTED_EDGE ( 'NONE', *, *, #2413, .F. ) ;
#2251 = CARTESIAN_POINT ( 'NONE',  ( 60.07450682187143087, 47.71090233398354741, -7.500000000000000000 ) ) ;
#2252 = CARTESIAN_POINT ( 'NONE',  ( 0.000000000000000000, 55.65457492509398207, 0.000000000000000000 ) ) ;
#2253 = DIRECTION ( 'NONE',  ( 0.000000000000000000, -1.000000000000000000, 0.000000000000000000 ) ) ;
#2254 = ORIENTED_EDGE ( 'NONE', *, *, #2707, .F. ) ;
#2255 = ITEM_DEFINED_TRANSFORMATION ( 'NONE', 'NONE', #166,  #2097 ) ;
#2256 = DIRECTION ( 'NONE',  ( -0.000000000000000000, -1.000000000000000000, -0.000000000000000000 ) ) ;
#2257 = CARTESIAN_POINT ( 'NONE',  ( 36.27836351273301574, 72.67540750188140919, 7.500000000000000000 ) ) ;
#2258 = ORIENTED_EDGE ( 'NONE', *, *, #679, .F. ) ;
#2259 = CARTESIAN_POINT ( 'NONE',  ( 29.10237881690745709, 4.000000000000001776, 0.000000000000000000 ) ) ;
#2260 = AXIS2_PLACEMENT_3D ( 'NONE', #2769, #2758, #2086 ) ;
#2261 = AXIS2_PLACEMENT_3D ( 'NONE', #89, #1014, #2361 ) ;
#2262 = CONICAL_SURFACE ( 'NONE', #715, 29.10237881690745709, 0.07632204874501542780 ) ;
#2263 = VECTOR ( 'NONE', #252, 1000.000000000000000 ) ;
#2264 = AXIS2_PLACEMENT_3D ( 'NONE', #2259, #659, #2697 ) ;
#2265 = VERTEX_POINT ( 'NONE', #1368 ) ;
#2266 = ADVANCED_FACE ( 'NONE', ( #206 ), #1137, .F. ) ;
#2267 = VECTOR ( 'NONE', #1969, 1000.000000000000000 ) ;
#2268 = PRESENTATION_LAYER_ASSIGNMENT (  '', '', ( #2456 ) ) ;
#2269 = ORIENTED_EDGE ( 'NONE', *, *, #2353, .F. ) ;
#2270 = DIRECTION ( 'NONE',  ( 0.000000000000000000, 0.000000000000000000, -1.000000000000000000 ) ) ;
#2271 = DIRECTION ( 'NONE',  ( -0.000000000000000000, -1.000000000000000000, -0.000000000000000000 ) ) ;
#2272 = DIRECTION ( 'NONE',  ( 0.000000000000000000, -1.000000000000000000, 0.000000000000000000 ) ) ;
#2273 = VERTEX_POINT ( 'NONE', #685 ) ;
#2274 = APPLICATION_PROTOCOL_DEFINITION ( 'draft international standard', 'automotive_design', 1998, #681 ) ;
#2275 = ORIENTED_EDGE ( 'NONE', *, *, #1641, .F. ) ;
#2276 = DIRECTION ( 'NONE',  ( 1.000000000000000000, 0.000000000000000000, -1.224646799147353207E-16 ) ) ;
#2277 = FACE_OUTER_BOUND ( 'NONE', #1374, .T. ) ;
#2278 = ORIENTED_EDGE ( 'NONE', *, *, #2064, .F. ) ;
#2279 = DIRECTION ( 'NONE',  ( -0.000000000000000000, -0.000000000000000000, -1.000000000000000000 ) ) ;
#2280 =( LENGTH_UNIT ( ) NAMED_UNIT ( * ) SI_UNIT ( .MILLI., .METRE. ) );
#2281 = ORIENTED_EDGE ( 'NONE', *, *, #652, .F. ) ;
#2282 = FACE_OUTER_BOUND ( 'NONE', #1030, .T. ) ;
#2283 = EDGE_CURVE ( 'NONE', #1674, #1400, #1152, .T. ) ;
#2284 = CARTESIAN_POINT ( 'NONE',  ( 35.31804505800739236, 68.39510388153681220, -4.006134665758274593 ) ) ;
#2285 = CARTESIAN_POINT ( 'NONE',  ( 35.77245396011982592, 70.10463706861465027, -7.499999999999998224 ) ) ;
#2286 = ORIENTED_EDGE ( 'NONE', *, *, #2332, .F. ) ;
#2287 = ITEM_DEFINED_TRANSFORMATION ( 'NONE', 'NONE', #1474,  #2097 ) ;
#2288 = EDGE_CURVE ( 'NONE', #2491, #2855, #1710, .T. ) ;
#2289 = ORIENTED_EDGE ( 'NONE', *, *, #2428, .T. ) ;
#2290 = DIRECTION ( 'NONE',  ( 0.000000000000000000, -1.000000000000000000, 0.000000000000000000 ) ) ;
#2291 = DIRECTION ( 'NONE',  ( 0.9970888859659947645, -0.07624797363269163186, 0.000000000000000000 ) ) ;
#2292 = ORIENTED_EDGE ( 'NONE', *, *, #1024, .F. ) ;
#2293 = LINE ( 'NONE', #937, #1358 ) ;
#2294 = ORIENTED_EDGE ( 'NONE', *, *, #2129, .F. ) ;
#2295 = VECTOR ( 'NONE', #2543, 1000.000000000000000 ) ;
#2296 = DIRECTION ( 'NONE',  ( -1.000000000000000000, 0.000000000000000000, 0.000000000000000000 ) ) ;
#2297 = CARTESIAN_POINT ( 'NONE',  ( 35.53137009518086842, 68.60842891871028826, -3.549078010444651099 ) ) ;
#2298 = AXIS2_PLACEMENT_3D ( 'NONE', #2735, #190, #2270 ) ;
#2299 = EDGE_CURVE ( 'NONE', #658, #1271, #530, .T. ) ;
#2300 = FACE_OUTER_BOUND ( 'NONE', #2815, .T. ) ;
#2301 = EDGE_LOOP ( 'NONE', ( #868, #1231, #2898, #2568 ) ) ;
#2302 = PLANE ( 'NONE',  #1914 ) ;
#2303 = ADVANCED_FACE ( 'NONE', ( #1677 ), #1741, .T. ) ;
#2304 = PLANE ( 'NONE',  #2165 ) ;
#2305 = LINE ( 'NONE', #1218, #1308 ) ;
#2306 = CARTESIAN_POINT ( 'NONE',  ( 35.77934902625300850, 75.57610265100082358, -6.698599393822407322 ) ) ;
#2307 = VECTOR ( 'NONE', #149, 1000.000000000000000 ) ;
#2308 = EDGE_LOOP ( 'NONE', ( #1586, #1199, #2601, #985 ) ) ;
#2309 = AXIS2_PLACEMENT_3D ( 'NONE', #2011, #2669, #2946 ) ;
#2310 = AXIS2_PLACEMENT_3D ( 'NONE', #2805, #2135, #67 ) ;
#2311 = DIRECTION ( 'NONE',  ( 0.000000000000000000, 0.000000000000000000, -1.000000000000000000 ) ) ;
#2312 = CIRCLE ( 'NONE', #1439, 17.65764939443949189 ) ;
#2313 = CIRCLE ( 'NONE', #717, 8.000000000000000000 ) ;
#2314 = COLOUR_RGB ( '',1.000000000000000000, 1.000000000000000000, 1.000000000000000000 ) ;
#2315 = DIRECTION ( 'NONE',  ( -0.000000000000000000, -1.000000000000000000, -0.000000000000000000 ) ) ;
#2316 = ORIENTED_EDGE ( 'NONE', *, *, #2515, .F. ) ;
#2317 = AXIS2_PLACEMENT_3D ( 'NONE', #2627, #120, #2410 ) ;
#2318 = ADVANCED_FACE ( 'NONE', ( #1210, #1011 ), #1430, .T. ) ;
#2319 = DIRECTION ( 'NONE',  ( -0.000000000000000000, -1.000000000000000000, -0.000000000000000000 ) ) ;
#2320 = CARTESIAN_POINT ( 'NONE',  ( 60.83970659062720898, 42.62314830322402770, 7.500000000000000000 ) ) ;
#2321 = ADVANCED_FACE ( 'NONE', ( #2372 ), #2108, .T. ) ;
#2322 = DIRECTION ( 'NONE',  ( 0.000000000000000000, 0.000000000000000000, -1.000000000000000000 ) ) ;
#2323 = CARTESIAN_POINT ( 'NONE',  ( 35.79768761520555387, 75.81591496807261876, -5.866441232725298605 ) ) ;
#2324 = ORIENTED_EDGE ( 'NONE', *, *, #489, .T. ) ;
#2325 = FACE_OUTER_BOUND ( 'NONE', #2516, .T. ) ;
#2326 = CARTESIAN_POINT ( 'NONE',  ( 35.28901382089411953, 69.16402688861536774, -7.500000000000000000 ) ) ;
#2327 = VERTEX_POINT ( 'NONE', #731 ) ;
#2328 = FACE_BOUND ( 'NONE', #1371, .T. ) ;
#2329 = DIRECTION ( 'NONE',  ( -0.000000000000000000, -1.000000000000000000, -0.000000000000000000 ) ) ;
#2330 = CARTESIAN_POINT ( 'NONE',  ( 44.56507680020157380, 73.50000000000001421, 7.500000000000000000 ) ) ;
#2331 = LINE ( 'NONE', #253, #761 ) ;
#2332 = EDGE_CURVE ( 'NONE', #1468, #1748, #291, .T. ) ;
#2333 = VERTEX_POINT ( 'NONE', #305 ) ;
#2334 = EDGE_CURVE ( 'NONE', #2109, #1069, #1391, .T. ) ;
#2335 = ORIENTED_EDGE ( 'NONE', *, *, #452, .T. ) ;
#2336 = DIRECTION ( 'NONE',  ( 1.110223024625153336E-16, 0.000000000000000000, -1.000000000000000000 ) ) ;
#2337 = MECHANICAL_DESIGN_GEOMETRIC_PRESENTATION_REPRESENTATION (  '', ( #2484 ), #1421 ) ;
#2338 = CARTESIAN_POINT ( 'NONE',  ( 50.13789028437120265, 53.50000000000000711, 7.500000000000000000 ) ) ;
#2339 = ORIENTED_EDGE ( 'NONE', *, *, #151, .F. ) ;
#2340 = CIRCLE ( 'NONE', #462, 36.50000000000000000 ) ;
#2341 = LINE ( 'NONE', #2560, #2067 ) ;
#2342 = AXIS2_PLACEMENT_3D ( 'NONE', #443, #1614, #2044 ) ;
#2343 = ORIENTED_EDGE ( 'NONE', *, *, #2982, .T. ) ;
#2344 = VECTOR ( 'NONE', #1949, 1000.000000000000000 ) ;
#2345 = CARTESIAN_POINT ( 'NONE',  ( 3.306546357697853733E-15, 0.9999999999999995559, 27.00000000000000000 ) ) ;
#2346 = DIRECTION ( 'NONE',  ( 0.000000000000000000, 0.000000000000000000, 1.000000000000000000 ) ) ;
#2347 = CONICAL_SURFACE ( 'NONE', #415, 29.10237881690745709, 0.07632204874501542780 ) ;
#2348 = AXIS2_PLACEMENT_3D ( 'NONE', #639, #611, #163 ) ;
#2349 = PRODUCT_RELATED_PRODUCT_CATEGORY ( 'part', '', ( #1243 ) ) ;
#2350 = ORIENTED_EDGE ( 'NONE', *, *, #169, .F. ) ;
#2351 = VERTEX_POINT ( 'NONE', #989 ) ;
#2352 = CARTESIAN_POINT ( 'NONE',  ( 3.145432415779119532E-15, 13.15457492509397674, 25.68440482569416616 ) ) ;
#2353 = EDGE_CURVE ( 'NONE', #646, #2951, #2198, .T. ) ;
#2354 = MECHANICAL_DESIGN_GEOMETRIC_PRESENTATION_REPRESENTATION (  '', ( #1829 ), #1738 ) ;
#2355 = DIRECTION ( 'NONE',  ( 0.9659258262890682012, 0.2588190451025211836, 0.000000000000000000 ) ) ;
#2356 = CIRCLE ( 'NONE', #909, 36.50000000000000711 ) ;
#2357 = AXIS2_PLACEMENT_3D ( 'NONE', #2490, #860, #2929 ) ;
#2358 = EDGE_LOOP ( 'NONE', ( #2138, #2229, #2957, #877 ) ) ;
#2359 = AXIS2_PLACEMENT_3D ( 'NONE', #1538, #2241, #1099 ) ;
#2360 = AXIS2_PLACEMENT_3D ( 'NONE', #1302, #1536, #1319 ) ;
#2361 = DIRECTION ( 'NONE',  ( 0.000000000000000000, 0.000000000000000000, 1.000000000000000000 ) ) ;
#2362 = CARTESIAN_POINT ( 'NONE',  ( 0.000000000000000000, 0.9999999999999995559, 0.000000000000000000 ) ) ;
#2363 = VERTEX_POINT ( 'NONE', #1481 ) ;
#2364 = CIRCLE ( 'NONE', #2845, 36.50000000000000000 ) ;
#2365 = CARTESIAN_POINT ( 'NONE',  ( 2.500000000000003997, 0.000000000000000000, -7.599342076785342570 ) ) ;
#2366 = SURFACE_STYLE_FILL_AREA ( #1470 ) ;
#2367 = DIRECTION ( 'NONE',  ( 0.000000000000000000, 0.000000000000000000, -1.000000000000000000 ) ) ;
#2368 = VERTEX_POINT ( 'NONE', #1729 ) ;
#2369 = ORIENTED_EDGE ( 'NONE', *, *, #2442, .T. ) ;
#2370 = DIRECTION ( 'NONE',  ( 0.000000000000000000, -1.000000000000000000, 0.000000000000000000 ) ) ;
#2371 = ORIENTED_EDGE ( 'NONE', *, *, #169, .T. ) ;
#2372 = FACE_OUTER_BOUND ( 'NONE', #418, .T. ) ;
#2373 = ADVANCED_FACE ( 'NONE', ( #1696 ), #39, .F. ) ;
#2374 = ORIENTED_EDGE ( 'NONE', *, *, #244, .T. ) ;
#2375 = DIRECTION ( 'NONE',  ( 0.000000000000000000, 0.000000000000000000, -1.000000000000000000 ) ) ;
#2376 = PRODUCT_DEFINITION_SHAPE ( 'NONE', 'NONE',  #779 ) ;
#2377 = CARTESIAN_POINT ( 'NONE',  ( 2.162438381136652310E-15, 1.500000000000001332, -17.65764939443949189 ) ) ;
#2378 = FACE_OUTER_BOUND ( 'NONE', #53, .T. ) ;
#2379 = EDGE_CURVE ( 'NONE', #1797, #339, #1037, .T. ) ;
#2380 = ORIENTED_EDGE ( 'NONE', *, *, #1247, .F. ) ;
#2381 = CARTESIAN_POINT ( 'NONE',  ( 44.56507680020157380, 73.50000000000001421, 7.500000000000000000 ) ) ;
#2382 = CYLINDRICAL_SURFACE ( 'NONE', #2638, 7.500000000000021316 ) ;
#2383 = CARTESIAN_POINT ( 'NONE',  ( 0.000000000000000000, 17.00000000000000711, -31.29999999999999361 ) ) ;
#2384 = ORIENTED_EDGE ( 'NONE', *, *, #1511, .F. ) ;
#2385 = ORIENTED_EDGE ( 'NONE', *, *, #999, .F. ) ;
#2386 = DIRECTION ( 'NONE',  ( -0.07624797363269161798, -0.9970888859659946535, 0.000000000000000000 ) ) ;
#2387 = ORIENTED_EDGE ( 'NONE', *, *, #148, .F. ) ;
#2388 = CARTESIAN_POINT ( 'NONE',  ( 35.81176470588235361, 76.00000000000001421, 7.500000000000000000 ) ) ;
#2389 = DIRECTION ( 'NONE',  ( -0.000000000000000000, -1.000000000000000000, -0.000000000000000000 ) ) ;
#2390 = ORIENTED_EDGE ( 'NONE', *, *, #821, .T. ) ;
#2391 = VECTOR ( 'NONE', #1676, 1000.000000000000000 ) ;
#2392 = EDGE_CURVE ( 'NONE', #719, #482, #1240, .T. ) ;
#2393 = CARTESIAN_POINT ( 'NONE',  ( 0.000000000000000000, -200.6000000000003354, 0.000000000000000000 ) ) ;
#2394 = MECHANICAL_DESIGN_GEOMETRIC_PRESENTATION_REPRESENTATION (  '', ( #2440 ), #1295 ) ;
#2395 = DIRECTION ( 'NONE',  ( 0.000000000000000000, -1.000000000000000000, 0.000000000000000000 ) ) ;
#2396 = ORIENTED_EDGE ( 'NONE', *, *, #2892, .T. ) ;
#2397 = ORIENTED_EDGE ( 'NONE', *, *, #23, .F. ) ;
#2398 = CARTESIAN_POINT ( 'NONE',  ( 44.56507680020157380, 73.50000000000001421, 7.500000000000000000 ) ) ;
#2399 = DIRECTION ( 'NONE',  ( 0.000000000000000000, 0.000000000000000000, -1.000000000000000000 ) ) ;
#2400 = ORIENTED_EDGE ( 'NONE', *, *, #851, .T. ) ;
#2401 = DIRECTION ( 'NONE',  ( 0.000000000000000000, -1.000000000000000000, 0.000000000000000000 ) ) ;
#2402 = AXIS2_PLACEMENT_3D ( 'NONE', #1328, #197, #2726 ) ;
#2403 = CARTESIAN_POINT ( 'NONE',  ( 7.500000000000009770, 2.000000000000001776, -3.009169851535451557E-33 ) ) ;
#2404 = CIRCLE ( 'NONE', #2309, 35.85000000000000142 ) ;
#2405 = CARTESIAN_POINT ( 'NONE',  ( 32.04504993292802340, 15.38003202450483720, 2.488110391478635997 ) ) ;
#2406 = VERTEX_POINT ( 'NONE', #83 ) ;
#2407 = EDGE_CURVE ( 'NONE', #650, #1884, #1886, .T. ) ;
#2408 = AXIS2_PLACEMENT_3D ( 'NONE', #1842, #1629, #2989 ) ;
#2409 = DIRECTION ( 'NONE',  ( 0.000000000000000000, -1.000000000000000000, 0.000000000000000000 ) ) ;
#2410 = DIRECTION ( 'NONE',  ( 0.000000000000000000, 0.000000000000000000, -1.000000000000000000 ) ) ;
#2411 = CIRCLE ( 'NONE', #957, 6.806041666666675205 ) ;
#2412 = AXIS2_PLACEMENT_3D ( 'NONE', #1840, #712, #725 ) ;
#2413 = EDGE_CURVE ( 'NONE', #2128, #2806, #70, .T. ) ;
#2414 = ORIENTED_EDGE ( 'NONE', *, *, #1349, .T. ) ;
#2415 = EDGE_CURVE ( 'NONE', #1221, #782, #1476, .T. ) ;
#2416 = EDGE_CURVE ( 'NONE', #2181, #1867, #1906, .T. ) ;
#2417 = DIRECTION ( 'NONE',  ( 0.000000000000000000, -1.000000000000000000, 0.000000000000000000 ) ) ;
#2418 = PLANE ( 'NONE',  #675 ) ;
#2419 = LINE ( 'NONE', #1853, #939 ) ;
#2420 = EDGE_LOOP ( 'NONE', ( #2969, #94, #1212, #1486, #2863, #2796, #2224, #1437 ) ) ;
#2421 = FILL_AREA_STYLE ('',( #114 ) ) ;
#2422 = CARTESIAN_POINT ( 'NONE',  ( -1.245465794732860212E-14, 2.799999999999997158, 0.000000000000000000 ) ) ;
#2423 = DIRECTION ( 'NONE',  ( -0.000000000000000000, -1.000000000000000000, -0.000000000000000000 ) ) ;
#2424 = ORIENTED_EDGE ( 'NONE', *, *, #151, .T. ) ;
#2425 = DIRECTION ( 'NONE',  ( 0.000000000000000000, 0.000000000000000000, -1.000000000000000000 ) ) ;
#2426 = LINE ( 'NONE', #1719, #1443 ) ;
#2427 = ORIENTED_EDGE ( 'NONE', *, *, #1004, .F. ) ;
#2428 = EDGE_CURVE ( 'NONE', #2351, #1131, #2107, .T. ) ;
#2429 = DIRECTION ( 'NONE',  ( -1.224646799147353207E-16, 0.000000000000000000, -1.000000000000000000 ) ) ;
#2430 = EDGE_CURVE ( 'NONE', #482, #2656, #1819, .T. ) ;
#2431 = ORIENTED_EDGE ( 'NONE', *, *, #1159, .F. ) ;
#2432 = SURFACE_STYLE_FILL_AREA ( #2421 ) ;
#2433 = CYLINDRICAL_SURFACE ( 'NONE', #2587, 9.999999999999987566 ) ;
#2434 = DIRECTION ( 'NONE',  ( -1.000000000000000000, 0.000000000000000000, 0.000000000000000000 ) ) ;
#2435 = DIRECTION ( 'NONE',  ( 0.000000000000000000, 1.000000000000000000, 0.000000000000000000 ) ) ;
#2436 = CARTESIAN_POINT ( 'NONE',  ( 31.59530367434863862, 12.67133242669437188, 7.499999999982253307 ) ) ;
#2437 = CARTESIAN_POINT ( 'NONE',  ( 55.10545109075813741, 76.00000000000001421, -7.500000000000000000 ) ) ;
#2438 = VECTOR ( 'NONE', #2881, 1000.000000000000000 ) ;
#2439 = EDGE_LOOP ( 'NONE', ( #2281, #2573, #368, #397 ) ) ;
#2440 = STYLED_ITEM ( 'NONE', ( #1698 ), #2564 ) ;
#2441 = DIRECTION ( 'NONE',  ( 0.000000000000000000, 0.000000000000000000, 1.000000000000000000 ) ) ;
#2442 = EDGE_CURVE ( 'NONE', #1855, #125, #1580, .T. ) ;
#2443 = ORIENTED_EDGE ( 'NONE', *, *, #2814, .T. ) ;
#2444 = DIRECTION ( 'NONE',  ( -0.000000000000000000, -0.000000000000000000, -1.000000000000000000 ) ) ;
#2445 = EDGE_CURVE ( 'NONE', #265, #2363, #2419, .T. ) ;
#2446 = CARTESIAN_POINT ( 'NONE',  ( 0.000000000000000000, 0.000000000000000000, -8.000000000000000000 ) ) ;
#2447 = DIRECTION ( 'NONE',  ( 0.000000000000000000, 1.000000000000000000, 0.000000000000000000 ) ) ;
#2448 = VECTOR ( 'NONE', #2076, 1000.000000000000000 ) ;
#2449 = CONICAL_SURFACE ( 'NONE', #1490, 18.92814800674211284, 0.9599310885968801443 ) ;
#2450 = CIRCLE ( 'NONE', #374, 8.000000000000000000 ) ;
#2451 = LINE ( 'NONE', #1567, #2307 ) ;
#2452 = CIRCLE ( 'NONE', #904, 37.00000000000000000 ) ;
#2453 = PLANE ( 'NONE',  #1833 ) ;
#2454 = DIRECTION ( 'NONE',  ( -0.9659258262890677571, -0.2588190451025227934, 0.000000000000000000 ) ) ;
#2455 = CARTESIAN_POINT ( 'NONE',  ( 0.000000000000000000, -29.69715421864641769, 0.000000000000000000 ) ) ;
#2456 = STYLED_ITEM ( 'NONE', ( #1956 ), #1576 ) ;
#2457 = CIRCLE ( 'NONE', #2753, 6.806041666666678758 ) ;
#2458 = CIRCLE ( 'NONE', #1, 27.00000000000000000 ) ;
#2459 = ORIENTED_EDGE ( 'NONE', *, *, #2606, .F. ) ;
#2460 = DIRECTION ( 'NONE',  ( 1.000000000000000000, 0.000000000000000000, -0.000000000000000000 ) ) ;
#2461 = ORIENTED_EDGE ( 'NONE', *, *, #964, .T. ) ;
#2462 = CARTESIAN_POINT ( 'NONE',  ( 31.29615550032746540, 15.17936636607335110, -7.500000000000000000 ) ) ;
#2463 = DIRECTION ( 'NONE',  ( -1.000000000000000000, 0.000000000000000000, 0.000000000000000000 ) ) ;
#2464 = EDGE_CURVE ( 'NONE', #2806, #2128, #1043, .T. ) ;
#2465 = ORIENTED_EDGE ( 'NONE', *, *, #10, .F. ) ;
#2466 = CARTESIAN_POINT ( 'NONE',  ( 0.000000000000000000, -29.69715421864641769, 0.000000000000000000 ) ) ;
#2467 = APPLICATION_PROTOCOL_DEFINITION ( 'draft international standard', 'automotive_design', 1998, #246 ) ;
#2468 = DIRECTION ( 'NONE',  ( 0.000000000000000000, 0.000000000000000000, 1.000000000000000000 ) ) ;
#2469 = EDGE_CURVE ( 'NONE', #2703, #2491, #2528, .T. ) ;
#2470 = DIRECTION ( 'NONE',  ( -1.110223024625153336E-16, 0.000000000000000000, 1.000000000000000000 ) ) ;
#2471 = CARTESIAN_POINT ( 'NONE',  ( 31.51537218067432988, 14.36470797440916058, 7.500000000000000000 ) ) ;
#2472 = CARTESIAN_POINT ( 'NONE',  ( 0.000000000000000000, 25.50000000000000355, 0.000000000000000000 ) ) ;
#2473 = EDGE_LOOP ( 'NONE', ( #464, #5 ) ) ;
#2474 = ORIENTED_EDGE ( 'NONE', *, *, #2027, .F. ) ;
#2475 = CARTESIAN_POINT ( 'NONE',  ( 52.40697558676631473, 63.50000000000001421, 7.500000000000000000 ) ) ;
#2476 = DIRECTION ( 'NONE',  ( 0.000000000000000000, 0.000000000000000000, 1.000000000000000000 ) ) ;
#2477 = ORIENTED_EDGE ( 'NONE', *, *, #1584, .T. ) ;
#2478 = ORIENTED_EDGE ( 'NONE', *, *, #2783, .F. ) ;
#2479 = EDGE_CURVE ( 'NONE', #455, #321, #578, .T. ) ;
#2480 = CARTESIAN_POINT ( 'NONE',  ( 0.000000000000000000, 3.000000000000002665, 0.000000000000000000 ) ) ;
#2481 = FACE_OUTER_BOUND ( 'NONE', #1663, .T. ) ;
#2482 = EDGE_CURVE ( 'NONE', #557, #2234, #1725, .T. ) ;
#2483 = VERTEX_POINT ( 'NONE', #2153 ) ;
#2484 = STYLED_ITEM ( 'NONE', ( #760 ), #496 ) ;
#2485 = ORIENTED_EDGE ( 'NONE', *, *, #1364, .T. ) ;
#2486 = ORIENTED_EDGE ( 'NONE', *, *, #599, .T. ) ;
#2487 = CARTESIAN_POINT ( 'NONE',  ( 0.000000000000000000, 38.65457492509398207, -27.63440482569416190 ) ) ;
#2488 = CIRCLE ( 'NONE', #1189, 19.11532823379668855 ) ;
#2489 = CARTESIAN_POINT ( 'NONE',  ( 0.000000000000000000, 64.15457492509398207, 0.000000000000000000 ) ) ;
#2490 = CARTESIAN_POINT ( 'NONE',  ( 0.000000000000000000, 0.000000000000000000, 0.000000000000000000 ) ) ;
#2491 = VERTEX_POINT ( 'NONE', #2204 ) ;
#2492 = ORIENTED_EDGE ( 'NONE', *, *, #2961, .T. ) ;
#2493 = LINE ( 'NONE', #430, #2024 ) ;
#2494 = CIRCLE ( 'NONE', #518, 36.50000000000000000 ) ;
#2495 = FACE_OUTER_BOUND ( 'NONE', #990, .T. ) ;
#2496 = CARTESIAN_POINT ( 'NONE',  ( 35.31739233885721063, 68.39445116238665889, 4.007033642160432230 ) ) ;
#2497 = CONICAL_SURFACE ( 'NONE', #1200, 18.92814800674211284, 0.9599310885968801443 ) ;
#2498 = EDGE_CURVE ( 'NONE', #1512, #2057, #2189, .T. ) ;
#2499 = AXIS2_PLACEMENT_3D ( 'NONE', #2576, #2843, #514 ) ;
#2500 = AXIS2_PLACEMENT_3D ( 'NONE', #447, #152, #516 ) ;
#2501 = FILL_AREA_STYLE_COLOUR ( '', #361 ) ;
#2502 = ORIENTED_EDGE ( 'NONE', *, *, #2773, .T. ) ;
#2503 = CIRCLE ( 'NONE', #2888, 31.94999999999999929 ) ;
#2504 = ORIENTED_EDGE ( 'NONE', *, *, #1658, .F. ) ;
#2505 = AXIS2_PLACEMENT_3D ( 'NONE', #812, #370, #1291 ) ;
#2506 = EDGE_CURVE ( 'NONE', #1660, #756, #1239, .T. ) ;
#2507 = CARTESIAN_POINT ( 'NONE',  ( -2.500000000000007994, 0.5000000000000004441, 7.071067811865485275 ) ) ;
#2508 = CARTESIAN_POINT ( 'NONE',  ( 0.000000000000000000, 0.000000000000000000, 0.000000000000000000 ) ) ;
#2509 = DIRECTION ( 'NONE',  ( -0.000000000000000000, -1.000000000000000000, -0.000000000000000000 ) ) ;
#2510 = ORIENTED_EDGE ( 'NONE', *, *, #1275, .F. ) ;
#2511 = CARTESIAN_POINT ( 'NONE',  ( 0.000000000000000000, 85.00000000000000000, 3.009265538105056020E-33 ) ) ;
#2512 = ORIENTED_EDGE ( 'NONE', *, *, #2464, .T. ) ;
#2513 = FACE_BOUND ( 'NONE', #1721, .T. ) ;
#2514 = CARTESIAN_POINT ( 'NONE',  ( 35.22971848715981480, 68.38862637055134996, -4.711909165767018237 ) ) ;
#2515 = EDGE_CURVE ( 'NONE', #2136, #2491, #783, .T. ) ;
#2516 = EDGE_LOOP ( 'NONE', ( #598, #2667, #2014, #2597, #2096, #1348 ) ) ;
#2517 = DIRECTION ( 'NONE',  ( 0.000000000000000000, -1.000000000000000000, 0.000000000000000000 ) ) ;
#2518 = EDGE_CURVE ( 'NONE', #1664, #2406, #2734, .T. ) ;
#2519 = FACE_OUTER_BOUND ( 'NONE', #2141, .T. ) ;
#2520 = CARTESIAN_POINT ( 'NONE',  ( 36.11239212324418446, 71.10658487926052373, -7.500000000000000888 ) ) ;
#2521 = ORIENTED_EDGE ( 'NONE', *, *, #876, .F. ) ;
#2522 = DIRECTION ( 'NONE',  ( 0.000000000000000000, 0.000000000000000000, 1.000000000000000000 ) ) ;
#2523 = CARTESIAN_POINT ( 'NONE',  ( 4.350557753970971029E-15, 67.99999999999998579, 35.19999999999999574 ) ) ;
#2524 = LINE ( 'NONE', #460, #478 ) ;
#2525 = CARTESIAN_POINT ( 'NONE',  ( 3.061616997868389797E-17, 0.000000000000000000, 9.568656960443621616E-38 ) ) ;
#2526 = VERTEX_POINT ( 'NONE', #1749 ) ;
#2527 = CARTESIAN_POINT ( 'NONE',  ( 46.61923208243442929, 16.69698191078396832, 7.500000000000000000 ) ) ;
#2528 = CIRCLE ( 'NONE', #1385, 11.50000000000000355 ) ;
#2529 = DIRECTION ( 'NONE',  ( -1.000000000000000000, 0.000000000000000000, 0.000000000000000000 ) ) ;
#2530 = ADVANCED_FACE ( 'NONE', ( #532, #100 ), #2779, .T. ) ;
#2531 = ORIENTED_EDGE ( 'NONE', *, *, #1735, .T. ) ;
#2532 = CARTESIAN_POINT ( 'NONE',  ( 0.000000000000000000, 0.000000000000000000, 0.000000000000000000 ) ) ;
#2533 = DIRECTION ( 'NONE',  ( 0.000000000000000000, -1.000000000000000000, 0.000000000000000000 ) ) ;
#2534 = LINE ( 'NONE', #490, #2161 ) ;
#2535 = DIRECTION ( 'NONE',  ( 0.000000000000000000, -1.000000000000000000, 0.000000000000000000 ) ) ;
#2536 = SHAPE_REPRESENTATION ( 'Part_2--Cover', ( #2097 ), #2571 ) ;
#2537 = CIRCLE ( 'NONE', #2260, 8.000000000000000000 ) ;
#2538 = ORIENTED_EDGE ( 'NONE', *, *, #652, .T. ) ;
#2539 = VECTOR ( 'NONE', #1465, 1000.000000000000114 ) ;
#2540 = ADVANCED_FACE ( 'NONE', ( #2137 ), #2657, .F. ) ;
#2541 = AXIS2_PLACEMENT_3D ( 'NONE', #468, #697, #2084 ) ;
#2542 = AXIS2_PLACEMENT_3D ( 'NONE', #1736, #583, #2876 ) ;
#2543 = DIRECTION ( 'NONE',  ( -0.000000000000000000, -1.000000000000000000, -0.000000000000000000 ) ) ;
#2544 = VECTOR ( 'NONE', #921, 1000.000000000000000 ) ;
#2545 = CIRCLE ( 'NONE', #818, 35.40455414586600114 ) ;
#2546 = CARTESIAN_POINT ( 'NONE',  ( 36.20254798532594265, 73.72314078950839189, -7.500000000000000000 ) ) ;
#2547 = EDGE_LOOP ( 'NONE', ( #289, #1816, #2390, #2385, #1808, #1188 ) ) ;
#2548 = EDGE_CURVE ( 'NONE', #171, #2806, #1504, .T. ) ;
#2549 = LINE ( 'NONE', #1850, #2448 ) ;
#2550 = FACE_BOUND ( 'NONE', #1381, .T. ) ;
#2551 = ADVANCED_FACE ( 'NONE', ( #1280 ), #331, .F. ) ;
#2552 = CARTESIAN_POINT ( 'NONE',  ( 35.22294117647059153, 68.30000000000001137, 7.500000000000000000 ) ) ;
#2553 = CARTESIAN_POINT ( 'NONE',  ( 4.430159795915549033E-15, 76.50000000000002842, 35.85000000000000142 ) ) ;
#2554 = ORIENTED_EDGE ( 'NONE', *, *, #1547, .T. ) ;
#2555 = ORIENTED_EDGE ( 'NONE', *, *, #2445, .T. ) ;
#2556 = SHAPE_REPRESENTATION ( 'Part_3--Cork', ( #2097 ), #1042 ) ;
#2557 = LINE ( 'NONE', #1868, #1048 ) ;
#2558 = CARTESIAN_POINT ( 'NONE',  ( -2.949595446082918255E-19, 4.000000000000003553, 0.000000000000000000 ) ) ;
#2559 = ORIENTED_EDGE ( 'NONE', *, *, #2828, .T. ) ;
#2560 = CARTESIAN_POINT ( 'NONE',  ( 35.22294117647059153, 68.30000000000001137, -7.500000000000000000 ) ) ;
#2561 = CARTESIAN_POINT ( 'NONE',  ( 35.23816895397501270, 68.49913247505794800, -5.281045325420154590 ) ) ;
#2562 = ADVANCED_FACE ( 'NONE', ( #767 ), #413, .T. ) ;
#2563 = DIRECTION ( 'NONE',  ( 0.000000000000000000, 0.000000000000000000, 1.000000000000000000 ) ) ;
#2564 = MANIFOLD_SOLID_BREP ( 'Revolve2', #1393 ) ;
#2565 = ADVANCED_FACE ( 'NONE', ( #2282 ), #799, .F. ) ;
#2566 = ORIENTED_EDGE ( 'NONE', *, *, #55, .F. ) ;
#2567 = ORIENTED_EDGE ( 'NONE', *, *, #187, .F. ) ;
#2568 = ORIENTED_EDGE ( 'NONE', *, *, #1634, .F. ) ;
#2569 = CARTESIAN_POINT ( 'NONE',  ( 0.000000000000000000, 2.520677711606689186, 0.000000000000000000 ) ) ;
#2570 = ORIENTED_EDGE ( 'NONE', *, *, #2622, .F. ) ;
#2571 =( GEOMETRIC_REPRESENTATION_CONTEXT ( 3 ) GLOBAL_UNCERTAINTY_ASSIGNED_CONTEXT ( ( #2093 ) ) GLOBAL_UNIT_ASSIGNED_CONTEXT ( ( #2731, #600, #2231 ) ) REPRESENTATION_CONTEXT ( 'NONE', 'WORKASPACE' ) );
#2572 = DIRECTION ( 'NONE',  ( 0.000000000000000000, 1.000000000000000000, 0.000000000000000000 ) ) ;
#2573 = ORIENTED_EDGE ( 'NONE', *, *, #2182, .T. ) ;
#2574 = AXIS2_PLACEMENT_3D ( 'NONE', #1911, #556, #2604 ) ;
#2575 = DIRECTION ( 'NONE',  ( -1.000000000000000000, 0.000000000000000000, 0.000000000000000000 ) ) ;
#2576 = CARTESIAN_POINT ( 'NONE',  ( 0.000000000000000000, 2.000000000000001776, 0.000000000000000000 ) ) ;
#2577 = AXIS2_PLACEMENT_3D ( 'NONE', #1804, #1357, #147 ) ;
#2578 = ORIENTED_EDGE ( 'NONE', *, *, #95, .F. ) ;
#2579 = EDGE_LOOP ( 'NONE', ( #2188, #449 ) ) ;
#2580 = ORIENTED_EDGE ( 'NONE', *, *, #2506, .F. ) ;
#2581 = CIRCLE ( 'NONE', #2146, 34.54999999999999716 ) ;
#2582 = CARTESIAN_POINT ( 'NONE',  ( 2.500000000000006661, 0.5000000000000004441, 7.599342076785342570 ) ) ;
#2583 = CARTESIAN_POINT ( 'NONE',  ( 44.56507680020157380, 73.50000000000001421, -7.500000000000000000 ) ) ;
#2584 = EDGE_LOOP ( 'NONE', ( #1369, #776, #2605, #1803, #2631, #2555, #58, #2324, #1047, #2712, #2037, #1176, #2465, #970, #826, #2554, #890, #1404 ) ) ;
#2585 = EDGE_CURVE ( 'NONE', #1016, #2681, #897, .T. ) ;
#2586 = CARTESIAN_POINT ( 'NONE',  ( -29.10237881690745709, 4.000000000000003553, 0.000000000000000000 ) ) ;
#2587 = AXIS2_PLACEMENT_3D ( 'NONE', #2475, #2028, #2463 ) ;
#2588 = EDGE_CURVE ( 'NONE', #2681, #562, #2628, .T. ) ;
#2589 = CIRCLE ( 'NONE', #2348, 7.500000000000000000 ) ;
#2590 = CARTESIAN_POINT ( 'NONE',  ( 55.10545109075813741, 76.00000000000001421, 7.500000000000000000 ) ) ;
#2591 = CIRCLE ( 'NONE', #946, 6.806041666666675205 ) ;
#2592 = EDGE_LOOP ( 'NONE', ( #888, #1765, #1167, #303, #2173, #73, #1529, #2045, #2716, #492 ) ) ;
#2593 = AXIS2_PLACEMENT_3D ( 'NONE', #1645, #1618, #1904 ) ;
#2594 = AXIS2_PLACEMENT_3D ( 'NONE', #1862, #1198, #28 ) ;
#2595 = CARTESIAN_POINT ( 'NONE',  ( 37.49400898833601303, 70.57106781186544708, 7.500000000000000000 ) ) ;
#2596 = DIRECTION ( 'NONE',  ( 0.000000000000000000, 0.000000000000000000, -1.000000000000000000 ) ) ;
#2597 = ORIENTED_EDGE ( 'NONE', *, *, #1879, .F. ) ;
#2598 = CARTESIAN_POINT ( 'NONE',  ( 0.000000000000000000, 47.15457492509396786, 0.000000000000000000 ) ) ;
#2599 = DIRECTION ( 'NONE',  ( 0.000000000000000000, -1.000000000000000000, 0.000000000000000000 ) ) ;
#2600 = DIRECTION ( 'NONE',  ( 0.000000000000000000, 0.000000000000000000, 1.000000000000000000 ) ) ;
#2601 = ORIENTED_EDGE ( 'NONE', *, *, #2445, .F. ) ;
#2602 = ORIENTED_EDGE ( 'NONE', *, *, #2682, .F. ) ;
#2603 = ADVANCED_FACE ( 'NONE', ( #439 ), #1788, .F. ) ;
#2604 = DIRECTION ( 'NONE',  ( 0.000000000000000000, 0.000000000000000000, 1.000000000000000000 ) ) ;
#2605 = ORIENTED_EDGE ( 'NONE', *, *, #2479, .T. ) ;
#2606 = EDGE_CURVE ( 'NONE', #2951, #125, #2581, .T. ) ;
#2607 = CARTESIAN_POINT ( 'NONE',  ( 0.000000000000000000, 1.500000000000001332, 17.65764939443949189 ) ) ;
#2608 = DIRECTION ( 'NONE',  ( 7.373988615207289619E-20, -1.000000000000000000, -0.000000000000000000 ) ) ;
#2609 = ORIENTED_EDGE ( 'NONE', *, *, #489, .F. ) ;
#2610 = CARTESIAN_POINT ( 'NONE',  ( 35.22294117647059153, 68.30000000000001137, 7.500000000000000000 ) ) ;
#2611 = FACE_OUTER_BOUND ( 'NONE', #501, .T. ) ;
#2612 = CARTESIAN_POINT ( 'NONE',  ( 7.771561172376092825E-17, 0.7999999999999951594, -0.7000000000000018430 ) ) ;
#2613 = VERTEX_POINT ( 'NONE', #2507 ) ;
#2614 = ORIENTED_EDGE ( 'NONE', *, *, #2945, .F. ) ;
#2615 = DIRECTION ( 'NONE',  ( 0.000000000000000000, 0.000000000000000000, 1.000000000000000000 ) ) ;
#2616 = DIRECTION ( 'NONE',  ( 0.000000000000000000, 0.000000000000000000, 1.000000000000000000 ) ) ;
#2617 = PRODUCT_RELATED_PRODUCT_CATEGORY ( 'part', '', ( #1272 ) ) ;
#2618 = DIRECTION ( 'NONE',  ( -0.000000000000000000, -0.000000000000000000, -1.000000000000000000 ) ) ;
#2619 = ORIENTED_EDGE ( 'NONE', *, *, #1961, .T. ) ;
#2620 = CARTESIAN_POINT ( 'NONE',  ( 0.000000000000000000, 0.000000000000000000, 0.000000000000000000 ) ) ;
#2621 = CARTESIAN_POINT ( 'NONE',  ( 0.000000000000000000, -29.69715421864641769, -23.38865313531815104 ) ) ;
#2622 = EDGE_CURVE ( 'NONE', #2724, #2908, #2825, .T. ) ;
#2623 = CARTESIAN_POINT ( 'NONE',  ( 0.000000000000000000, 0.5000000000000004441, 0.000000000000000000 ) ) ;
#2624 = ORIENTED_EDGE ( 'NONE', *, *, #876, .T. ) ;
#2625 = AXIS2_PLACEMENT_3D ( 'NONE', #730, #2070, #1661 ) ;
#2626 = LINE ( 'NONE', #1508, #1353 ) ;
#2627 = CARTESIAN_POINT ( 'NONE',  ( 0.000000000000000000, 0.5000000000000004441, 0.000000000000000000 ) ) ;
#2628 = CIRCLE ( 'NONE', #307, 6.806041666666682310 ) ;
#2629 = FACE_OUTER_BOUND ( 'NONE', #743, .T. ) ;
#2630 = AXIS2_PLACEMENT_3D ( 'NONE', #1178, #484, #2792 ) ;
#2631 = ORIENTED_EDGE ( 'NONE', *, *, #1177, .T. ) ;
#2632 = VERTEX_POINT ( 'NONE', #2054 ) ;
#2633 = DIRECTION ( 'NONE',  ( 1.110223024625153336E-16, 0.000000000000000000, -1.000000000000000000 ) ) ;
#2634 = DIRECTION ( 'NONE',  ( 0.000000000000000000, 1.000000000000000000, 0.000000000000000000 ) ) ;
#2635 = DIRECTION ( 'NONE',  ( 1.110223024625153336E-16, 0.000000000000000000, -1.000000000000000000 ) ) ;
#2636 = ORIENTED_EDGE ( 'NONE', *, *, #2515, .T. ) ;
#2637 = CARTESIAN_POINT ( 'NONE',  ( 0.000000000000000000, 0.7999999999999951594, 0.000000000000000000 ) ) ;
#2638 = AXIS2_PLACEMENT_3D ( 'NONE', #2894, #773, #1248 ) ;
#2639 = CARTESIAN_POINT ( 'NONE',  ( 35.81176470588235361, 76.00000000000001421, 7.500000000000000000 ) ) ;
#2640 = CIRCLE ( 'NONE', #1828, 0.7000000000000020650 ) ;
#2641 = AXIS2_PLACEMENT_3D ( 'NONE', #2962, #2056, #1815 ) ;
#2642 = DIRECTION ( 'NONE',  ( 0.000000000000000000, 0.000000000000000000, -1.000000000000000000 ) ) ;
#2643 = ORIENTED_EDGE ( 'NONE', *, *, #1513, .F. ) ;
#2644 = AXIS2_PLACEMENT_3D ( 'NONE', #2144, #789, #751 ) ;
#2645 = AXIS2_PLACEMENT_3D ( 'NONE', #2019, #1070, #141 ) ;
#2646 = EDGE_CURVE ( 'NONE', #122, #646, #986, .T. ) ;
#2647 = CARTESIAN_POINT ( 'NONE',  ( 0.000000000000000000, 0.5000000000000004441, 0.000000000000000000 ) ) ;
#2648 = PRESENTATION_STYLE_ASSIGNMENT (( #1267 ) ) ;
#2649 = AXIS2_PLACEMENT_3D ( 'NONE', #2393, #2860, #2893 ) ;
#2650 = AXIS2_PLACEMENT_3D ( 'NONE', #1739, #2861, #585 ) ;
#2651 = SURFACE_STYLE_USAGE ( .BOTH. , #1033 ) ;
#2652 = ADVANCED_FACE ( 'NONE', ( #203 ), #2820, .T. ) ;
#2653 = ORIENTED_EDGE ( 'NONE', *, *, #2763, .T. ) ;
#2654 = CARTESIAN_POINT ( 'NONE',  ( 35.22294117647059153, 68.30000000000001137, 7.500000000000000000 ) ) ;
#2655 = CARTESIAN_POINT ( 'NONE',  ( 35.28901382089411953, 69.16402688861536774, 7.500000000000000000 ) ) ;
#2656 = VERTEX_POINT ( 'NONE', #1799 ) ;
#2657 = CYLINDRICAL_SURFACE ( 'NONE', #366, 7.500000000000000000 ) ;
#2658 = CARTESIAN_POINT ( 'NONE',  ( 44.56507680020152407, 63.50000000000001421, 7.500000000000000000 ) ) ;
#2659 = LINE ( 'NONE', #1519, #1973 ) ;
#2660 = CARTESIAN_POINT ( 'NONE',  ( 0.000000000000000000, 1.500000000000001332, 0.000000000000000000 ) ) ;
#2661 = CARTESIAN_POINT ( 'NONE',  ( -29.10237881690745709, 4.000000000000003553, 0.000000000000000000 ) ) ;
#2662 = VERTEX_POINT ( 'NONE', #900 ) ;
#2663 = EDGE_CURVE ( 'NONE', #582, #2703, #704, .T. ) ;
#2664 =( LENGTH_UNIT ( ) NAMED_UNIT ( * ) SI_UNIT ( .MILLI., .METRE. ) );
#2665 = ADVANCED_FACE ( 'NONE', ( #2039 ), #2347, .F. ) ;
#2666 = DIRECTION ( 'NONE',  ( 0.000000000000000000, -1.000000000000000000, 0.000000000000000000 ) ) ;
#2667 = ORIENTED_EDGE ( 'NONE', *, *, #456, .F. ) ;
#2668 = DIRECTION ( 'NONE',  ( 1.000000000000000000, 0.000000000000000000, 0.000000000000000000 ) ) ;
#2669 = DIRECTION ( 'NONE',  ( -0.000000000000000000, -1.000000000000000000, -0.000000000000000000 ) ) ;
#2670 = CYLINDRICAL_SURFACE ( 'NONE', #2791, 6.000000000000020428 ) ;
#2671 = EDGE_CURVE ( 'NONE', #1748, #650, #2914, .T. ) ;
#2672 = DIRECTION ( 'NONE',  ( 1.000000000000000000, 0.000000000000000000, -1.224646799147353207E-16 ) ) ;
#2673 = CARTESIAN_POINT ( 'NONE',  ( 38.56752492468113047, 39.90379990021911993, -7.500000000000000000 ) ) ;
#2674 = CARTESIAN_POINT ( 'NONE',  ( 36.11239212324418446, 71.10658487926052373, 7.500000000000000888 ) ) ;
#2675 = VECTOR ( 'NONE', #1958, 1000.000000000000000 ) ;
#2676 = ORIENTED_EDGE ( 'NONE', *, *, #679, .T. ) ;
#2677 = CARTESIAN_POINT ( 'NONE',  ( 0.000000000000000000, 0.000000000000000000, -36.50000000000000000 ) ) ;
#2678 = AXIS2_PLACEMENT_3D ( 'NONE', #1134, #2977, #1994 ) ;
#2679 = APPLICATION_CONTEXT ( 'automotive_design' ) ;
#2680 =( NAMED_UNIT ( * ) PLANE_ANGLE_UNIT ( ) SI_UNIT ( $, .RADIAN. ) );
#2681 = VERTEX_POINT ( 'NONE', #1091 ) ;
#2682 = EDGE_CURVE ( 'NONE', #848, #1365, #1335, .T. ) ;
#2683 = DIRECTION ( 'NONE',  ( 1.000000000000000000, 0.000000000000000000, 0.000000000000000000 ) ) ;
#2684 = VERTEX_POINT ( 'NONE', #2462 ) ;
#2685 = CARTESIAN_POINT ( 'NONE',  ( 0.000000000000000000, 25.50000000000000355, 0.000000000000000000 ) ) ;
#2686 = ADVANCED_FACE ( 'NONE', ( #647, #392 ), #2235, .T. ) ;
#2687 = DIRECTION ( 'NONE',  ( 0.000000000000000000, 0.000000000000000000, -1.000000000000000000 ) ) ;
#2688 = DIRECTION ( 'NONE',  ( -0.000000000000000000, -0.000000000000000000, -1.000000000000000000 ) ) ;
#2689 = SHAPE_DEFINITION_REPRESENTATION ( #2205, #1724 ) ;
#2690 = CIRCLE ( 'NONE', #2154, 27.00000000000000000 ) ;
#2691 = TOROIDAL_SURFACE ( 'NONE', #754, 29.58440482569417540, 6.806041666666667211 ) ;
#2692 = CARTESIAN_POINT ( 'NONE',  ( 0.000000000000000000, 1.000000000000014655, 0.000000000000000000 ) ) ;
#2693 = VECTOR ( 'NONE', #781, 1000.000000000000000 ) ;
#2694 = CARTESIAN_POINT ( 'NONE',  ( 9.797174393178825657E-16, 0.000000000000000000, 8.000000000000000000 ) ) ;
#2695 = CIRCLE ( 'NONE', #2408, 32.50000000000000000 ) ;
#2696 = EDGE_LOOP ( 'NONE', ( #1928, #1265 ) ) ;
#2697 = DIRECTION ( 'NONE',  ( 1.000000000000000000, 7.373988615207289619E-20, 0.000000000000000000 ) ) ;
#2698 = AXIS2_PLACEMENT_3D ( 'NONE', #287, #1940, #121 ) ;
#2699 = CIRCLE ( 'NONE', #1303, 9.999999999999987566 ) ;
#2700 = SURFACE_SIDE_STYLE ('',( #1782 ) ) ;
#2701 = ORIENTED_EDGE ( 'NONE', *, *, #2518, .F. ) ;
#2702 = ADVANCED_FACE ( 'NONE', ( #1351 ), #1866, .T. ) ;
#2703 = VERTEX_POINT ( 'NONE', #2251 ) ;
#2704 = DIRECTION ( 'NONE',  ( 0.000000000000000000, 1.000000000000000000, 0.000000000000000000 ) ) ;
#2705 = DIRECTION ( 'NONE',  ( -0.000000000000000000, -1.000000000000000000, -0.000000000000000000 ) ) ;
#2706 = FACE_OUTER_BOUND ( 'NONE', #2018, .T. ) ;
#2707 = EDGE_CURVE ( 'NONE', #2368, #122, #21, .T. ) ;
#2708 = ORIENTED_EDGE ( 'NONE', *, *, #1215, .F. ) ;
#2709 = SHAPE_DEFINITION_REPRESENTATION ( #2376, #2875 ) ;
#2710 = DIRECTION ( 'NONE',  ( -0.000000000000000000, -1.000000000000000000, -0.000000000000000000 ) ) ;
#2711 = CARTESIAN_POINT ( 'NONE',  ( 55.10545109075813741, 66.00000000000001421, -7.500000000000000000 ) ) ;
#2712 = ORIENTED_EDGE ( 'NONE', *, *, #2725, .T. ) ;
#2713 = CARTESIAN_POINT ( 'NONE',  ( 2.500000000000004885, 1.500000000000001332, -7.599342076785342570 ) ) ;
#2714 = SURFACE_STYLE_FILL_AREA ( #867 ) ;
#2715 = ORIENTED_EDGE ( 'NONE', *, *, #1783, .F. ) ;
#2716 = ORIENTED_EDGE ( 'NONE', *, *, #2416, .T. ) ;
#2717 = ORIENTED_EDGE ( 'NONE', *, *, #2811, .F. ) ;
#2718 =( NAMED_UNIT ( * ) SI_UNIT ( $, .STERADIAN. ) SOLID_ANGLE_UNIT ( ) );
#2719 = DIRECTION ( 'NONE',  ( -1.000000000000000000, 0.000000000000000000, 0.000000000000000000 ) ) ;
#2720 = DIRECTION ( 'NONE',  ( 0.000000000000000000, 0.000000000000000000, 1.000000000000000000 ) ) ;
#2721 = ORIENTED_EDGE ( 'NONE', *, *, #1547, .F. ) ;
#2722 = DIRECTION ( 'NONE',  ( 0.9999682026832152903, 0.000000000000000000, 0.007974560959713078434 ) ) ;
#2723 = ORIENTED_EDGE ( 'NONE', *, *, #1942, .T. ) ;
#2724 = VERTEX_POINT ( 'NONE', #1192 ) ;
#2725 = EDGE_CURVE ( 'NONE', #2136, #549, #2557, .T. ) ;
#2726 = DIRECTION ( 'NONE',  ( 1.110223024625153212E-16, 0.000000000000000000, -1.000000000000000000 ) ) ;
#2727 = DIRECTION ( 'NONE',  ( 1.000000000000000000, 0.000000000000000000, -0.000000000000000000 ) ) ;
#2728 = EDGE_CURVE ( 'NONE', #1712, #1208, #256, .T. ) ;
#2729 = ORIENTED_EDGE ( 'NONE', *, *, #784, .T. ) ;
#2730 = LINE ( 'NONE', #433, #329 ) ;
#2731 =( LENGTH_UNIT ( ) NAMED_UNIT ( * ) SI_UNIT ( .MILLI., .METRE. ) );
#2732 = AXIS2_PLACEMENT_3D ( 'NONE', #279, #972, #2399 ) ;
#2733 = ORIENTED_EDGE ( 'NONE', *, *, #1163, .T. ) ;
#2734 = CIRCLE ( 'NONE', #559, 0.7000000000000018430 ) ;
#2735 = CARTESIAN_POINT ( 'NONE',  ( 0.000000000000000000, 42.50000000000000711, 0.000000000000000000 ) ) ;
#2736 = CARTESIAN_POINT ( 'NONE',  ( 35.94980701422143454, 69.02686583775087570, 1.809436389170334669 ) ) ;
#2737 = LINE ( 'NONE', #1650, #1056 ) ;
#2738 = ORIENTED_EDGE ( 'NONE', *, *, #2763, .F. ) ;
#2739 = CARTESIAN_POINT ( 'NONE',  ( 0.000000000000000000, 0.000000000000000000, 0.000000000000000000 ) ) ;
#2740 = VERTEX_POINT ( 'NONE', #22 ) ;
#2741 = CARTESIAN_POINT ( 'NONE',  ( 55.10545109075813741, 66.00000000000001421, -7.500000000000000000 ) ) ;
#2742 = CARTESIAN_POINT ( 'NONE',  ( 0.000000000000000000, 38.65457492509398207, 0.000000000000000000 ) ) ;
#2743 = ADVANCED_FACE ( 'NONE', ( #1428 ), #2776, .F. ) ;
#2744 = AXIS2_PLACEMENT_3D ( 'NONE', #800, #513, #2124 ) ;
#2745 = DIRECTION ( 'NONE',  ( 0.000000000000000000, -1.000000000000000000, 0.000000000000000000 ) ) ;
#2746 = CARTESIAN_POINT ( 'NONE',  ( 35.53199977103493268, 68.60905859456434541, 3.547598636762602009 ) ) ;
#2747 = AXIS2_PLACEMENT_3D ( 'NONE', #2673, #1535, #1097 ) ;
#2748 = TOROIDAL_SURFACE ( 'NONE', #2645, 23.38865313531815104, 33.00000000000000711 ) ;
#2749 = VECTOR ( 'NONE', #421, 1000.000000000000000 ) ;
#2750 = ADVANCED_FACE ( 'NONE', ( #2325 ), #35, .T. ) ;
#2751 = CIRCLE ( 'NONE', #327, 37.00000000000000000 ) ;
#2752 = VERTEX_POINT ( 'NONE', #720 ) ;
#2753 = AXIS2_PLACEMENT_3D ( 'NONE', #1992, #827, #2429 ) ;
#2754 = FACE_OUTER_BOUND ( 'NONE', #2990, .T. ) ;
#2755 = CARTESIAN_POINT ( 'NONE',  ( 36.04879538794612870, 69.12585421147556985, 0.7275364019197695375 ) ) ;
#2756 = DIRECTION ( 'NONE',  ( -0.7071067811865496822, 0.7071067811865454633, 0.000000000000000000 ) ) ;
#2757 = ORIENTED_EDGE ( 'NONE', *, *, #1175, .F. ) ;
#2758 = DIRECTION ( 'NONE',  ( 0.000000000000000000, -1.000000000000000000, 0.000000000000000000 ) ) ;
#2759 = FACE_OUTER_BOUND ( 'NONE', #1140, .T. ) ;
#2760 = CARTESIAN_POINT ( 'NONE',  ( 31.42507166732805857, 14.77704527309971105, 7.500000000000000888 ) ) ;
#2761 = DIRECTION ( 'NONE',  ( 0.000000000000000000, 0.000000000000000000, -1.000000000000000000 ) ) ;
#2762 = EDGE_LOOP ( 'NONE', ( #2757, #124 ) ) ;
#2763 = EDGE_CURVE ( 'NONE', #646, #1855, #804, .T. ) ;
#2764 = DIRECTION ( 'NONE',  ( 0.000000000000000000, -1.000000000000000000, 0.000000000000000000 ) ) ;
#2765 = DIRECTION ( 'NONE',  ( 0.000000000000000000, 0.000000000000000000, -1.000000000000000000 ) ) ;
#2766 = B_SPLINE_CURVE_WITH_KNOTS ( 'NONE', 3,
 ( #2101, #2323, #2306, #1646 ),
 .UNSPECIFIED., .F., .F.,
 ( 4, 4 ),
 ( 9.410702356086507718E-07, 0.002599189892709278474 ),
 .UNSPECIFIED. ) ;
#2767 = DIRECTION ( 'NONE',  ( -0.7071067811865454633, -0.7071067811865496822, 0.000000000000000000 ) ) ;
#2768 = ORIENTED_EDGE ( 'NONE', *, *, #1228, .T. ) ;
#2769 = CARTESIAN_POINT ( 'NONE',  ( 0.000000000000000000, 1.500000000000001332, 0.000000000000000000 ) ) ;
#2770 = CYLINDRICAL_SURFACE ( 'NONE', #1310, 0.7000000000000019540 ) ;
#2771 = CARTESIAN_POINT ( 'NONE',  ( 31.61606346373412180, 13.09272732130133221, -7.500000000000000888 ) ) ;
#2772 = FILL_AREA_STYLE_COLOUR ( '', #2314 ) ;
#2773 = EDGE_CURVE ( 'NONE', #1120, #928, #2488, .T. ) ;
#2774 = ORIENTED_EDGE ( 'NONE', *, *, #1967, .T. ) ;
#2775 = AXIS2_PLACEMENT_3D ( 'NONE', #1288, #110, #1462 ) ;
#2776 = CYLINDRICAL_SURFACE ( 'NONE', #941, 7.500000000000000000 ) ;
#2777 = EDGE_CURVE ( 'NONE', #632, #1016, #1473, .T. ) ;
#2778 = STYLED_ITEM ( 'NONE', ( #2972 ), #785 ) ;
#2779 = TOROIDAL_SURFACE ( 'NONE', #2199, 30.23440482569416687, 6.806041666666680534 ) ;
#2780 = PLANE ( 'NONE',  #1253 ) ;
#2781 = ORIENTED_EDGE ( 'NONE', *, *, #1401, .F. ) ;
#2782 = ITEM_DEFINED_TRANSFORMATION ( 'NONE', 'NONE', #2342,  #2097 ) ;
#2783 = EDGE_CURVE ( 'NONE', #344, #2368, #51, .T. ) ;
#2784 = LINE ( 'NONE', #6, #853 ) ;
#2785 = PRODUCT_DEFINITION_FORMATION_WITH_SPECIFIED_SOURCE ( 'ANY', '', #564, .NOT_KNOWN. ) ;
#2786 = CARTESIAN_POINT ( 'NONE',  ( 31.29615550032746540, 15.17936636607335110, -7.500000000000000000 ) ) ;
#2787 = DIRECTION ( 'NONE',  ( 0.000000000000000000, -1.000000000000000000, 0.000000000000000000 ) ) ;
#2788 = CIRCLE ( 'NONE', #1249, 35.50000000000000000 ) ;
#2789 = ORIENTED_EDGE ( 'NONE', *, *, #2646, .T. ) ;
#2790 = AXIS2_PLACEMENT_3D ( 'NONE', #2252, #1326, #1044 ) ;
#2791 = AXIS2_PLACEMENT_3D ( 'NONE', #1340, #1064, #2720 ) ;
#2792 = DIRECTION ( 'NONE',  ( -1.110223024625153336E-16, 0.000000000000000000, 1.000000000000000000 ) ) ;
#2793 = AXIS2_PLACEMENT_3D ( 'NONE', #1204, #2535, #47 ) ;
#2794 = CIRCLE ( 'NONE', #2698, 6.806041666666685863 ) ;
#2795 = CARTESIAN_POINT ( 'NONE',  ( 36.25592348039634061, 73.20165802092758156, -7.500000000000000888 ) ) ;
#2796 = ORIENTED_EDGE ( 'NONE', *, *, #1380, .F. ) ;
#2797 = DIRECTION ( 'NONE',  ( -0.000000000000000000, -1.000000000000000000, -0.000000000000000000 ) ) ;
#2798 = EDGE_CURVE ( 'NONE', #1528, #26, #607, .T. ) ;
#2799 = CARTESIAN_POINT ( 'NONE',  ( 35.25959977510917298, 68.77938167450447793, -6.404010711460986549 ) ) ;
#2800 = EDGE_CURVE ( 'NONE', #1400, #426, #2340, .T. ) ;
#2801 = CARTESIAN_POINT ( 'NONE',  ( 0.000000000000000000, -3.673940397442055431E-16, 0.000000000000000000 ) ) ;
#2802 = DIRECTION ( 'NONE',  ( 0.000000000000000000, -1.000000000000000000, 0.000000000000000000 ) ) ;
#2803 = VERTEX_POINT ( 'NONE', #1415 ) ;
#2804 = DIRECTION ( 'NONE',  ( 0.000000000000000000, -1.000000000000000000, 0.000000000000000000 ) ) ;
#2805 = CARTESIAN_POINT ( 'NONE',  ( 0.000000000000000000, 47.15457492509396786, 0.000000000000000000 ) ) ;
#2806 = VERTEX_POINT ( 'NONE', #2094 ) ;
#2807 = DIRECTION ( 'NONE',  ( 0.000000000000000000, 0.000000000000000000, 1.000000000000000000 ) ) ;
#2808 = DIRECTION ( 'NONE',  ( 0.000000000000000000, -1.000000000000000000, 0.000000000000000000 ) ) ;
#2809 = ORIENTED_EDGE ( 'NONE', *, *, #621, .F. ) ;
#2810 = ORIENTED_EDGE ( 'NONE', *, *, #1104, .F. ) ;
#2811 = EDGE_CURVE ( 'NONE', #2613, #1974, #1860, .T. ) ;
#2812 = CARTESIAN_POINT ( 'NONE',  ( 31.59127589503408373, 13.73075659161009199, -7.500000000000001776 ) ) ;
#2813 = CARTESIAN_POINT ( 'NONE',  ( 0.000000000000000000, -29.69715421864641769, -23.38865313531815104 ) ) ;
#2814 = EDGE_CURVE ( 'NONE', #1016, #1707, #938, .T. ) ;
#2815 = EDGE_LOOP ( 'NONE', ( #1772, #15, #2609, #2007 ) ) ;
#2816 = CARTESIAN_POINT ( 'NONE',  ( 52.40697558676631473, 63.50000000000001421, 7.500000000000000000 ) ) ;
#2817 = PRESENTATION_LAYER_ASSIGNMENT (  '', '', ( #2053 ) ) ;
#2818 = CARTESIAN_POINT ( 'NONE',  ( 0.000000000000000000, 1.500000000000001332, 0.000000000000000000 ) ) ;
#2819 = ORIENTED_EDGE ( 'NONE', *, *, #1452, .T. ) ;
#2820 = TOROIDAL_SURFACE ( 'NONE', #2678, 26.33440482569416474, 6.806041666666682310 ) ;
#2821 = DIRECTION ( 'NONE',  ( 0.000000000000000000, 1.000000000000000000, 0.000000000000000000 ) ) ;
#2822 = DIRECTION ( 'NONE',  ( 0.000000000000000000, -1.000000000000000000, 0.000000000000000000 ) ) ;
#2823 = ORIENTED_EDGE ( 'NONE', *, *, #2479, .F. ) ;
#2824 = EDGE_LOOP ( 'NONE', ( #2868, #212, #1283, #2486, #1589, #1948, #1943, #2708 ) ) ;
#2825 = CIRCLE ( 'NONE', #1146, 29.10237881690745709 ) ;
#2826 = CYLINDRICAL_SURFACE ( 'NONE', #277, 8.000000000000000000 ) ;
#2827 =( NAMED_UNIT ( * ) PLANE_ANGLE_UNIT ( ) SI_UNIT ( $, .RADIAN. ) );
#2828 = EDGE_CURVE ( 'NONE', #2526, #774, #2971, .T. ) ;
#2829 = ORIENTED_EDGE ( 'NONE', *, *, #964, .F. ) ;
#2830 = VECTOR ( 'NONE', #2522, 1000.000000000000000 ) ;
#2831 = ADVANCED_FACE ( 'NONE', ( #2754 ), #451, .F. ) ;
#2832 = VERTEX_POINT ( 'NONE', #1846 ) ;
#2833 = SURFACE_STYLE_USAGE ( .BOTH. , #1910 ) ;
#2834 = AXIS2_PLACEMENT_3D ( 'NONE', #1652, #2112, #1603 ) ;
#2835 = CIRCLE ( 'NONE', #574, 8.000000000000000000 ) ;
#2836 = VECTOR ( 'NONE', #2079, 1000.000000000000000 ) ;
#2837 = DIRECTION ( 'NONE',  ( 0.000000000000000000, -1.000000000000000000, 0.000000000000000000 ) ) ;
#2838 = AXIS2_PLACEMENT_3D ( 'NONE', #1587, #1333, #2242 ) ;
#2839 = ORIENTED_EDGE ( 'NONE', *, *, #894, .F. ) ;
#2840 = DIRECTION ( 'NONE',  ( -1.000000000000000000, 0.000000000000000000, 0.000000000000000000 ) ) ;
#2841 = AXIS2_PLACEMENT_3D ( 'NONE', #2865, #2634, #1307 ) ;
#2842 =( GEOMETRIC_REPRESENTATION_CONTEXT ( 3 ) GLOBAL_UNCERTAINTY_ASSIGNED_CONTEXT ( ( #1648 ) ) GLOBAL_UNIT_ASSIGNED_CONTEXT ( ( #338, #2878, #568 ) ) REPRESENTATION_CONTEXT ( 'NONE', 'WORKASPACE' ) );
#2843 = DIRECTION ( 'NONE',  ( 0.000000000000000000, -1.000000000000000000, 0.000000000000000000 ) ) ;
#2844 = EDGE_LOOP ( 'NONE', ( #2292, #1005, #2948, #1128 ) ) ;
#2845 = AXIS2_PLACEMENT_3D ( 'NONE', #787, #2808, #1715 ) ;
#2846 = PLANE ( 'NONE',  #1205 ) ;
#2847 = CYLINDRICAL_SURFACE ( 'NONE', #2317, 0.6999999999999999556 ) ;
#2848 = CARTESIAN_POINT ( 'NONE',  ( -8.000000000000042633, 0.1000000000000028644, -3.604920367715554414E-15 ) ) ;
#2849 = ORIENTED_EDGE ( 'NONE', *, *, #2202, .T. ) ;
#2850 = EDGE_LOOP ( 'NONE', ( #411, #1414, #775, #1350 ) ) ;
#2851 = ORIENTED_EDGE ( 'NONE', *, *, #77, .T. ) ;
#2852 = EDGE_CURVE ( 'NONE', #482, #2752, #1621, .T. ) ;
#2853 = LINE ( 'NONE', #2398, #1396 ) ;
#2854 = DIRECTION ( 'NONE',  ( 0.000000000000000000, -1.000000000000000000, 0.000000000000000000 ) ) ;
#2855 = VERTEX_POINT ( 'NONE', #1389 ) ;
#2856 = CARTESIAN_POINT ( 'NONE',  ( 44.56507680020157380, 73.50000000000001421, -7.500000000000000000 ) ) ;
#2857 = CYLINDRICAL_SURFACE ( 'NONE', #2885, 8.000000000000000000 ) ;
#2858 = CARTESIAN_POINT ( 'NONE',  ( 2.318029587024407983E-15, 3.000000000000002665, -18.92814800674211284 ) ) ;
#2859 = VERTEX_POINT ( 'NONE', #236 ) ;
#2860 = DIRECTION ( 'NONE',  ( -1.224646799147353207E-16, 0.000000000000000000, -1.000000000000000000 ) ) ;
#2861 = DIRECTION ( 'NONE',  ( 0.000000000000000000, -1.000000000000000000, 0.000000000000000000 ) ) ;
#2862 = ORIENTED_EDGE ( 'NONE', *, *, #1789, .F. ) ;
#2863 = ORIENTED_EDGE ( 'NONE', *, *, #2379, .T. ) ;
#2864 = DIRECTION ( 'NONE',  ( -0.000000000000000000, -0.000000000000000000, -1.000000000000000000 ) ) ;
#2865 = CARTESIAN_POINT ( 'NONE',  ( -8.000000000000042633, 1.500000000000001332, -3.604920367715554414E-15 ) ) ;
#2866 = CARTESIAN_POINT ( 'NONE',  ( 35.22294117647059153, 68.30000000000001137, -7.500000000000000000 ) ) ;
#2867 = ADVANCED_FACE ( 'NONE', ( #1023, #1273 ), #1447, .T. ) ;
#2868 = ORIENTED_EDGE ( 'NONE', *, *, #739, .F. ) ;
#2869 = DIRECTION ( 'NONE',  ( 0.000000000000000000, 0.000000000000000000, 1.000000000000000000 ) ) ;
#2870 = DIRECTION ( 'NONE',  ( 0.000000000000000000, 0.000000000000000000, -1.000000000000000000 ) ) ;
#2871 = DIRECTION ( 'NONE',  ( -0.000000000000000000, 1.000000000000000000, -0.000000000000000000 ) ) ;
#2872 = EDGE_CURVE ( 'NONE', #2363, #1978, #2142, .T. ) ;
#2873 = ORIENTED_EDGE ( 'NONE', *, *, #1927, .F. ) ;
#2874 = CIRCLE ( 'NONE', #2775, 33.89999999999999147 ) ;
#2875 = SHAPE_REPRESENTATION ( 'Cup', ( #1722, #1474, #166, #2342 ), #2248 ) ;
#2876 = DIRECTION ( 'NONE',  ( -1.224646799147353207E-16, 0.000000000000000000, -1.000000000000000000 ) ) ;
#2877 = DIRECTION ( 'NONE',  ( 0.000000000000000000, 0.000000000000000000, -1.000000000000000000 ) ) ;
#2878 =( NAMED_UNIT ( * ) PLANE_ANGLE_UNIT ( ) SI_UNIT ( $, .RADIAN. ) );
#2879 = ORIENTED_EDGE ( 'NONE', *, *, #1903, .T. ) ;
#2880 = PRODUCT_DEFINITION_CONTEXT ( 'detailed design', #2931, 'design' ) ;
#2881 = DIRECTION ( 'NONE',  ( 0.000000000000000000, 0.000000000000000000, 1.000000000000000000 ) ) ;
#2882 = CARTESIAN_POINT ( 'NONE',  ( 65.07633995041808816, 65.23752026367307622, 7.500000000000000000 ) ) ;
#2883 = ORIENTED_EDGE ( 'NONE', *, *, #1364, .F. ) ;
#2884 = DIRECTION ( 'NONE',  ( 1.000000000000000000, 0.000000000000000000, 0.000000000000000000 ) ) ;
#2885 = AXIS2_PLACEMENT_3D ( 'NONE', #560, #786, #1484 ) ;
#2886 = PRODUCT_DEFINITION ( 'UNKNOWN', '', #703, #33 ) ;
#2887 = DIRECTION ( 'NONE',  ( 0.000000000000000000, -1.000000000000000000, 0.000000000000000000 ) ) ;
#2888 = AXIS2_PLACEMENT_3D ( 'NONE', #2472, #1894, #2117 ) ;
#2889 = CIRCLE ( 'NONE', #671, 34.54999999999999716 ) ;
#2890 = CIRCLE ( 'NONE', #2215, 18.92814800674211284 ) ;
#2891 = B_SPLINE_CURVE_WITH_KNOTS ( 'NONE', 3,
 ( #690, #926, #2771, #1852, #2812, #1422, #1864, #2786 ),
 .UNSPECIFIED., .F., .F.,
 ( 4, 2, 2, 4 ),
 ( 0.005788630140338977756, 0.006421201353053394324, 0.007053772565767810893, 0.008318914991196642295 ),
 .UNSPECIFIED. ) ;
#2892 = EDGE_CURVE ( 'NONE', #793, #1797, #2921, .T. ) ;
#2893 = DIRECTION ( 'NONE',  ( -1.000000000000000000, 0.000000000000000000, 1.224646799147353207E-16 ) ) ;
#2894 = CARTESIAN_POINT ( 'NONE',  ( 0.000000000000000000, 0.000000000000000000, 0.000000000000000000 ) ) ;
#2895 = AXIS2_PLACEMENT_3D ( 'NONE', #1686, #135, #2163 ) ;
#2896 = AXIS2_PLACEMENT_3D ( 'NONE', #1268, #1051, #2180 ) ;
#2897 = CARTESIAN_POINT ( 'NONE',  ( 0.000000000000000000, 51.00000000000000711, 0.000000000000000000 ) ) ;
#2898 = ORIENTED_EDGE ( 'NONE', *, *, #1478, .T. ) ;
#2899 = FACE_OUTER_BOUND ( 'NONE', #1693, .T. ) ;
#2900 = ORIENTED_EDGE ( 'NONE', *, *, #1410, .F. ) ;
#2901 = CARTESIAN_POINT ( 'NONE',  ( 35.22294117647059153, 68.30000000000001137, 7.500000000000000000 ) ) ;
#2902 = CARTESIAN_POINT ( 'NONE',  ( 2.500000000000004885, 0.5000000000000004441, -15.00000000000001954 ) ) ;
#2903 = DIRECTION ( 'NONE',  ( -0.000000000000000000, -0.000000000000000000, -1.000000000000000000 ) ) ;
#2904 = DIRECTION ( 'NONE',  ( -1.224646799147353454E-16, 0.000000000000000000, -1.000000000000000000 ) ) ;
#2905 = CARTESIAN_POINT ( 'NONE',  ( 4.191353670081815021E-15, 51.00000000000000711, 33.89999999999999147 ) ) ;
#2906 = CARTESIAN_POINT ( 'NONE',  ( 36.21353392551076666, 71.62044680797413321, 7.500000000000000000 ) ) ;
#2907 = EDGE_CURVE ( 'NONE', #803, #1883, #1694, .T. ) ;
#2908 = VERTEX_POINT ( 'NONE', #2586 ) ;
#2909 = CARTESIAN_POINT ( 'NONE',  ( 0.000000000000000000, 25.50000000000000355, -31.94999999999999929 ) ) ;
#2910 = EDGE_CURVE ( 'NONE', #321, #1827, #341, .T. ) ;
#2911 = DIRECTION ( 'NONE',  ( 0.000000000000000000, -1.000000000000000000, 0.000000000000000000 ) ) ;
#2912 = EDGE_LOOP ( 'NONE', ( #1651, #269 ) ) ;
#2913 = ORIENTED_EDGE ( 'NONE', *, *, #2725, .F. ) ;
#2914 = LINE ( 'NONE', #1773, #2243 ) ;
#2915 = CARTESIAN_POINT ( 'NONE',  ( 3.338379972307205579E-15, 2.520677711606689186, 19.11532823379668855 ) ) ;
#2916 = VERTEX_POINT ( 'NONE', #79 ) ;
#2917 = CARTESIAN_POINT ( 'NONE',  ( 9.797174393178825657E-16, 0.5000000000000004441, 8.000000000000000000 ) ) ;
#2918 = PRODUCT_CONTEXT ( 'NONE', #829, 'mechanical' ) ;
#2919 = CARTESIAN_POINT ( 'NONE',  ( 32.46866776178573133, 12.90534962862148838, -1.232440671325169212 ) ) ;
#2920 = FACE_OUTER_BOUND ( 'NONE', #1311, .T. ) ;
#2921 = CIRCLE ( 'NONE', #2006, 7.500000000000021316 ) ;
#2922 = ORIENTED_EDGE ( 'NONE', *, *, #244, .F. ) ;
#2923 = DIRECTION ( 'NONE',  ( 0.000000000000000000, 1.000000000000000000, 0.000000000000000000 ) ) ;
#2924 = AXIS2_PLACEMENT_3D ( 'NONE', #1325, #1337, #1312 ) ;
#2925 = ORIENTED_EDGE ( 'NONE', *, *, #2907, .T. ) ;
#2926 = EDGE_CURVE ( 'NONE', #540, #1125, #505, .T. ) ;
#2927 = ORIENTED_EDGE ( 'NONE', *, *, #723, .F. ) ;
#2928 = CARTESIAN_POINT ( 'NONE',  ( 8.581783089165008851E-17, 0.000000000000000000, 7.500000000000021316 ) ) ;
#2929 = DIRECTION ( 'NONE',  ( 0.000000000000000000, 0.000000000000000000, -1.000000000000000000 ) ) ;
#2930 = ORIENTED_EDGE ( 'NONE', *, *, #2926, .T. ) ;
#2931 = APPLICATION_CONTEXT ( 'automotive_design' ) ;
#2932 = CIRCLE ( 'NONE', #2744, 35.33473175808392597 ) ;
#2933 = CARTESIAN_POINT ( 'NONE',  ( 32.39530884920371534, 12.88569316723751079, -2.495719571397275516 ) ) ;
#2934 = CIRCLE ( 'NONE', #81, 35.40455414586600114 ) ;
#2935 = DIRECTION ( 'NONE',  ( 0.000000000000000000, 0.000000000000000000, -1.000000000000000000 ) ) ;
#2936 = VECTOR ( 'NONE', #398, 1000.000000000000000 ) ;
#2937 = AXIS2_PLACEMENT_3D ( 'NONE', #2598, #2178, #1457 ) ;
#2938 = ORIENTED_EDGE ( 'NONE', *, *, #2506, .T. ) ;
#2939 = LINE ( 'NONE', #2035, #84 ) ;
#2940 = AXIS2_PLACEMENT_3D ( 'NONE', #2742, #1764, #1098 ) ;
#2941 =( NAMED_UNIT ( * ) PLANE_ANGLE_UNIT ( ) SI_UNIT ( $, .RADIAN. ) );
#2942 = ORIENTED_EDGE ( 'NONE', *, *, #1083, .F. ) ;
#2943 = EDGE_LOOP ( 'NONE', ( #357, #745 ) ) ;
#2944 = CARTESIAN_POINT ( 'NONE',  ( -2.949595446082918255E-19, 4.000000000000003553, 0.000000000000000000 ) ) ;
#2945 = EDGE_CURVE ( 'NONE', #1388, #809, #524, .T. ) ;
#2946 = DIRECTION ( 'NONE',  ( 0.000000000000000000, 0.000000000000000000, -1.000000000000000000 ) ) ;
#2947 = LINE ( 'NONE', #1966, #2749 ) ;
#2948 = ORIENTED_EDGE ( 'NONE', *, *, #2783, .T. ) ;
#2949 =( NAMED_UNIT ( * ) SI_UNIT ( $, .STERADIAN. ) SOLID_ANGLE_UNIT ( ) );
#2950 = ORIENTED_EDGE ( 'NONE', *, *, #974, .F. ) ;
#2951 = VERTEX_POINT ( 'NONE', #590 ) ;
#2952 = DIRECTION ( 'NONE',  ( 0.000000000000000000, 0.000000000000000000, -1.000000000000000000 ) ) ;
#2953 = CARTESIAN_POINT ( 'NONE',  ( 3.713741418414348574E-15, 0.000000000000000000, 30.00000000000000000 ) ) ;
#2954 = CYLINDRICAL_SURFACE ( 'NONE', #2359, 22.00000000000000711 ) ;
#2955 = FACE_OUTER_BOUND ( 'NONE', #1581, .T. ) ;
#2956 = SHAPE_REPRESENTATION_RELATIONSHIP ( 'NONE' , 'NONE' ,  #1724, #496 ) ;
#2957 = ORIENTED_EDGE ( 'NONE', *, *, #2967, .T. ) ;
#2958 = ORIENTED_EDGE ( 'NONE', *, *, #636, .F. ) ;
#2959 = DIRECTION ( 'NONE',  ( -7.373988615207289619E-20, 1.000000000000000000, 0.000000000000000000 ) ) ;
#2960 = CARTESIAN_POINT ( 'NONE',  ( 36.00909081751069607, 69.08614964104012302, -1.464932456378687853 ) ) ;
#2961 = EDGE_CURVE ( 'NONE', #2245, #632, #2874, .T. ) ;
#2962 = CARTESIAN_POINT ( 'NONE',  ( 8.000000000000017764, 0.1000000000000028644, -5.339643843692361508E-15 ) ) ;
#2963 = ORIENTED_EDGE ( 'NONE', *, *, #394, .T. ) ;
#2964 = SHAPE_DEFINITION_REPRESENTATION ( #49, #2556 ) ;
#2965 = ORIENTED_EDGE ( 'NONE', *, *, #1156, .T. ) ;
#2966 = CARTESIAN_POINT ( 'NONE',  ( 0.000000000000000000, 64.15457492509398207, 0.000000000000000000 ) ) ;
#2967 = EDGE_CURVE ( 'NONE', #1069, #1154, #571, .T. ) ;
#2968 = CARTESIAN_POINT ( 'NONE',  ( 0.000000000000000000, 0.5000000000000004441, 0.000000000000000000 ) ) ;
#2969 = ORIENTED_EDGE ( 'NONE', *, *, #2798, .T. ) ;
#2970 = CARTESIAN_POINT ( 'NONE',  ( 65.07633995041808816, 65.23752026367307622, -7.500000000000000000 ) ) ;
#2971 = CIRCLE ( 'NONE', #2246, 6.806041666666682310 ) ;
#2972 = PRESENTATION_STYLE_ASSIGNMENT (( #898 ) ) ;
#2973 = VERTEX_POINT ( 'NONE', #304 ) ;
#2974 = AXIS2_PLACEMENT_3D ( 'NONE', #797, #1260, #2635 ) ;
#2975 = EDGE_LOOP ( 'NONE', ( #1734, #1287, #698, #617 ) ) ;
#2976 = VECTOR ( 'NONE', #2172, 1000.000000000000114 ) ;
#2977 = DIRECTION ( 'NONE',  ( -0.000000000000000000, -1.000000000000000000, -0.000000000000000000 ) ) ;
#2978 = CARTESIAN_POINT ( 'NONE',  ( -2.500000000000003997, 0.000000000000000000, 7.599342076785342570 ) ) ;
#2979 = CARTESIAN_POINT ( 'NONE',  ( 0.000000000000000000, 0.000000000000000000, 0.000000000000000000 ) ) ;
#2980 = ORIENTED_EDGE ( 'NONE', *, *, #2022, .T. ) ;
#2981 =( NAMED_UNIT ( * ) SI_UNIT ( $, .STERADIAN. ) SOLID_ANGLE_UNIT ( ) );
#2982 = EDGE_CURVE ( 'NONE', #2613, #1278, #2200, .T. ) ;
#2983 = DIRECTION ( 'NONE',  ( -0.000000000000000000, -0.000000000000000000, -1.000000000000000000 ) ) ;
#2984 = CARTESIAN_POINT ( 'NONE',  ( 35.75340232479426561, 75.23679963192498121, -7.500000000000000000 ) ) ;
#2985 = AXIS2_PLACEMENT_3D ( 'NONE', #1889, #2807, #2575 ) ;
#2986 = EDGE_CURVE ( 'NONE', #1667, #171, #1768, .T. ) ;
#2987 = AXIS2_PLACEMENT_3D ( 'NONE', #1982, #133, #637 ) ;
#2988 = ORIENTED_EDGE ( 'NONE', *, *, #1675, .F. ) ;
#2989 = DIRECTION ( 'NONE',  ( -1.224646799147353454E-16, 0.000000000000000000, -1.000000000000000000 ) ) ;
#2990 = EDGE_LOOP ( 'NONE', ( #2819, #2289, #1844, #899 ) ) ;
#2991 = NEXT_ASSEMBLY_USAGE_OCCURRENCE ( 'NAUO1', ' ', ' ', #779, #1945, $ ) ;
#2992 = NEXT_ASSEMBLY_USAGE_OCCURRENCE ( 'NAUO2', ' ', ' ', #779, #2886, $ ) ;
#2993 = NEXT_ASSEMBLY_USAGE_OCCURRENCE ( 'NAUO3', ' ', ' ', #779, #2121, $ ) ;
ENDSEC;
END-ISO-10303-21;
